id_cliente,tipo_cliente,localidad,id_plan,fecha_alta,fecha_baja,motivo_baja,canal_alta,email,telefono
C1001,Residencial,Mar de Ostende,P01,2021-08-22,,,Vendedor,cliente0@telpin.com.ar,2254432743
C1002,Residencial,Mar de Ostende,P01,2020-07-21,,,Sucursal,cliente1@hotmail.com,02254-402084
C1003,Residencial,Cariló,P02,2019-04-23,,,Sucursal,cliente2@hotmail.com,+54 2254 431921
C1004,Residencial,Pinamar,P02,2023-05-19,,,Sucursal,cliente3@telpin.com.ar,+54 2254 475944
C1005,Residencial,Pinamar,P01,2021-10-14,,,Sucursal,cliente4@gmail.com,+54 2254 487082
C1006,Residencial,Valeria del Mar,P01,2022-09-28,,,Web,cliente5@telpin.com.ar,2254452812
C1007,Residencial,Pinamar,P01,2020-09-20,2025-12-16,Disconformidad con el servicio,Web,cliente6@gmail.com,2254463891
C1008,residencial,Valeria del Mar,P03,2021-12-17,,,Vendedor,cliente7@gmail.com,2254428981
C1009,Residencial,Ostende,P03,2021-04-01,2025-04-08,Disconformidad con el servicio,Web,cliente8@yahoo.com.ar,+54 2254 495863
C1010,Residencial,General Madariaga,P03,2023-12-11,2024-10-11,Disconformidad con el servicio,Sucursal,cliente9@gmail.com,2254454156
C1011,Residencial,Mar de Ostende,P01,2022-07-26,,,Telefónico,cliente10@telpin.com.ar,+54 2254 489394
C1012,Residencial,Valeria del Mar,P01,2021-10-14,,,Sucursal,cliente11@gmail.com,2254443240
C1013,Residencial,General Madariaga,P02,2023-09-29,,,Telefónico,cliente12@hotmail.com,02254-474340
C1014,Residencial,Ostende,P02,2020-05-25,2024-12-24,Precio,Web,cliente13@telpin.com.ar,02254-414288
C1015,RESIDENCIAL,Mar de Ostende,P02,2022-06-18,,,Telefónico,cliente14@gmail.com,02254-403516
C1016,Residencial,Pinamar,P02,2022-12-30,,,Vendedor,cliente15@gmail.com,2254486971
C1017,Residencial,General Madariaga,P01,2022-06-27,,,Web,cliente16@yahoo.com.ar,
C1018,Residencial,Pinamar,P03,2022-06-04,,,Web,cliente17@hotmail.com,02254-440885
C1019,Residencial,Mar de Ostende,P01,2023-11-20,,,Vendedor,cliente18@telpin.com.ar,02254-400523
C1020,Residencial,Pinamar,P01,2022-03-25,,,Telefónico,cliente19@hotmail.com,2254412528
C1021,Residencial,CARILÓ,P01,2023-06-13,,,Referido,cliente20@yahoo.com.ar,+54 2254 409800
C1022,Comercial,General Madariaga,P06,2018-12-12,,,Telefónico,cliente21@gmail.com,02254-426065
C1023,Residencial,Cariló,P03,2017-01-14,,,Sucursal,cliente22@yahoo.com.ar,+54 2254 471964
C1024,Residencial,Valeria del Mar,P02,2023-08-19,,,Telefónico,cliente23@hotmail.com,+54 2254 436592
C1025,Comercial,Pinamar,P06,2023-08-31,,,Sucursal,cliente24@hotmail.com,2254425086
C1026,Comercial,Pinamar,P06,2021-05-13,,,Sucursal,cliente25@gmail.com,02254-455208
C1027,Residencial,Ostende,P04,2021-12-08,,,Sucursal,cliente26@gmail.com,02254-473380
C1028,COMERCIAL,Ostende,P05,2023-04-28,,,Sucursal,cliente27@hotmail.com,2254474745
C1029,Residencial,Cariló,P03,2023-09-04,2026-05-01,Fin de temporada,Web,cliente28@hotmail.com,02254-412022
C1030,Residencial,Pinamar,P02,2021-11-23,2025-10-27,Se muda,Sucursal,cliente29@gmail.com,+54 2254 461177
C1031,Residencial,General Madariaga,P02,2023-08-16,,,Sucursal,cliente30@hotmail.com,+54 2254 440967
C1032,Residencial,Pinamar,P01,2022-09-15,,,Telefónico,cliente31@gmail.com,2254428167
C1033,Residencial,Pinamar,P04,2020-09-02,,,Telefónico,cliente32@hotmail.com,+54 2254 417370
C1034,RESIDENCIAL,Valeria del Mar,P02,2023-10-08,,,Web,,
C1035,Residencial,Pinamar,P02,2021-01-04,,,Vendedor,cliente34@hotmail.com,+54 2254 429036
C1036,Residencial,Pinamar,P01,2021-09-16,,,Referido,cliente35@gmail.com,+54 2254 423218
C1037,Residencial,Ostende,P05,2023-05-22,,,Telefónico,cliente36@telpin.com.ar,02254-498069
C1038,Comercial,Valeria del Mar,P06,2024-03-31,,,Vendedor,cliente37@gmail.com,+54 2254 422749
C1039,Residencial,Pinamar,P04,2021-03-01,2025-10-25,Se muda,Sucursal,cliente38@gmail.com,+54 2254 405479
C1040,Residencial,Pinamar,P03,2021-10-16,,,Sucursal,cliente39@telpin.com.ar,+54 2254 463848
C1041,Residencial,Cariló,P04,2020-06-02,,,Vendedor,,02254-406580
C1042,Residencial,Ostende,P03,2022-05-05,2026-05-25,Competencia,Vendedor,cliente41@hotmail.com,
C1043,Comercial,Valeria del Mar,P06,2020-06-26,,,Sucursal,cliente42@hotmail.com,+54 2254 497846
C1044,Residencial,Ostende,P03,2023-01-15,2024-08-07,Se muda,Telefónico,cliente43@gmail.com,+54 2254 429621
C1045,Residencial,General Madariaga,P02,2019-10-08,2025-01-23,Precio,Web,cliente44@telpin.com.ar,02254-441704
C1046,Residencial,Valeria del Mar,P02,2019-09-29,,,Sucursal,cliente45@telpin.com.ar,+54 2254 496428
C1047,Residencial,Valeria del Mar,P03,2016-10-19,,,Telefónico,cliente46@hotmail.com,+54 2254 461181
C1048,Residencial,Ostende,P04,2022-03-18,,,Referido,cliente47@hotmail.com,2254491976
C1049,Comercial,Pinamar,P05,2023-06-03,,,Sucursal,cliente48@telpin.com.ar,
C1050,Residencial,Mar de Ostende,P02,2024-03-02,2025-03-21,Fin de temporada,Telefónico,,02254-435064
C1051,Residencial,Valeria del Mar,P02,2021-05-13,,,Sucursal,cliente50@hotmail.com,2254471460
C1052,Residencial,Valeria del Mar,P05,2020-03-28,2024-10-02,Fin de temporada,Web,cliente51@gmail.com,2254476379
C1053,Residencial,pinamar,P01,2018-03-10,2024-11-21,Precio,Sucursal,cliente52@gmail.com,2254499856
C1054,Residencial,mar de ostende,P03,2023-05-08,2025-08-02,Disconformidad con el servicio,Vendedor,cliente53@gmail.com,2254434430
C1055,Residencial,Cariló,P02,2021-06-21,,,Telefónico,cliente54@telpin.com.ar,+54 2254 464050
C1056,Residencial,Pinamar,P01,2021-07-30,,,Sucursal,,+54 2254 410522
C1057,Residencial,Cariló,P05,2022-05-04,,,Web,cliente56@gmail.com,2254493016
C1058,Residencial,Ostende,P03,2020-09-17,,,Referido,cliente57@yahoo.com.ar,02254-452368
C1059,Residencial,Pinamar,P02,2022-11-22,,,Referido,cliente58@gmail.com,+54 2254 429413
C1060,Residencial,Cariló,P04,2019-02-23,,,Web,cliente59@yahoo.com.ar,2254402754
C1061,Residencial,Cariló,P01,2021-05-04,,,Telefónico,cliente60@yahoo.com.ar,2254437297
C1062,Residencial,Mar de Ostende,P01,2021-04-14,,,Sucursal,cliente61@hotmail.com,02254-465960
C1063,Comercial,pinamar,P06,2022-09-10,,,Telefónico,,+54 2254 422432
C1064,residencial,Mar de Ostende,P01,2024-02-12,2026-06-28,Falta de pago,Sucursal,,+54 2254 451000
C1065,Residencial,General Madariaga,P02,2019-05-04,,,Sucursal,cliente64@hotmail.com,+54 2254 407956
C1066,Residencial,valeria del mar,P02,2023-01-10,,,Sucursal,cliente65@hotmail.com,2254438179
C1067,Residencial,Ostende,P05,2021-06-19,,,Telefónico,cliente66@gmail.com,2254494984
C1068,Residencial,OSTENDE,P01,2022-12-10,,,Referido,cliente67@gmail.com,02254-429116
C1069,Comercial,Pinamar,P06,2023-06-27,,,Web,cliente68@gmail.com,+54 2254 493607
C1070,Comercial,Pinamar,P05,2022-08-04,,,Sucursal,cliente69@hotmail.com,02254-466187
C1071,Residencial,Pinamar,P01,2022-10-15,,,Web,cliente70@telpin.com.ar,02254-427730
C1072,Residencial,Cariló,P01,2023-09-14,,,Referido,cliente71@telpin.com.ar,02254-402414
C1073,RESIDENCIAL,VALERIA DEL MAR,P04,2024-05-02,2026-04-18,Falta de pago,Vendedor,cliente72@gmail.com,02254-420363
C1074,Residencial,Ostende,P05,2022-03-15,2025-05-22,Precio,Web,cliente73@gmail.com,02254-455772
C1075,Comercial,Pinamar,P06,2019-03-23,,,Sucursal,cliente74@hotmail.com,02254-421378
C1076,Residencial,Mar de Ostende,P01,2017-08-07,,,Telefónico,cliente75@telpin.com.ar,02254-426108
C1077,Residencial,Valeria del Mar,P04,2022-05-12,,,Web,cliente76@hotmail.com,+54 2254 464259
C1078,Comercial,mar de ostende,P06,2021-03-12,,,Sucursal,cliente77@hotmail.com,
C1079,Residencial,Cariló,P03,2021-07-22,,,Web,cliente78@hotmail.com,2254492799
C1080,Residencial,Mar de Ostende,P03,2023-01-01,,,Referido,cliente79@telpin.com.ar,2254491991
C1081,Residencial,Pinamar,P03,2024-03-08,,,Vendedor,cliente80@gmail.com,02254-448853
C1082,Residencial,Pinamar,P03,2023-04-24,,,Sucursal,cliente81@hotmail.com,2254410490
C1083,Residencial,Valeria del Mar,P02,2021-12-25,,,Referido,cliente82@hotmail.com,+54 2254 477857
C1084,Residencial,Valeria del Mar,P05,2022-03-13,,,Sucursal,,2254498893
C1085,Residencial,Ostende,P01,2023-11-13,2026-02-01,Sin motivo declarado,Web,cliente84@hotmail.com,
C1086,Residencial,Cariló,P04,2022-03-30,2025-07-28,Disconformidad con el servicio,Referido,cliente85@yahoo.com.ar,+54 2254 461155
C1087,Residencial,Mar de Ostende,P02,2022-11-26,,,Sucursal,cliente86@gmail.com,2254462524
C1088,Residencial,Ostende,P03,2021-04-07,,,Sucursal,cliente87@gmail.com,+54 2254 426055
C1089,Residencial,Pinamar,P02,2022-02-04,2025-05-07,Se muda,Sucursal,cliente88@hotmail.com,
C1090,Residencial,Pinamar,P04,2018-11-12,,,Vendedor,cliente89@gmail.com,2254402709
C1091,Residencial,Pinamar,P02,2022-08-10,,,Referido,cliente90@hotmail.com,
C1092,Residencial,Mar de Ostende,P03,2020-02-15,,,Web,cliente91@gmail.com,2254447774
C1093,comercial,Pinamar,P06,2021-04-29,,,Vendedor,cliente92@gmail.com,2254450055
C1094,Comercial,Valeria del Mar,P05,2021-12-25,,,Sucursal,cliente93@gmail.com,02254-481491
C1095,residencial,General Madariaga,P03,2022-05-28,2026-03-04,Competencia,Web,,02254-426024
C1096,Residencial,Valeria del Mar,P01,2023-12-31,,,Referido,cliente95@gmail.com,02254-435110
C1097,Residencial,Ostende,P03,2017-05-09,2026-05-23,Disconformidad con el servicio,Web,cliente96@gmail.com,02254-440888
C1098,Comercial,Pinamar,P06,2022-11-17,,,Telefónico,cliente97@hotmail.com,
C1099,Residencial,Pinamar,P01,2022-12-30,,,Sucursal,cliente98@hotmail.com,
C1100,Residencial,CARILÓ,P03,2021-06-02,,,Telefónico,cliente99@gmail.com,02254-460717
C1101,Residencial,MAR DE OSTENDE,P02,2021-04-02,,,Vendedor,cliente100@hotmail.com,+54 2254 413038
C1102,Residencial,Mar de Ostende,P04,2023-04-28,,,Vendedor,cliente101@telpin.com.ar,+54 2254 494265
C1103,Residencial,Pinamar,P03,2018-07-04,,,Web,cliente102@hotmail.com,02254-433731
C1104,Residencial,Cariló,P01,2022-04-29,,,Sucursal,cliente103@gmail.com,2254477625
C1105,Residencial,General Madariaga,P01,2019-01-03,,,Sucursal,cliente104@telpin.com.ar,02254-441965
C1106,Residencial,Pinamar,P02,2023-11-28,,,Web,cliente105@gmail.com,
C1107,Residencial,Cariló,P02,2022-05-04,,,Web,cliente106@telpin.com.ar,
C1108,Residencial,Ostende,P03,2023-11-17,,,Vendedor,cliente107@telpin.com.ar,+54 2254 499604
C1109,Comercial,Ostende,P06,2019-07-29,,,Sucursal,cliente108@gmail.com,+54 2254 481546
C1110,Residencial,Pinamar,P04,2017-06-10,2025-03-30,Competencia,Web,cliente109@telpin.com.ar,2254494654
C1111,Residencial,Ostende,P02,2022-02-10,,,Web,cliente110@gmail.com,
C1112,Residencial,Pinamar,P02,2021-04-12,,,Referido,cliente111@gmail.com,+54 2254 499337
C1113,RESIDENCIAL,Mar de Ostende,P01,2022-03-21,,,Sucursal,cliente112@gmail.com,
C1114,Residencial,Pinamar,P02,2017-04-29,,,Sucursal,,02254-461462
C1115,Residencial,Ostende,P02,2021-12-12,,,Telefónico,cliente114@gmail.com,
C1116,RESIDENCIAL,Mar de Ostende,P02,2021-07-06,,,Sucursal,cliente115@gmail.com,+54 2254 439611
C1117,Residencial,Pinamar,P01,2018-06-18,2026-03-02,Competencia,Sucursal,,+54 2254 462833
C1118,RESIDENCIAL,Valeria del Mar,P04,2015-05-07,,,Sucursal,cliente117@hotmail.com,+54 2254 459047
C1119,Residencial,Cariló,P05,2018-12-27,,,Web,,02254-492909
C1120,Residencial,Ostende,P05,2023-01-23,,,Web,cliente119@gmail.com,02254-451510
C1121,Residencial,Mar de Ostende,P02,2020-12-11,2026-01-08,Sin motivo declarado,Web,cliente120@telpin.com.ar,02254-407126
C1122,Residencial,Valeria del Mar,P03,2024-01-07,,,Sucursal,,
C1123,residencial,Pinamar,P03,2019-12-17,,,Sucursal,cliente122@hotmail.com,02254-496340
C1124,Residencial,pinamar,P02,2018-04-14,,,Sucursal,cliente123@gmail.com,+54 2254 469370
C1125,Residencial,Ostende,P01,2019-05-25,,,Vendedor,cliente124@hotmail.com,2254410817
C1126,Residencial,Cariló,P02,2021-11-28,,,Referido,cliente125@gmail.com,+54 2254 447065
C1127,Residencial,Ostende,P05,2024-04-11,,,Telefónico,cliente126@gmail.com,02254-426239
C1128,Residencial,Pinamar,P04,2020-06-25,2026-02-18,Se muda,Sucursal,cliente127@gmail.com,
C1129,COMERCIAL,Valeria del Mar,P06,2023-01-28,,,Web,cliente128@telpin.com.ar,02254-438600
C1130,Residencial,Ostende,P05,2023-08-23,,,Sucursal,cliente129@hotmail.com,2254460357
C1131,Residencial,Ostende,P05,2021-05-18,,,Sucursal,cliente130@hotmail.com,2254499916
C1132,Comercial,Pinamar,P05,2021-01-28,,,Sucursal,cliente131@hotmail.com,+54 2254 468394
C1133,Residencial,General Madariaga,P01,2022-10-29,,,Sucursal,cliente132@gmail.com,2254498026
C1134,Residencial,Pinamar,P02,2021-06-06,,,Web,cliente133@hotmail.com,02254-496293
C1135,Residencial,Pinamar,P01,2022-09-27,,,Sucursal,cliente134@gmail.com,02254-444894
C1136,residencial,pinamar,P01,2023-01-20,,,Web,cliente135@hotmail.com,
C1137,Residencial,Pinamar,P04,2022-07-25,,,Web,cliente136@gmail.com,02254-420964
C1138,Comercial,Pinamar,P06,2024-01-09,,,Web,cliente137@hotmail.com,02254-457536
C1139,Residencial,Valeria del Mar,P02,2021-06-17,2024-09-04,Fin de temporada,Telefónico,cliente138@gmail.com,2254489669
C1140,Residencial,Ostende,P05,2024-01-24,,,Web,cliente139@yahoo.com.ar,02254-481857
C1141,Residencial,Pinamar,P02,2018-08-14,2025-01-01,Competencia,Referido,cliente140@yahoo.com.ar,
C1142,Residencial,Valeria del Mar,P03,2022-11-07,,,Telefónico,cliente141@gmail.com,2254451268
C1143,Residencial,Cariló,P01,2019-12-28,2025-05-31,Falta de pago,Sucursal,cliente142@telpin.com.ar,+54 2254 496661
C1144,Residencial,GENERAL MADARIAGA,P01,2022-07-01,2025-10-25,Competencia,Sucursal,cliente143@gmail.com,02254-414409
C1145,Residencial,Ostende,P02,2023-05-17,,,Sucursal,cliente144@telpin.com.ar,2254444833
C1146,RESIDENCIAL,Cariló,P02,2023-09-02,2026-05-16,Competencia,Sucursal,cliente145@hotmail.com,2254443852
C1147,Residencial,Pinamar,P01,2024-04-15,,,Web,cliente146@yahoo.com.ar,02254-461767
C1148,Residencial,Valeria del Mar,P05,2023-04-08,2025-12-11,Sin motivo declarado,Referido,,2254448468
C1149,Residencial,Ostende,P02,2022-07-05,2026-01-21,Disconformidad con el servicio,Telefónico,cliente148@gmail.com,02254-426885
C1150,Residencial,Pinamar,P02,2018-05-10,,,Telefónico,cliente149@gmail.com,02254-464165
C1151,Residencial,Pinamar,P02,2021-06-13,,,Vendedor,cliente150@hotmail.com,
C1152,Residencial,Pinamar,P04,2022-06-21,,,Sucursal,cliente151@hotmail.com,+54 2254 426670
C1153,Residencial,Cariló,P02,2024-01-13,,,Sucursal,cliente152@hotmail.com,02254-487723
C1154,Comercial,Cariló,P06,2019-05-29,2024-12-30,Sin motivo declarado,Vendedor,cliente153@gmail.com,+54 2254 416359
C1155,Residencial,Valeria del Mar,P05,2023-11-25,2025-08-16,Competencia,Web,cliente154@hotmail.com,2254401398
C1156,Residencial,Pinamar,P02,2019-07-30,,,Sucursal,cliente155@gmail.com,
C1157,Residencial,Pinamar,P02,2022-08-22,,,Sucursal,cliente156@gmail.com,2254435427
C1158,Residencial,Pinamar,P04,2022-02-20,,,Vendedor,cliente157@gmail.com,02254-452055
C1159,Residencial,Pinamar,P05,2023-05-26,,,Telefónico,cliente158@gmail.com,+54 2254 421206
C1160,Comercial,Pinamar,P06,2021-03-18,,,Web,cliente159@gmail.com,02254-402248
C1161,Residencial,cariló,P02,2023-01-02,2026-06-13,Fin de temporada,Vendedor,cliente160@gmail.com,2254441434
C1162,RESIDENCIAL,Ostende,P01,2023-09-01,,,Web,cliente161@hotmail.com,2254464516
C1163,Residencial,Pinamar,P02,2024-01-16,,,Telefónico,cliente162@gmail.com,2254490283
C1164,Comercial,Ostende,P06,2023-08-06,2024-09-28,Disconformidad con el servicio,Vendedor,cliente163@gmail.com,02254-485314
C1165,Residencial,Cariló,P01,2024-01-10,2024-10-05,Se muda,Vendedor,cliente164@gmail.com,+54 2254 498784
C1166,Residencial,CARILÓ,P02,2022-12-27,,,Telefónico,cliente165@hotmail.com,2254416302
C1167,Residencial,General Madariaga,P04,2020-11-21,,,Sucursal,cliente166@hotmail.com,02254-487264
C1168,Residencial,Pinamar,P04,2023-03-16,,,Telefónico,cliente167@telpin.com.ar,2254425590
C1169,Residencial,Ostende,P02,2022-07-31,,,Sucursal,cliente168@telpin.com.ar,2254466047
C1170,Residencial,Valeria del Mar,P01,2021-03-16,,,Sucursal,cliente169@gmail.com,02254-410332
C1171,Residencial,Valeria del Mar,P03,2023-01-31,,,Sucursal,cliente170@hotmail.com,+54 2254 437052
C1172,Residencial,Pinamar,P02,2023-08-15,,,Vendedor,,02254-487583
C1173,RESIDENCIAL,OSTENDE,P03,2019-08-14,,,Vendedor,cliente172@gmail.com,02254-420279
C1174,Residencial,General Madariaga,P01,2020-10-11,,,Sucursal,cliente173@telpin.com.ar,2254452294
C1175,Residencial,Valeria del Mar,P05,2024-03-06,2025-03-30,Fin de temporada,Telefónico,cliente174@gmail.com,2254467262
C1176,Residencial,Mar de Ostende,P01,2022-03-23,2025-03-09,Fin de temporada,Sucursal,,2254417568
C1177,Residencial,Mar de Ostende,P01,2021-04-03,,,Vendedor,cliente176@hotmail.com,+54 2254 401859
C1178,Residencial,Pinamar,P02,2022-08-07,,,Telefónico,cliente177@telpin.com.ar,+54 2254 420325
C1179,residencial,Pinamar,P04,2023-06-22,,,Web,cliente178@hotmail.com,+54 2254 495921
C1180,Residencial,Valeria del Mar,P01,2020-11-03,2026-03-10,Fin de temporada,Telefónico,cliente179@hotmail.com,2254468576
C1181,Residencial,Pinamar,P04,2020-11-08,,,Sucursal,,02254-404562
C1182,Residencial,Cariló,P05,2020-04-22,,,Sucursal,cliente181@telpin.com.ar,+54 2254 474356
C1183,Residencial,Pinamar,P03,2018-09-03,,,Telefónico,cliente182@yahoo.com.ar,+54 2254 489976
C1184,comercial,Pinamar,P06,2023-05-06,,,Web,cliente183@hotmail.com,02254-418763
C1185,Residencial,Pinamar,P05,2019-10-04,,,Sucursal,cliente184@gmail.com,02254-434730
C1186,Residencial,mar de ostende,P03,2021-03-13,,,Telefónico,,2254411178
C1187,residencial,Ostende,P05,2024-03-18,2025-11-23,Sin motivo declarado,Vendedor,cliente186@gmail.com,2254459606
C1188,Residencial,Pinamar,P02,2023-06-07,,,Vendedor,cliente187@hotmail.com,+54 2254 437356
C1189,Residencial,Valeria del Mar,P01,2022-10-30,,,Vendedor,cliente188@hotmail.com,2254485556
C1190,Residencial,General Madariaga,P01,2023-08-06,,,Referido,cliente189@telpin.com.ar,+54 2254 429720
C1191,Residencial,Pinamar,P02,2021-04-02,,,Web,cliente190@gmail.com,02254-411417
C1192,Residencial,Pinamar,P02,2020-07-28,,,Web,cliente191@hotmail.com,02254-493765
C1193,Residencial,Pinamar,P01,2022-09-12,,,Vendedor,,+54 2254 456472
C1194,Residencial,Valeria del Mar,P05,2021-06-16,,,Web,cliente193@hotmail.com,02254-475082
C1195,Residencial,Mar de Ostende,P02,2022-05-21,,,Web,cliente194@gmail.com,02254-490524
C1196,Residencial,GENERAL MADARIAGA,P05,2023-03-15,,,Sucursal,cliente195@gmail.com,2254458774
C1197,Residencial,Ostende,P01,2024-06-03,,,Sucursal,cliente196@hotmail.com,+54 2254 405838
C1198,Residencial,Pinamar,P02,2019-12-20,,,Telefónico,cliente197@gmail.com,2254440219
C1199,Comercial,Pinamar,P06,2021-03-23,,,Sucursal,cliente198@yahoo.com.ar,
C1200,Residencial,  General Madariaga ,P01,2023-02-17,2025-10-08,Precio,Web,cliente199@gmail.com,02254-409622
C1201,Comercial,Pinamar,P06,2021-02-24,,,Sucursal,cliente200@gmail.com,+54 2254 415632
C1202,COMERCIAL,Pinamar,P06,2024-04-21,2026-05-13,Precio,Vendedor,cliente201@telpin.com.ar,+54 2254 401270
C1203,Residencial,Cariló,P04,2023-03-01,2026-04-05,Sin motivo declarado,Vendedor,cliente202@gmail.com,02254-411549
C1204,Residencial,Pinamar,P01,2018-04-06,,,Vendedor,cliente203@telpin.com.ar,02254-417021
C1205,Residencial,Pinamar,P02,2021-10-29,,,Web,cliente204@yahoo.com.ar,02254-470612
C1206,Residencial,Ostende,P01,2020-07-25,,,Web,cliente205@telpin.com.ar,02254-477131
C1207,Residencial,General Madariaga,P05,2019-10-07,,,Vendedor,cliente206@gmail.com,+54 2254 403053
C1208,Comercial,General Madariaga,P06,2019-03-13,,,Telefónico,cliente207@gmail.com,2254430836
C1209,Comercial,VALERIA DEL MAR,P05,2021-12-27,,,Referido,,+54 2254 499746
C1210,Residencial,Pinamar,P02,2023-04-20,,,Vendedor,cliente209@yahoo.com.ar,+54 2254 442833
C1211,Residencial,Ostende,P01,2023-02-23,,,Referido,cliente210@hotmail.com,02254-439734
C1212,comercial,valeria del mar,P05,2022-10-27,,,Vendedor,cliente211@hotmail.com,+54 2254 480230
C1213,Residencial,Pinamar,P01,2021-02-08,,,Web,cliente212@gmail.com,02254-404667
C1214,Residencial,Cariló,P03,2023-05-19,,,Web,cliente213@gmail.com,02254-456412
C1215,Comercial,Ostende,P06,2020-07-09,,,Sucursal,,+54 2254 467252
C1216,RESIDENCIAL,Cariló,P04,2022-01-20,,,Telefónico,cliente215@yahoo.com.ar,
C1217,Residencial,Cariló,P01,2023-08-24,,,Vendedor,cliente216@gmail.com,02254-492242
C1218,Comercial,Pinamar,P06,2023-11-27,,,Sucursal,cliente217@gmail.com,2254421083
C1219,RESIDENCIAL,Ostende,P02,2020-10-22,2025-01-27,Falta de pago,Web,cliente218@gmail.com,+54 2254 438619
C1220,RESIDENCIAL,Pinamar,P01,2021-12-20,,,Vendedor,cliente219@gmail.com,+54 2254 411707
C1221,Residencial,Pinamar,P02,2021-12-28,,,Web,cliente220@hotmail.com,02254-473864
C1222,Residencial,Mar de Ostende,P02,2021-04-24,,,Sucursal,cliente221@gmail.com,+54 2254 419559
C1223,Comercial,Mar de Ostende,P06,2020-02-27,,,Sucursal,cliente222@gmail.com,+54 2254 422259
C1224,Residencial,Ostende,P01,2022-12-27,2025-09-14,Se muda,Vendedor,cliente223@gmail.com,02254-476601
C1225,Residencial,Ostende,P02,2021-07-06,,,Web,,+54 2254 478566
C1226,residencial,Valeria del Mar,P03,2021-03-07,,,Sucursal,cliente225@gmail.com,2254464070
C1227,Comercial,Carilo,P06,2013-01-01,,,Vendedor,cliente226@gmail.com,+54 2254 440956
C1228,Residencial,Pinamar,P03,2022-07-09,,,Vendedor,cliente227@gmail.com,+54 2254 452286
C1229,RESIDENCIAL,Pinamar,P03,2021-12-11,2025-05-08,Competencia,Referido,,+54 2254 475725
C1230,Residencial,Pinamar,P01,2019-08-14,,,Sucursal,cliente229@hotmail.com,+54 2254 429722
C1231,residencial,Valeria del Mar,P04,2021-03-17,,,Telefónico,cliente230@gmail.com,2254470534
C1232,Residencial,Cariló,P01,2020-10-28,,,Web,cliente231@gmail.com,+54 2254 425835
C1233,RESIDENCIAL,Valeria del Mar,P03,2023-03-08,,,Telefónico,cliente232@telpin.com.ar,02254-418834
C1234,Comercial,valeria del mar,P06,2022-10-17,,,Sucursal,,2254471274
C1235,Residencial,Mar de Ostende,P02,2023-03-02,,,Sucursal,cliente234@yahoo.com.ar,
C1236,Residencial,Pinamar,P04,2022-04-02,,,Web,cliente235@yahoo.com.ar,02254-446369
C1237,Residencial,Mar de Ostende,P02,2019-12-21,,,Vendedor,cliente236@telpin.com.ar,02254-402099
C1238,Residencial,Pinamar,P05,2020-06-12,,,Web,cliente237@gmail.com,2254461220
C1239,Residencial,Mar de Ostende,P01,2024-03-17,,,Sucursal,cliente238@gmail.com,2254492509
C1240,Residencial,Mar de Ostende,P04,2022-12-11,,,Telefónico,cliente239@hotmail.com,02254-482083
C1241,Comercial,Pinamar,P06,2023-06-14,2026-03-21,Disconformidad con el servicio,Web,cliente240@hotmail.com,2254412692
C1242,Residencial,PINAMAR,P02,2023-04-02,2026-06-07,Disconformidad con el servicio,Telefónico,cliente241@yahoo.com.ar,02254-488657
C1243,Residencial,Pinamar,P03,2021-10-02,2025-03-18,Falta de pago,Vendedor,cliente242@hotmail.com,2254403602
C1244,Comercial,  General Madariaga ,P06,2017-09-06,,,Vendedor,cliente243@telpin.com.ar,2254443268
C1245,Comercial,general madariaga,P05,2017-05-26,,,Sucursal,cliente244@telpin.com.ar,2254464408
C1246,Residencial,Ostende,P04,2023-01-19,2024-10-21,Falta de pago,Telefónico,cliente245@telpin.com.ar,+54 2254 407048
C1247,Residencial,Ostende,P02,2020-11-30,,,Vendedor,cliente246@gmail.com,02254-433742
C1248,Residencial,Mar de Ostende,P02,2021-03-21,,,Sucursal,cliente247@gmail.com,2254472280
C1249,Residencial,General Madariaga,P05,2021-07-11,,,Telefónico,cliente248@yahoo.com.ar,+54 2254 455944
C1250,Residencial,Ostende,P03,2015-05-21,,,Web,cliente249@hotmail.com,+54 2254 417713
C1251,Residencial,Cariló,P04,2023-07-25,2025-04-03,Fin de temporada,Referido,cliente250@gmail.com,2254463404
C1252,Residencial,Cariló,P02,2015-11-20,,,Web,cliente251@hotmail.com,
C1253,Residencial,Pinamar,P04,2022-05-17,2025-06-03,Disconformidad con el servicio,Referido,cliente252@gmail.com,02254-452959
C1254,Residencial,Ostende,P02,2023-02-17,,,Web,cliente253@gmail.com,02254-493146
C1255,Residencial,Valeria del Mar,P03,2018-04-14,,,Telefónico,cliente254@gmail.com,2254482135
C1256,Residencial,Mar de Ostende,P04,2022-03-19,2026-04-24,Fin de temporada,Web,cliente255@gmail.com,02254-438770
C1257,Residencial,  Ostende ,P01,2023-07-17,,,Sucursal,cliente256@gmail.com,02254-412413
C1258,Residencial,Pinamar,P05,2021-12-03,,,Sucursal,cliente257@hotmail.com,2254470264
C1259,Residencial,Cariló,P01,2023-04-01,,,Referido,cliente258@hotmail.com,02254-470955
C1260,Residencial,Pinamar,P03,2022-12-12,,,Telefónico,cliente259@gmail.com,
C1261,Residencial,Pinamar,P02,2019-12-21,,,Sucursal,cliente260@gmail.com,02254-444807
C1262,residencial,Mar de Ostende,P03,2022-05-01,,,Telefónico,cliente261@telpin.com.ar,2254448305
C1263,Residencial,Valeria del Mar,P05,2019-06-02,,,Vendedor,cliente262@gmail.com,02254-422970
C1264,Residencial,  Pinamar ,P01,2022-06-18,,,Sucursal,cliente263@hotmail.com,+54 2254 495362
C1265,Residencial,GENERAL MADARIAGA,P04,2023-02-09,2025-12-10,Competencia,Sucursal,cliente264@hotmail.com,2254461124
C1266,Residencial,General Madariaga,P01,2023-07-08,,,Telefónico,cliente265@gmail.com,02254-448986
C1267,Residencial,Pinamar,P03,2019-10-30,,,Sucursal,,02254-436008
C1268,Residencial,PINAMAR,P01,2023-10-02,,,Referido,cliente267@gmail.com,
C1269,residencial,Pinamar,P02,2023-03-30,,,Vendedor,cliente268@hotmail.com,02254-405727
C1270,Residencial,Cariló,P02,2013-09-05,,,Sucursal,cliente269@gmail.com,+54 2254 404790
C1271,Residencial,Ostende,P02,2022-03-15,,,Vendedor,cliente270@gmail.com,2254446897
C1272,Residencial,Ostende,P01,2023-02-03,,,Web,cliente271@hotmail.com,02254-425611
C1273,Comercial,Ostende,P06,2022-01-09,,,Sucursal,cliente272@hotmail.com,+54 2254 450299
C1274,Residencial,Pinamar,P02,2022-03-18,,,Web,cliente273@telpin.com.ar,+54 2254 481860
C1275,Residencial,GENERAL MADARIAGA,P03,2022-03-16,,,Referido,cliente274@hotmail.com,2254429621
C1276,residencial,General Madariaga,P05,2021-03-26,,,Web,cliente275@hotmail.com,+54 2254 434443
C1277,Residencial,Pinamar,P03,2023-03-17,2024-11-29,Competencia,Web,cliente276@hotmail.com,02254-453772
C1278,Comercial,Valeria del Mar,P06,2022-04-30,,,Telefónico,,
C1279,Residencial,Mar de Ostende,P02,2021-03-13,2025-04-19,Disconformidad con el servicio,Sucursal,cliente278@hotmail.com,2254483455
C1280,Residencial,Pinamar,P02,2023-01-17,,,Vendedor,cliente279@gmail.com,+54 2254 482599
C1281,residencial,Ostende,P01,2021-12-17,,,Sucursal,cliente280@gmail.com,+54 2254 426275
C1282,residencial,Pinamar,P02,2022-01-29,,,Sucursal,cliente281@gmail.com,
C1283,Residencial,Valeria del Mar,P03,2022-03-09,2024-10-24,Precio,Telefónico,cliente282@gmail.com,2254452263
C1284,Residencial,Ostende,P03,2023-08-04,,,Vendedor,cliente283@yahoo.com.ar,02254-489159
C1285,Residencial,Pinamar,P01,2023-11-15,,,Vendedor,cliente284@hotmail.com,+54 2254 401828
C1286,Comercial,Pinamar,P06,2022-11-10,,,Sucursal,cliente285@hotmail.com,2254487620
C1287,Residencial,Pinamar,P01,2020-09-06,,,Web,cliente286@gmail.com,02254-488037
C1288,Residencial,Pinamar,P01,2016-09-29,,,Sucursal,cliente287@yahoo.com.ar,02254-469348
C1289,RESIDENCIAL,General Madariaga,P02,2022-04-25,,,Vendedor,cliente288@gmail.com,2254411243
C1290,Residencial,Pinamar,P03,2015-04-08,,,Telefónico,cliente289@gmail.com,2254445264
C1291,Residencial,  Pinamar ,P02,2018-10-19,2024-11-22,Se muda,Web,cliente290@hotmail.com,02254-452485
C1292,Residencial,cariló,P04,2022-10-06,,,Sucursal,cliente291@gmail.com,+54 2254 421374
C1293,residencial,CARILÓ,P02,2014-12-29,2025-08-08,Fin de temporada,Web,cliente292@hotmail.com,2254461334
C1294,Residencial,Pinamar,P01,2018-05-29,,,Sucursal,cliente293@hotmail.com,+54 2254 467868
C1295,Residencial,pinamar,P01,2022-05-24,,,Referido,cliente294@telpin.com.ar,02254-497228
C1296,Residencial,Pinamar,P02,2019-03-12,,,Sucursal,,02254-481222
C1297,Residencial,Ostende,P03,2019-12-21,,,Referido,cliente296@gmail.com,
C1298,Comercial,Mar de Ostende,P06,2019-06-11,,,Web,cliente297@gmail.com,2254408182
C1299,RESIDENCIAL,Cariló,P04,2020-05-05,,,Sucursal,,2254410561
C1300,Residencial,Pinamar,P02,2023-09-04,,,Referido,cliente299@hotmail.com,02254-498752
C1301,comercial,Pinamar,P06,2023-03-17,,,Referido,cliente300@gmail.com,2254443137
C1302,Comercial,Pinamar,P06,2023-01-10,,,Referido,cliente301@gmail.com,
C1303,Residencial,Mar de Ostende,P02,2019-05-01,2024-10-23,Fin de temporada,Sucursal,cliente302@gmail.com,02254-417090
C1304,Residencial,Pinamar,P03,2020-10-11,,,Referido,,2254430202
C1305,Comercial,Pinamar,P06,2022-02-16,,,Telefónico,cliente304@gmail.com,
C1306,Residencial,Pinamar,P02,2023-05-10,,,Vendedor,cliente305@hotmail.com,+54 2254 474388
C1307,Residencial,Valeria del Mar,P02,2023-06-25,,,Web,cliente306@yahoo.com.ar,+54 2254 476152
C1308,Residencial,Pinamar,P02,2021-02-03,,,Referido,cliente307@gmail.com,02254-440595
C1309,Residencial,Ostende,P02,2020-01-09,2025-01-17,Sin motivo declarado,Sucursal,cliente308@hotmail.com,02254-415236
C1310,Comercial,Pinamar,P06,2023-04-06,,,Sucursal,,02254-452422
C1311,Residencial,Pinamar,P03,2022-01-24,,,Telefónico,,2254435752
C1312,Residencial,Pinamar,P01,2022-09-21,,,Sucursal,cliente311@gmail.com,02254-420789
C1313,Residencial,OSTENDE,P03,2020-09-26,2024-09-18,Disconformidad con el servicio,Telefónico,cliente312@gmail.com,+54 2254 400070
C1314,Residencial,Pinamar,P02,2024-01-29,,,Sucursal,cliente313@telpin.com.ar,02254-428843
C1315,Residencial,General Madariaga,P03,2023-08-23,,,Sucursal,cliente314@gmail.com,2254425262
C1316,Residencial,Ostende,P04,2021-09-24,,,Telefónico,,2254405660
C1317,Comercial,Pinamar,P06,2023-11-30,,,Web,cliente316@telpin.com.ar,
C1318,residencial,Mar de Ostende,P01,2021-08-02,2025-03-06,Precio,Telefónico,cliente317@telpin.com.ar,02254-486406
C1319,Residencial,  Pinamar ,P02,2022-10-29,,,Web,cliente318@hotmail.com,02254-482690
C1320,Residencial,Valeria del Mar,P02,2019-01-20,,,Telefónico,cliente319@gmail.com,2254481011
C1321,Residencial,Pinamar,P02,2023-02-08,,,Sucursal,cliente320@gmail.com,2254416020
C1322,Residencial,Valeria del Mar,P05,2021-04-03,,,Sucursal,cliente321@gmail.com,+54 2254 470215
C1323,Comercial,Pinamar,P06,2023-03-19,,,Telefónico,,2254454438
C1324,Residencial,Ostende,P02,2022-02-08,,,Sucursal,cliente323@gmail.com,+54 2254 456118
C1325,Residencial,Valeria del Mar,P01,2021-03-31,,,Vendedor,cliente324@gmail.com,
C1326,Residencial,Mar de Ostende,P04,2021-02-16,2026-01-02,Competencia,Telefónico,cliente325@yahoo.com.ar,+54 2254 430003
C1327,Residencial,Pinamar,P02,2023-08-04,,,Sucursal,cliente326@gmail.com,02254-447180
C1328,RESIDENCIAL,Pinamar,P03,2021-08-23,,,Telefónico,,
C1329,Residencial,Pinamar,P02,2023-07-16,,,Vendedor,cliente328@gmail.com,+54 2254 431792
C1330,RESIDENCIAL,Pinamar,P02,2024-01-05,,,Web,cliente329@gmail.com,2254458892
C1331,Residencial,Ostende,P04,2021-06-10,2024-08-12,Se muda,Telefónico,cliente330@telpin.com.ar,
C1332,Comercial,VALERIA DEL MAR,P05,2021-03-26,,,Telefónico,cliente331@hotmail.com,02254-429736
C1333,Residencial,Ostende,P01,2022-01-05,,,Telefónico,cliente332@gmail.com,+54 2254 458412
C1334,Residencial,General Madariaga,P05,2021-06-24,,,Referido,cliente333@hotmail.com,+54 2254 425704
C1335,Residencial,Ostende,P01,2023-03-11,,,Web,cliente334@telpin.com.ar,02254-483136
C1336,Comercial,Pinamar,P06,2022-11-21,,,Sucursal,cliente335@telpin.com.ar,+54 2254 478862
C1337,Residencial,Mar de Ostende,P04,2021-10-11,2026-03-24,Fin de temporada,Sucursal,cliente336@yahoo.com.ar,+54 2254 468700
C1338,Residencial,valeria del mar,P02,2024-03-14,,,Vendedor,,2254496709
C1339,Residencial,Mar de Ostende,P05,2019-07-25,2026-04-24,Se muda,Vendedor,cliente338@telpin.com.ar,2254420701
C1340,Residencial,Ostende,P02,2022-08-13,,,Vendedor,cliente339@gmail.com,+54 2254 463753
C1341,residencial,Cariló,P04,2020-12-31,,,Web,cliente340@telpin.com.ar,2254478109
C1342,residencial,Pinamar,P04,2021-03-12,,,Referido,cliente341@gmail.com,+54 2254 459661
C1343,Comercial,General Madariaga,P06,2022-03-14,2024-08-25,Sin motivo declarado,Sucursal,cliente342@gmail.com,2254459699
C1344,Residencial,Valeria del Mar,P02,2024-01-02,,,Sucursal,cliente343@hotmail.com,
C1345,Residencial,Valeria del Mar,P03,2023-05-19,2024-10-31,Precio,Sucursal,cliente344@gmail.com,+54 2254 411877
C1346,Residencial,Mar de Ostende,P04,2023-04-20,2024-11-16,Competencia,Sucursal,cliente345@hotmail.com,2254440614
C1347,Residencial,Pinamar,P04,2022-01-06,,,Sucursal,cliente346@hotmail.com,02254-434108
C1348,residencial,Ostende,P01,2020-07-14,,,Sucursal,cliente347@gmail.com,2254424297
C1349,Residencial,Pinamar,P02,2020-11-18,2025-06-24,Disconformidad con el servicio,Web,cliente348@hotmail.com,2254475588
C1350,Residencial,Valeria del Mar,P01,2022-04-23,,,Sucursal,cliente349@gmail.com,+54 2254 447598
C1351,Residencial,Pinamar,P01,2018-07-21,,,Web,cliente350@gmail.com,+54 2254 411497
C1352,Residencial,Mar de Ostende,P02,2022-12-12,2026-02-19,Competencia,Sucursal,cliente351@hotmail.com,+54 2254 417486
C1353,Residencial,  Cariló ,P03,2023-06-15,,,Vendedor,cliente352@gmail.com,2254432130
C1354,Residencial,Mar de Ostende,P04,2022-06-10,,,Referido,cliente353@telpin.com.ar,2254446235
C1355,Residencial,Valeria del Mar,P05,2022-09-03,,,Telefónico,cliente354@gmail.com,02254-460762
C1356,Residencial,Pinamar,P01,2021-07-20,,,Vendedor,cliente355@telpin.com.ar,2254447577
C1357,Residencial,Ostende,P02,2024-01-12,,,Sucursal,,2254426108
C1358,Residencial,Pinamar,P02,2016-08-27,,,Sucursal,cliente357@gmail.com,02254-481763
C1359,Residencial,Cariló,P03,2021-09-18,,,Vendedor,cliente358@telpin.com.ar,+54 2254 493460
C1360,Residencial,General Madariaga,P01,2023-04-01,2025-08-25,Se muda,Sucursal,cliente359@hotmail.com,02254-471835
C1361,Residencial,Valeria del Mar,P03,2022-07-10,,,Sucursal,cliente360@yahoo.com.ar,+54 2254 446717
C1362,Residencial,valeria del mar,P05,2021-05-05,,,Telefónico,cliente361@yahoo.com.ar,02254-467832
C1363,Residencial,Pinamar,P04,2021-09-07,2026-04-17,Precio,Vendedor,cliente362@gmail.com,+54 2254 471341
C1364,Residencial,Pinamar,P03,2023-03-20,2026-03-03,Falta de pago,Web,cliente363@hotmail.com,02254-473282
C1365,Residencial,Pinamar,P02,2023-04-13,,,Telefónico,cliente364@gmail.com,
C1366,Residencial,Pinamar,P02,2021-06-12,,,Web,cliente365@telpin.com.ar,02254-431202
C1367,Residencial,pinamar,P01,2020-02-28,,,Telefónico,cliente366@hotmail.com,2254411356
C1368,Residencial,Ostende,P01,2022-05-06,,,Sucursal,cliente367@gmail.com,02254-479340
C1369,Residencial,Mar de Ostende,P02,2022-12-19,,,Sucursal,cliente368@gmail.com,
C1370,residencial,Ostende,P04,2022-09-28,,,Telefónico,cliente369@hotmail.com,02254-402890
C1371,Residencial,Carilo,P02,2021-09-18,,,Vendedor,cliente370@gmail.com,2254406988
C1372,Residencial,Pinamar,P02,2020-01-27,,,Web,cliente371@hotmail.com,
C1373,Residencial,General Madariaga,P02,2023-07-17,,,Web,cliente372@hotmail.com,2254470066
C1374,Residencial,Pinamar,P02,2023-11-24,,,Sucursal,cliente373@gmail.com,
C1375,Residencial,Valeria del Mar,P04,2021-01-03,2026-05-27,Fin de temporada,Sucursal,cliente374@gmail.com,02254-430019
C1376,RESIDENCIAL,Pinamar,P05,2020-09-17,2026-04-18,Competencia,Referido,cliente375@gmail.com,
C1377,COMERCIAL,Pinamar,P06,2023-08-07,,,Sucursal,cliente376@gmail.com,02254-465532
C1378,Residencial,Pinamar,P01,2022-12-24,,,Sucursal,cliente377@hotmail.com,02254-481323
C1379,Comercial,Pinamar,P06,2023-10-07,,,Web,cliente378@gmail.com,2254454573
C1380,Residencial,Pinamar,P02,2023-12-29,,,Sucursal,,2254491977
C1381,Residencial,Ostende,P01,2022-12-18,,,Telefónico,cliente380@gmail.com,2254450467
C1382,Residencial,Pinamar,P01,2023-09-01,,,Telefónico,cliente381@gmail.com,2254440226
C1383,Residencial,Valeria del Mar,P02,2021-07-17,,,Web,cliente382@gmail.com,2254492170
C1384,Residencial,Mar de Ostende,P04,2021-11-08,,,Vendedor,cliente383@hotmail.com,02254-479246
C1385,Residencial,Pinamar,P05,2022-11-14,,,Telefónico,cliente384@telpin.com.ar,2254414246
C1386,Residencial,Pinamar,P05,2021-03-07,,,Telefónico,cliente385@gmail.com,02254-415628
C1387,Residencial,Mar de Ostende,P02,2021-10-12,2024-09-11,Competencia,Web,cliente386@hotmail.com,2254434700
C1388,Residencial,Ostende,P02,2023-11-20,,,Telefónico,cliente387@gmail.com,2254482146
C1389,Comercial,  Pinamar ,P06,2023-03-28,,,Vendedor,cliente388@hotmail.com,
C1390,Residencial,Mar de Ostende,P03,2015-07-16,2025-10-29,Competencia,Sucursal,cliente389@gmail.com,
C1391,Residencial,Pinamar,P03,2021-11-27,,,Web,cliente390@gmail.com,
C1392,Residencial,  General Madariaga ,P04,2023-06-17,,,Web,,2254481693
C1393,Residencial,Cariló,P02,2023-04-12,,,Web,cliente392@gmail.com,+54 2254 407276
C1394,Comercial,Ostende,P06,2022-06-23,,,Web,cliente393@telpin.com.ar,2254402478
C1395,Residencial,OSTENDE,P02,2021-06-28,2024-12-29,Se muda,Telefónico,cliente394@gmail.com,02254-492937
C1396,Residencial,Pinamar,P02,2023-03-01,,,Telefónico,cliente395@gmail.com,2254463572
C1397,Residencial,Cariló,P02,2018-09-10,,,Telefónico,cliente396@telpin.com.ar,+54 2254 436248
C1398,Residencial,Valeria del Mar,P04,2019-11-20,,,Sucursal,cliente397@hotmail.com,2254416023
C1399,Residencial,Mar de Ostende,P02,2024-02-19,,,Referido,cliente398@gmail.com,02254-494688
C1400,Residencial,Cariló,P01,2024-05-19,,,Web,cliente399@hotmail.com,
C1401,residencial,Pinamar,P01,2020-01-11,,,Referido,cliente400@telpin.com.ar,+54 2254 450440
C1402,Residencial,Mar de Ostende,P01,2022-09-20,,,Sucursal,cliente401@hotmail.com,+54 2254 467247
C1403,Residencial,Pinamar,P02,2023-08-01,,,Telefónico,cliente402@gmail.com,02254-405061
C1404,Comercial,Mar de Ostende,P06,2016-07-27,,,Vendedor,cliente403@telpin.com.ar,02254-408360
C1405,Residencial,Pinamar,P05,2018-12-12,2025-06-11,Se muda,Sucursal,cliente404@telpin.com.ar,2254474373
C1406,Residencial,Ostende,P03,2023-08-06,,,Vendedor,cliente405@telpin.com.ar,02254-415420
C1407,Residencial,Pinamar,P01,2021-07-28,,,Web,cliente406@hotmail.com,2254437003
C1408,Residencial,General Madariaga,P01,2022-10-24,2026-04-22,Se muda,Sucursal,cliente407@gmail.com,
C1409,Residencial,ostende,P02,2024-01-25,,,Telefónico,cliente408@telpin.com.ar,+54 2254 485644
C1410,Residencial,General Madariaga,P02,2020-04-07,,,Vendedor,cliente409@telpin.com.ar,+54 2254 416811
C1411,Residencial,Mar de Ostende,P04,2019-05-07,,,Telefónico,cliente410@gmail.com,2254400538
C1412,Comercial,GENERAL MADARIAGA,P05,2016-09-30,,,Sucursal,cliente411@gmail.com,
C1413,Residencial,Cariló,P01,2021-10-19,2026-01-31,Competencia,Sucursal,cliente412@yahoo.com.ar,02254-476684
C1414,comercial,Pinamar,P06,2021-10-26,,,Sucursal,cliente413@gmail.com,
C1415,Residencial,Pinamar,P03,2024-02-14,,,Referido,cliente414@hotmail.com,2254474447
C1416,Residencial,  Pinamar ,P01,2023-05-13,,,Telefónico,cliente415@hotmail.com,+54 2254 492118
C1417,Residencial,  Pinamar ,P02,2020-07-31,,,Vendedor,cliente416@hotmail.com,2254404673
C1418,Residencial,Cariló,P03,2023-04-07,,,Web,cliente417@hotmail.com,02254-499474
C1419,Residencial,  Pinamar ,P02,2023-03-14,,,Telefónico,cliente418@gmail.com,02254-449141
C1420,Residencial,cariló,P01,2016-03-03,2025-01-22,Se muda,Web,cliente419@telpin.com.ar,+54 2254 413306
C1421,Residencial,  Pinamar ,P02,2023-01-19,,,Sucursal,cliente420@yahoo.com.ar,2254484888
C1422,RESIDENCIAL,Pinamar,P02,2021-04-13,,,Vendedor,cliente421@hotmail.com,+54 2254 418815
C1423,Comercial,Mar de Ostende,P06,2022-12-16,2026-07-26,Competencia,Web,cliente422@telpin.com.ar,
C1424,Residencial,Valeria del Mar,P02,2024-05-03,,,Telefónico,cliente423@telpin.com.ar,+54 2254 445735
C1425,Residencial,Pinamar,P01,2022-12-04,,,Telefónico,cliente424@gmail.com,02254-406342
C1426,Residencial,Ostende,P02,2022-06-16,,,Sucursal,cliente425@hotmail.com,02254-499561
C1427,Residencial,MAR DE OSTENDE,P03,2022-12-16,,,Sucursal,cliente426@telpin.com.ar,02254-477256
C1428,Residencial,Pinamar,P02,2018-01-28,2025-02-21,Precio,Vendedor,,2254473229
C1429,RESIDENCIAL,Pinamar,P01,2023-10-23,,,Vendedor,cliente428@gmail.com,+54 2254 457144
C1430,Residencial,pinamar,P02,2024-02-06,,,Vendedor,cliente429@telpin.com.ar,+54 2254 430933
C1431,Residencial,Valeria del Mar,P03,2018-11-18,,,Telefónico,cliente430@hotmail.com,02254-403205
C1432,Residencial,Valeria del Mar,P01,2022-04-25,2026-07-05,Se muda,Sucursal,cliente431@hotmail.com,+54 2254 476512
C1433,Residencial,pinamar,P02,2021-07-31,2026-05-18,Sin motivo declarado,Sucursal,cliente432@gmail.com,
C1434,Comercial,Carilo,P06,2023-04-30,,,Referido,cliente433@gmail.com,2254465613
C1435,Residencial,PINAMAR,P02,2021-06-24,2025-10-16,Precio,Sucursal,cliente434@hotmail.com,
C1436,Residencial,Pinamar,P01,2021-08-27,,,Telefónico,cliente435@yahoo.com.ar,02254-478753
C1437,Residencial,Mar de Ostende,P04,2021-10-26,2026-03-16,Fin de temporada,Web,cliente436@gmail.com,2254445770
C1438,Residencial,Pinamar,P03,2023-06-23,,,Referido,cliente437@gmail.com,02254-497264
C1439,Residencial,Pinamar,P04,2019-09-19,,,Sucursal,cliente438@telpin.com.ar,+54 2254 482897
C1440,Residencial,Ostende,P01,2022-07-05,,,Referido,cliente439@hotmail.com,+54 2254 460138
C1441,Residencial,Pinamar,P02,2020-07-13,,,Web,cliente440@gmail.com,2254437007
C1442,Residencial,Pinamar,P01,2018-08-23,,,Sucursal,cliente441@gmail.com,+54 2254 499935
C1443,RESIDENCIAL,Pinamar,P04,2020-10-08,,,Vendedor,cliente442@hotmail.com,
C1444,RESIDENCIAL,Valeria del Mar,P03,2021-12-21,,,Web,cliente443@gmail.com,+54 2254 423544
C1445,RESIDENCIAL,Pinamar,P02,2023-10-20,,,Sucursal,cliente444@yahoo.com.ar,2254473432
C1446,Residencial,mar de ostende,P01,2021-11-21,,,Vendedor,cliente445@hotmail.com,+54 2254 421001
C1447,Residencial,CARILÓ,P02,2023-06-21,,,Web,cliente446@gmail.com,02254-496360
C1448,Residencial,Pinamar,P02,2018-05-29,,,Sucursal,cliente447@hotmail.com,02254-473341
C1449,RESIDENCIAL,Pinamar,P03,2022-10-19,,,Web,cliente448@gmail.com,+54 2254 430177
C1450,Residencial,Pinamar,P01,2023-08-17,,,Telefónico,cliente449@hotmail.com,+54 2254 428665
C1451,Residencial,Pinamar,P03,2013-03-11,,,Sucursal,cliente450@telpin.com.ar,02254-459272
C1452,RESIDENCIAL,Valeria del Mar,P01,2023-04-01,2025-03-11,Fin de temporada,Web,cliente451@gmail.com,2254485161
C1453,Residencial,Pinamar,P02,2023-02-18,,,Web,cliente452@telpin.com.ar,2254464841
C1454,Residencial,Pinamar,P03,2022-08-13,,,Web,cliente453@yahoo.com.ar,
C1455,Residencial,Pinamar,P02,2023-07-08,,,Referido,cliente454@gmail.com,2254469232
C1456,Residencial,Pinamar,P02,2023-05-08,,,Sucursal,cliente455@gmail.com,2254415186
C1457,Residencial,Mar de Ostende,P02,2023-07-06,,,Sucursal,cliente456@gmail.com,+54 2254 421733
C1458,Residencial,Valeria del Mar,P03,2023-02-12,,,Referido,cliente457@hotmail.com,+54 2254 471209
C1459,Residencial,Cariló,P03,2020-07-06,,,Web,cliente458@gmail.com,02254-476449
C1460,Residencial,Pinamar,P03,2023-01-28,,,Sucursal,cliente459@yahoo.com.ar,02254-456327
C1461,Residencial,Ostende,P02,2023-06-24,,,Web,cliente460@gmail.com,+54 2254 417001
C1462,Residencial,CARILÓ,P01,2022-09-13,2024-12-15,Falta de pago,Referido,cliente461@hotmail.com,
C1463,Residencial,Pinamar,P03,2022-05-27,,,Sucursal,cliente462@yahoo.com.ar,02254-427700
C1464,Residencial,Valeria del Mar,P02,2021-03-17,,,Sucursal,cliente463@gmail.com,2254447746
C1465,Residencial,PINAMAR,P04,2018-01-16,,,Sucursal,cliente464@gmail.com,
C1466,Residencial,Valeria del Mar,P01,2020-11-10,,,Referido,cliente465@yahoo.com.ar,
C1467,Residencial,  Valeria del Mar ,P01,2022-02-06,2025-05-14,Precio,Sucursal,cliente466@gmail.com,+54 2254 438011
C1468,RESIDENCIAL,Ostende,P01,2020-05-17,,,Sucursal,cliente467@telpin.com.ar,2254488958
C1469,Residencial,Pinamar,P03,2016-08-22,,,Vendedor,cliente468@gmail.com,02254-401352
C1470,Residencial,Pinamar,P01,2017-01-08,,,Telefónico,cliente469@telpin.com.ar,02254-426520
C1471,Residencial,VALERIA DEL MAR,P03,2022-12-07,,,Referido,cliente470@gmail.com,2254460896
C1472,Residencial,Pinamar,P02,2023-08-04,2024-10-21,Precio,Sucursal,cliente471@gmail.com,+54 2254 489854
C1473,Comercial,Valeria del Mar,P06,2020-11-30,,,Vendedor,,
C1474,Residencial,Mar de Ostende,P02,2023-03-07,2024-11-25,Fin de temporada,Sucursal,cliente473@gmail.com,
C1475,Residencial,Mar de Ostende,P02,2015-11-28,,,Sucursal,cliente474@hotmail.com,2254436194
C1476,Residencial,Cariló,P01,2023-08-31,2026-01-18,Falta de pago,Vendedor,cliente475@hotmail.com,+54 2254 493355
C1477,Residencial,  Cariló ,P02,2021-01-30,,,Web,cliente476@hotmail.com,+54 2254 443304
C1478,Residencial,Valeria del Mar,P02,2022-02-04,,,Telefónico,cliente477@gmail.com,02254-443975
C1479,RESIDENCIAL,Pinamar,P01,2021-07-13,,,Referido,cliente478@gmail.com,+54 2254 484027
C1480,residencial,General Madariaga,P04,2021-11-15,,,Sucursal,cliente479@hotmail.com,02254-497446
C1481,Residencial,Pinamar,P02,2017-08-03,,,Telefónico,,+54 2254 419274
C1482,Residencial,Ostende,P02,2022-08-28,,,Sucursal,cliente481@gmail.com,02254-481049
C1483,Residencial,  Pinamar ,P01,2022-05-10,,,Sucursal,cliente482@hotmail.com,02254-425586
C1484,RESIDENCIAL,Ostende,P02,2021-09-28,2025-05-25,Precio,Referido,cliente483@yahoo.com.ar,02254-435243
C1485,Residencial,Valeria del Mar,P03,2019-12-28,,,Vendedor,cliente484@gmail.com,2254447877
C1486,Residencial,Pinamar,P02,2016-12-11,,,Vendedor,,+54 2254 401936
C1487,Residencial,Valeria del Mar,P01,2023-03-22,2025-10-23,Se muda,Telefónico,cliente486@telpin.com.ar,+54 2254 489853
C1488,Residencial,Pinamar,P05,2021-10-12,,,Sucursal,cliente487@gmail.com,02254-484405
C1489,RESIDENCIAL,Pinamar,P04,2022-03-23,2026-04-29,Precio,Telefónico,cliente488@hotmail.com,2254438517
C1490,Residencial,Ostende,P02,2023-08-13,,,Telefónico,cliente489@hotmail.com,+54 2254 480636
C1491,Residencial,Valeria del Mar,P02,2022-04-25,,,Referido,,02254-444893
C1492,Residencial,Pinamar,P03,2024-04-17,2025-01-12,Falta de pago,Telefónico,cliente491@hotmail.com,
C1493,Residencial,OSTENDE,P03,2023-04-14,,,Web,cliente492@yahoo.com.ar,+54 2254 404260
C1494,Residencial,Mar de Ostende,P03,2022-08-02,,,Sucursal,cliente493@telpin.com.ar,+54 2254 456559
C1495,Residencial,Ostende,P01,2019-04-04,,,Sucursal,cliente494@gmail.com,2254480373
C1496,Residencial,Pinamar,P01,2020-09-20,,,Referido,cliente495@hotmail.com,+54 2254 401014
C1497,Comercial,Pinamar,P06,2021-03-13,,,Sucursal,cliente496@gmail.com,+54 2254 465596
C1498,Residencial,Pinamar,P04,2022-02-26,,,Web,cliente497@hotmail.com,
C1499,Residencial,Valeria del Mar,P02,2017-11-25,,,Sucursal,cliente498@gmail.com,02254-444900
C1500,Comercial,Ostende,P06,2018-06-22,,,Vendedor,cliente499@gmail.com,+54 2254 435659
C1501,Residencial,Valeria del Mar,P01,2022-09-30,,,Web,cliente500@hotmail.com,+54 2254 425059
C1502,Residencial,Mar de Ostende,P04,2018-02-12,,,Vendedor,cliente501@gmail.com,02254-469669
C1503,Residencial,General Madariaga,P01,2021-03-25,2024-10-31,Competencia,Sucursal,cliente502@gmail.com,2254403783
C1504,Residencial,Mar de Ostende,P03,2023-08-31,,,Referido,cliente503@gmail.com,+54 2254 478118
C1505,Comercial,Pinamar,P06,2024-02-14,,,Referido,cliente504@telpin.com.ar,+54 2254 404620
C1506,Residencial,Pinamar,P01,2022-03-23,,,Referido,cliente505@gmail.com,02254-410096
C1507,Residencial,  Pinamar ,P03,2023-09-24,,,Referido,cliente506@gmail.com,+54 2254 463095
C1508,RESIDENCIAL,Pinamar,P03,2023-07-29,,,Telefónico,cliente507@yahoo.com.ar,02254-471392
C1509,comercial,Pinamar,P06,2019-05-22,,,Vendedor,cliente508@hotmail.com,02254-490565
C1510,Residencial,Mar de Ostende,P03,2022-09-04,2026-02-24,Precio,Web,cliente509@hotmail.com,02254-471361
C1511,residencial,General Madariaga,P03,2023-04-17,,,Vendedor,cliente510@gmail.com,+54 2254 477679
C1512,Residencial,Pinamar,P01,2021-08-06,,,Vendedor,cliente511@gmail.com,2254436114
C1513,Residencial,Pinamar,P02,2023-12-21,,,Referido,cliente512@gmail.com,2254407312
C1514,Residencial,Pinamar,P03,2020-08-24,,,Sucursal,,+54 2254 400524
C1515,Residencial,Pinamar,P01,2022-11-30,,,Vendedor,cliente514@hotmail.com,+54 2254 446677
C1516,Residencial,Pinamar,P01,2020-02-28,,,Web,cliente515@telpin.com.ar,02254-421636
C1517,Residencial,General Madariaga,P04,2020-12-10,,,Telefónico,cliente516@gmail.com,+54 2254 488162
C1518,Residencial,Mar de Ostende,P05,2018-11-27,,,Sucursal,cliente517@gmail.com,02254-401006
C1519,Residencial,PINAMAR,P02,2021-09-29,,,Sucursal,cliente518@gmail.com,2254499568
C1520,Residencial,Valeria del Mar,P01,2021-01-31,,,Sucursal,cliente519@gmail.com,
C1521,Comercial,Ostende,P06,2021-11-15,,,Sucursal,cliente520@hotmail.com,2254418940
C1522,Residencial,Valeria del Mar,P01,2023-01-30,2025-04-25,Falta de pago,Web,cliente521@hotmail.com,02254-449829
C1523,Residencial,Valeria del Mar,P02,2016-11-08,,,Sucursal,cliente522@gmail.com,+54 2254 492402
C1524,Residencial,Pinamar,P04,2023-02-27,2026-05-31,Falta de pago,Web,cliente523@telpin.com.ar,2254485203
C1525,Residencial,Ostende,P01,2023-03-18,,,Referido,cliente524@gmail.com,+54 2254 496356
C1526,Residencial,Ostende,P02,2023-12-04,,,Referido,cliente525@gmail.com,2254411765
C1527,Residencial,Ostende,P04,2024-02-19,,,Vendedor,cliente526@gmail.com,2254406998
C1528,Residencial,Valeria del Mar,P02,2023-08-27,2026-01-09,Fin de temporada,Referido,cliente527@gmail.com,+54 2254 484909
C1529,Residencial,Pinamar,P04,2023-10-06,,,Sucursal,cliente528@hotmail.com,02254-483685
C1530,Residencial,Pinamar,P01,2015-04-28,,,Telefónico,,02254-428709
C1531,Residencial,Mar de Ostende,P01,2021-04-03,,,Telefónico,cliente530@gmail.com,2254447232
C1532,Residencial,Cariló,P02,2022-07-23,,,Web,cliente531@gmail.com,02254-431473
C1533,Residencial,Valeria del Mar,P02,2022-06-30,2026-07-18,Sin motivo declarado,Web,cliente532@gmail.com,2254460628
C1534,Residencial,Pinamar,P02,2021-04-11,,,Telefónico,cliente533@gmail.com,+54 2254 462021
C1535,Residencial,Ostende,P03,2022-03-11,,,Sucursal,cliente534@gmail.com,2254471388
C1536,Residencial,Cariló,P01,2022-07-27,,,Web,cliente535@hotmail.com,02254-443130
C1537,Comercial,Cariló,P06,2023-04-19,,,Web,cliente536@gmail.com,+54 2254 473045
C1538,Residencial,pinamar,P01,2019-01-20,,,Referido,cliente537@gmail.com,02254-457503
C1539,residencial,Cariló,P03,2020-11-22,,,Sucursal,cliente538@gmail.com,+54 2254 465513
C1540,Residencial,Valeria del Mar,P03,2022-04-19,,,Web,cliente539@yahoo.com.ar,02254-434503
C1541,Residencial,Pinamar,P02,2023-10-04,2026-04-17,Precio,Sucursal,,02254-403636
C1542,Residencial,Mar de Ostende,P01,2023-03-03,,,Vendedor,cliente541@gmail.com,02254-488485
C1543,Comercial,Pinamar,P06,2023-05-02,,,Web,cliente542@gmail.com,2254411311
C1544,Residencial,Valeria del Mar,P03,2019-08-08,,,Sucursal,cliente543@telpin.com.ar,+54 2254 409305
C1545,Residencial,Pinamar,P04,2021-12-06,2026-06-12,Disconformidad con el servicio,Referido,,02254-473121
C1546,Residencial,Valeria del Mar,P01,2021-08-10,,,Telefónico,cliente545@hotmail.com,2254421307
C1547,Residencial,Mar de Ostende,P01,2022-08-01,,,Referido,,2254430635
C1548,Residencial,Pinamar,P01,2022-05-26,,,Web,cliente547@gmail.com,02254-476276
C1549,Residencial,Valeria del Mar,P03,2020-10-23,,,Vendedor,cliente548@yahoo.com.ar,+54 2254 421316
C1550,Comercial,Cariló,P05,2021-01-09,,,Referido,cliente549@gmail.com,+54 2254 445079
C1551,Residencial,Cariló,P01,2023-12-06,,,Vendedor,cliente550@gmail.com,02254-432663
C1552,Residencial,Valeria del Mar,P02,2022-08-28,,,Telefónico,cliente551@gmail.com,+54 2254 452603
C1553,Residencial,Valeria del Mar,P02,2022-09-19,,,Sucursal,cliente552@hotmail.com,+54 2254 462335
C1554,Residencial,Pinamar,P01,2023-07-26,,,Telefónico,cliente553@gmail.com,2254481786
C1555,RESIDENCIAL,Valeria del Mar,P01,2020-11-05,,,Web,cliente554@gmail.com,+54 2254 453655
C1556,Residencial,Ostende,P05,2021-10-18,,,Sucursal,cliente555@telpin.com.ar,2254499697
C1557,RESIDENCIAL,Valeria del Mar,P03,2021-04-12,,,Telefónico,cliente556@telpin.com.ar,+54 2254 478444
C1558,Residencial,Pinamar,P02,2024-04-21,2025-11-15,Se muda,Sucursal,cliente557@gmail.com,2254407718
C1559,Residencial,Pinamar,P01,2020-08-01,,,Vendedor,cliente558@gmail.com,2254472011
C1560,Residencial,Pinamar,P03,2021-06-19,2025-12-04,Sin motivo declarado,Web,cliente559@gmail.com,02254-407576
C1561,Residencial,Pinamar,P01,2014-10-04,2026-01-29,Se muda,Sucursal,cliente560@hotmail.com,2254418566
C1562,Residencial,Pinamar,P01,2019-05-14,,,Web,cliente561@gmail.com,
C1563,Residencial,Pinamar,P01,2022-09-05,2025-03-28,Disconformidad con el servicio,Vendedor,cliente562@hotmail.com,2254429483
C1564,Residencial,Pinamar,P01,2019-08-06,2026-01-28,Falta de pago,Sucursal,,+54 2254 432422
C1565,residencial,Valeria del Mar,P01,2022-12-15,2025-09-01,Se muda,Sucursal,cliente564@telpin.com.ar,2254400358
C1566,Residencial,Ostende,P01,2021-04-17,,,Web,cliente565@hotmail.com,2254490951
C1567,Residencial,Pinamar,P02,2023-11-09,,,Telefónico,cliente566@telpin.com.ar,02254-433612
C1568,Residencial,Pinamar,P05,2021-10-31,,,Referido,cliente567@telpin.com.ar,+54 2254 482441
C1569,Residencial,Ostende,P02,2022-09-06,,,Telefónico,cliente568@hotmail.com,02254-451763
C1570,Residencial,Valeria del Mar,P04,2019-10-02,2026-04-06,Sin motivo declarado,Web,,+54 2254 485951
C1571,Residencial,Valeria del Mar,P01,2023-08-10,2026-01-29,Precio,Telefónico,cliente570@telpin.com.ar,2254469929
C1572,Residencial,Valeria del Mar,P01,2014-08-02,,,Vendedor,,+54 2254 417919
C1573,Residencial,Mar de Ostende,P01,2022-04-24,,,Referido,cliente572@gmail.com,02254-457625
C1574,residencial,Mar de Ostende,P02,2022-08-21,2025-01-31,Fin de temporada,Web,,02254-420265
C1575,Comercial,pinamar,P06,2023-01-25,,,Web,,+54 2254 491376
C1576,Residencial,Pinamar,P04,2021-11-04,,,Referido,,
C1577,Residencial,Ostende,P02,2017-09-05,2026-05-22,Precio,Sucursal,cliente576@telpin.com.ar,02254-442667
C1578,Residencial,  Valeria del Mar ,P01,2023-03-29,,,Sucursal,cliente577@hotmail.com,+54 2254 402042
C1579,RESIDENCIAL,Pinamar,P03,2020-11-02,,,Sucursal,cliente578@gmail.com,+54 2254 476445
C1580,Residencial,VALERIA DEL MAR,P04,2022-07-27,,,Web,cliente579@hotmail.com,02254-482885
C1581,Residencial,General Madariaga,P03,2022-05-15,2024-12-18,Disconformidad con el servicio,Web,,+54 2254 415772
C1582,Comercial,Pinamar,P06,2023-01-30,,,Sucursal,cliente581@gmail.com,02254-472670
C1583,Residencial,Pinamar,P01,2022-06-30,,,Referido,cliente582@gmail.com,+54 2254 458680
C1584,RESIDENCIAL,Valeria del Mar,P03,2021-10-20,,,Sucursal,cliente583@gmail.com,
C1585,Comercial,Ostende,P06,2023-12-04,,,Sucursal,cliente584@hotmail.com,02254-405652
C1586,Residencial,Mar de Ostende,P03,2023-12-27,2025-10-17,Competencia,Sucursal,cliente585@gmail.com,02254-451583
C1587,Residencial,General Madariaga,P02,2023-03-07,,,Web,cliente586@gmail.com,02254-446006
C1588,residencial,Cariló,P02,2021-02-13,,,Telefónico,cliente587@telpin.com.ar,
C1589,Residencial,Cariló,P02,2020-06-01,,,Web,,02254-469231
C1590,comercial,Mar de Ostende,P06,2019-09-02,,,Web,cliente589@telpin.com.ar,
C1591,Residencial,Ostende,P01,2020-09-12,,,Telefónico,,+54 2254 474386
C1592,Residencial,Ostende,P02,2023-06-19,,,Vendedor,cliente591@telpin.com.ar,+54 2254 415468
C1593,Residencial,Valeria del Mar,P01,2020-09-19,,,Vendedor,cliente592@gmail.com,02254-424829
C1594,Residencial,Mar de Ostende,P02,2019-12-18,,,Referido,cliente593@yahoo.com.ar,
C1595,Comercial,Pinamar,P06,2023-04-10,,,Web,cliente594@yahoo.com.ar,02254-479768
C1596,Residencial,Pinamar,P01,2022-11-29,,,Sucursal,cliente595@gmail.com,02254-447085
C1597,Residencial,Pinamar,P01,2021-06-02,,,Vendedor,cliente596@gmail.com,02254-495968
C1598,Residencial,General Madariaga,P05,2022-06-15,,,Sucursal,cliente597@hotmail.com,2254437204
C1599,Residencial,Ostende,P01,2024-04-08,,,Telefónico,cliente598@gmail.com,
C1600,Residencial,Mar de Ostende,P01,2024-01-29,2024-09-23,Competencia,Web,cliente599@gmail.com,+54 2254 454379
C1601,COMERCIAL,Mar de Ostende,P06,2024-06-07,,,Sucursal,cliente600@hotmail.com,+54 2254 417261
C1602,Residencial,Ostende,P03,2021-07-26,,,Web,cliente601@hotmail.com,+54 2254 423464
C1603,Residencial,Mar de Ostende,P02,2023-12-12,2024-09-09,Sin motivo declarado,Referido,cliente602@hotmail.com,+54 2254 404906
C1604,RESIDENCIAL,Ostende,P02,2022-12-08,,,Sucursal,cliente603@hotmail.com,2254404324
C1605,Residencial,Pinamar,P02,2021-12-15,,,Web,cliente604@gmail.com,2254492835
C1606,Residencial,Pinamar,P04,2019-12-23,,,Sucursal,cliente605@gmail.com,
C1607,Residencial,Mar de Ostende,P01,2022-03-09,,,Sucursal,cliente606@gmail.com,2254400779
C1608,Residencial,Cariló,P02,2017-04-20,,,Sucursal,cliente607@gmail.com,+54 2254 459751
C1609,Residencial,Pinamar,P01,2018-03-27,2025-12-11,Disconformidad con el servicio,Sucursal,cliente608@hotmail.com,+54 2254 406899
C1610,Residencial,pinamar,P03,2021-10-23,2026-05-16,Sin motivo declarado,Sucursal,cliente609@hotmail.com,+54 2254 458752
C1611,Residencial,Pinamar,P01,2022-02-16,2025-05-09,Sin motivo declarado,Web,cliente610@gmail.com,
C1612,Residencial,Pinamar,P02,2022-06-07,,,Web,cliente611@hotmail.com,
C1613,Residencial,Ostende,P03,2021-09-08,,,Sucursal,cliente612@telpin.com.ar,02254-401728
C1614,Residencial,Cariló,P03,2023-09-15,2025-10-11,Fin de temporada,Vendedor,cliente613@gmail.com,02254-471127
C1615,Residencial,Ostende,P05,2016-02-23,,,Telefónico,cliente614@gmail.com,2254429825
C1616,Residencial,Cariló,P04,2017-06-24,2025-01-24,Disconformidad con el servicio,Referido,cliente615@hotmail.com,2254431507
C1617,Residencial,Valeria del Mar,P01,2014-01-10,2025-09-11,Competencia,Sucursal,cliente616@gmail.com,+54 2254 487648
C1618,Residencial,Valeria del Mar,P03,2021-06-26,,,Referido,cliente617@gmail.com,+54 2254 460671
C1619,Residencial,Cariló,P02,2022-08-12,2024-08-07,Disconformidad con el servicio,Telefónico,cliente618@hotmail.com,2254497914
C1620,Residencial,Pinamar,P02,2019-07-15,,,Sucursal,cliente619@gmail.com,02254-461232
C1621,Residencial,Ostende,P01,2023-07-30,2025-08-22,Sin motivo declarado,Telefónico,cliente620@hotmail.com,
C1622,residencial,PINAMAR,P01,2020-10-13,,,Telefónico,cliente621@telpin.com.ar,02254-420093
C1623,Residencial,Pinamar,P04,2023-12-25,,,Sucursal,,2254493678
C1624,Residencial,OSTENDE,P02,2023-10-23,2025-07-18,Precio,Web,cliente623@telpin.com.ar,02254-443549
C1625,Residencial,Ostende,P02,2022-08-20,2026-06-10,Precio,Vendedor,cliente624@telpin.com.ar,2254482738
C1626,Residencial,Ostende,P01,2018-11-16,,,Referido,cliente625@yahoo.com.ar,+54 2254 465983
C1627,Residencial,Pinamar,P01,2019-04-01,,,Sucursal,cliente626@gmail.com,+54 2254 489614
C1628,Comercial,  Pinamar ,P06,2020-07-15,,,Sucursal,cliente627@hotmail.com,02254-475714
C1629,Residencial,Pinamar,P04,2022-12-07,,,Sucursal,cliente628@gmail.com,2254413546
C1630,Residencial,Pinamar,P03,2022-10-28,,,Sucursal,cliente629@gmail.com,+54 2254 486297
C1631,Residencial,Cariló,P01,2013-11-19,,,Sucursal,cliente630@hotmail.com,+54 2254 418719
C1632,RESIDENCIAL,Pinamar,P05,2022-08-19,,,Telefónico,cliente631@telpin.com.ar,2254423814
C1633,Residencial,Ostende,P04,2023-05-01,,,Sucursal,cliente632@telpin.com.ar,+54 2254 427207
C1634,Residencial,Mar de Ostende,P02,2015-07-30,,,Web,cliente633@gmail.com,02254-474712
C1635,Residencial,Valeria del Mar,P03,2023-03-11,2025-01-28,Competencia,Sucursal,cliente634@hotmail.com,02254-475511
C1636,Residencial,Pinamar,P04,2020-08-13,,,Web,cliente635@gmail.com,02254-474222
C1637,RESIDENCIAL,Valeria del Mar,P01,2022-09-20,2025-02-24,Disconformidad con el servicio,Web,cliente636@yahoo.com.ar,02254-455909
C1638,Residencial,Pinamar,P03,2020-10-18,,,Vendedor,cliente637@gmail.com,2254457043
C1639,Residencial,Ostende,P01,2023-03-14,,,Sucursal,cliente638@gmail.com,
C1640,Residencial,Pinamar,P01,2019-03-10,,,Telefónico,cliente639@gmail.com,02254-401039
C1641,Comercial,pinamar,P06,2022-12-09,,,Web,,2254495678
C1642,Comercial,Ostende,P06,2022-06-18,,,Referido,cliente641@gmail.com,2254470151
C1643,Residencial,Pinamar,P04,2023-02-20,,,Web,cliente642@gmail.com,02254-452594
C1644,Residencial,Ostende,P02,2020-09-12,,,Web,cliente643@hotmail.com,+54 2254 471388
C1645,Residencial,Ostende,P03,2022-01-27,2024-08-09,Disconformidad con el servicio,Vendedor,cliente644@hotmail.com,
C1646,Residencial,Pinamar,P01,2021-03-13,2025-02-11,Precio,Web,cliente645@hotmail.com,+54 2254 439715
C1647,Residencial,General Madariaga,P03,2022-09-29,,,Sucursal,cliente646@gmail.com,02254-475222
C1648,Residencial,Pinamar,P05,2023-05-08,,,Telefónico,cliente647@gmail.com,+54 2254 485896
C1649,Residencial,Mar de Ostende,P03,2022-11-11,,,Telefónico,cliente648@gmail.com,+54 2254 448791
C1650,Residencial,General Madariaga,P03,2020-06-19,,,Referido,cliente649@hotmail.com,
C1651,Residencial,Pinamar,P05,2014-08-24,2025-05-18,Competencia,Web,cliente650@gmail.com,02254-481222
C1652,Comercial,Pinamar,P06,2020-06-12,,,Referido,cliente651@gmail.com,2254420186
C1653,residencial,  Valeria del Mar ,P03,2022-09-11,,,Web,cliente652@telpin.com.ar,02254-426227
C1654,Comercial,Pinamar,P06,2022-10-11,,,Web,cliente653@gmail.com,+54 2254 433955
C1655,Residencial,valeria del mar,P02,2021-10-01,,,Sucursal,cliente654@hotmail.com,
C1656,Residencial,Pinamar,P03,2017-03-19,,,Sucursal,cliente655@gmail.com,2254441296
C1657,Residencial,Cariló,P03,2023-02-13,,,Vendedor,cliente656@gmail.com,2254418360
C1658,Residencial,Cariló,P02,2020-11-04,,,Sucursal,cliente657@gmail.com,+54 2254 497799
C1659,Residencial,Valeria del Mar,P03,2017-07-30,,,Referido,cliente658@yahoo.com.ar,+54 2254 498992
C1660,Residencial,Valeria del Mar,P03,2023-11-28,,,Telefónico,cliente659@gmail.com,2254473445
C1661,Residencial,Cariló,P02,2019-07-06,,,Web,cliente660@gmail.com,02254-474084
C1662,Residencial,Valeria del Mar,P01,2022-10-28,2026-03-14,Competencia,Telefónico,cliente661@yahoo.com.ar,+54 2254 403708
C1663,Residencial,Mar de Ostende,P03,2019-10-25,2026-04-23,Sin motivo declarado,Referido,cliente662@gmail.com,2254490589
C1664,Comercial,Pinamar,P06,2022-02-17,,,Sucursal,cliente663@yahoo.com.ar,+54 2254 423998
C1665,Residencial,Pinamar,P03,2015-01-22,,,Vendedor,cliente664@hotmail.com,
C1666,COMERCIAL,Pinamar,P06,2020-03-06,,,Sucursal,cliente665@hotmail.com,+54 2254 488436
C1667,Comercial,Pinamar,P06,2020-08-22,,,Referido,,+54 2254 466428
C1668,comercial,  Mar de Ostende ,P06,2022-04-02,,,Sucursal,,2254435031
C1669,Residencial,general madariaga,P01,2018-04-02,2025-07-10,Precio,Sucursal,cliente668@hotmail.com,+54 2254 477421
C1670,Residencial,Pinamar,P01,2019-07-02,,,Web,cliente669@gmail.com,02254-440822
C1671,Residencial,OSTENDE,P01,2022-08-09,,,Sucursal,cliente670@gmail.com,+54 2254 482889
C1672,Residencial,Cariló,P01,2022-10-27,,,Web,,02254-466883
C1673,Residencial,Cariló,P03,2018-11-19,,,Telefónico,cliente672@hotmail.com,02254-473915
C1674,Residencial,Valeria del Mar,P03,2020-10-13,,,Sucursal,cliente673@yahoo.com.ar,+54 2254 421417
C1675,Comercial,Valeria del Mar,P06,2019-10-30,,,Sucursal,cliente674@hotmail.com,02254-446207
C1676,Residencial,Valeria del Mar,P04,2021-11-14,,,Web,,02254-419131
C1677,Residencial,Mar de Ostende,P05,2021-12-21,,,Web,cliente676@hotmail.com,+54 2254 466130
C1678,Residencial,Pinamar,P01,2022-04-18,,,Sucursal,cliente677@telpin.com.ar,2254480701
C1679,Residencial,  Mar de Ostende ,P02,2021-08-25,,,Telefónico,cliente678@gmail.com,02254-416095
C1680,Residencial,General Madariaga,P01,2016-09-02,2024-12-16,Competencia,Telefónico,cliente679@gmail.com,+54 2254 440163
C1681,Residencial,Pinamar,P01,2023-03-16,,,Web,cliente680@gmail.com,+54 2254 411675
C1682,Residencial,General Madariaga,P02,2022-01-31,,,Sucursal,cliente681@hotmail.com,+54 2254 447175
C1683,Residencial,Pinamar,P03,2022-10-06,,,Web,cliente682@gmail.com,+54 2254 408438
C1684,Residencial,Mar de Ostende,P03,2023-05-16,,,Sucursal,cliente683@gmail.com,02254-440535
C1685,Residencial,Pinamar,P02,2022-08-27,,,Vendedor,cliente684@gmail.com,+54 2254 472623
C1686,Residencial,Pinamar,P01,2019-09-05,,,Sucursal,cliente685@gmail.com,+54 2254 439999
C1687,RESIDENCIAL,Pinamar,P02,2021-09-14,,,Sucursal,cliente686@gmail.com,
C1688,Residencial,Ostende,P02,2018-06-05,,,Sucursal,cliente687@gmail.com,02254-411900
C1689,Residencial,Cariló,P02,2022-05-15,,,Vendedor,cliente688@hotmail.com,2254403174
C1690,Residencial,Pinamar,P04,2021-07-29,,,Web,cliente689@hotmail.com,02254-496210
C1691,Residencial,  Pinamar ,P04,2022-04-18,,,Sucursal,cliente690@gmail.com,
C1692,Residencial,Cariló,P01,2021-06-25,,,Sucursal,cliente691@yahoo.com.ar,
C1693,residencial,Pinamar,P04,2023-07-22,2026-03-05,Sin motivo declarado,Sucursal,cliente692@gmail.com,2254423283
C1694,Residencial,ostende,P04,2020-12-20,,,Web,,
C1695,Residencial,Pinamar,P02,2022-03-10,,,Telefónico,cliente694@gmail.com,2254453604
C1696,Residencial,Pinamar,P03,2023-06-25,,,Sucursal,cliente695@gmail.com,+54 2254 401208
C1697,Residencial,Pinamar,P02,2019-05-08,,,Referido,,02254-422463
C1698,Comercial,Mar de Ostende,P06,2022-11-18,2025-09-16,Falta de pago,Web,cliente697@gmail.com,2254474183
C1699,Residencial,General Madariaga,P02,2022-10-10,,,Web,cliente698@telpin.com.ar,02254-496429
C1700,Residencial,Mar de Ostende,P01,2022-12-01,2026-03-19,Fin de temporada,Sucursal,cliente699@gmail.com,2254482400
C1701,Residencial,Mar de Ostende,P01,2023-07-17,,,Referido,cliente700@gmail.com,
C1702,RESIDENCIAL,Pinamar,P02,2023-01-11,,,Sucursal,cliente701@hotmail.com,
C1703,Residencial,MAR DE OSTENDE,P02,2023-07-11,,,Referido,cliente702@yahoo.com.ar,2254443542
C1704,Residencial,Pinamar,P02,2022-07-13,2025-09-18,Disconformidad con el servicio,Telefónico,,2254457049
C1705,Residencial,Mar de Ostende,P04,2023-03-23,,,Sucursal,cliente704@hotmail.com,2254404449
C1706,Residencial,General Madariaga,P03,2023-09-08,,,Referido,cliente705@gmail.com,
C1707,residencial,PINAMAR,P01,2022-01-14,,,Referido,cliente706@yahoo.com.ar,02254-429397
C1708,Residencial,Valeria del Mar,P02,2021-02-03,,,Sucursal,cliente707@gmail.com,+54 2254 436361
C1709,Comercial,cariló,P06,2021-04-22,,,Web,cliente708@hotmail.com,02254-449317
C1710,Residencial,Pinamar,P03,2022-02-22,2025-04-04,Disconformidad con el servicio,Sucursal,,+54 2254 417225
C1711,Residencial,Pinamar,P04,2021-06-18,,,Web,cliente710@telpin.com.ar,
C1712,Comercial,Pinamar,P05,2022-06-04,,,Referido,cliente711@yahoo.com.ar,02254-423709
C1713,COMERCIAL,Valeria del Mar,P06,2017-12-17,,,Vendedor,cliente712@yahoo.com.ar,02254-414373
C1714,Residencial,Valeria del Mar,P03,2023-09-10,,,Sucursal,cliente713@hotmail.com,+54 2254 415051
C1715,Comercial,Pinamar,P06,2022-10-22,,,Web,cliente714@telpin.com.ar,02254-471102
C1716,comercial,Pinamar,P06,2022-07-21,,,Web,cliente715@hotmail.com,+54 2254 449589
C1717,Residencial,Pinamar,P02,2024-04-17,,,Telefónico,cliente716@gmail.com,2254445205
C1718,Residencial,Pinamar,P03,2022-12-12,,,Sucursal,cliente717@gmail.com,2254467092
C1719,Residencial,MAR DE OSTENDE,P02,2023-11-23,2026-01-14,Falta de pago,Web,cliente718@gmail.com,+54 2254 428454
C1720,Residencial,VALERIA DEL MAR,P01,2022-11-27,2024-11-15,Se muda,Sucursal,cliente719@gmail.com,2254417930
C1721,Residencial,Mar de Ostende,P03,2023-11-13,,,Web,cliente720@gmail.com,02254-447202
C1722,residencial,Valeria del Mar,P02,2024-03-13,2024-11-30,Competencia,Web,cliente721@hotmail.com,02254-490290
C1723,Residencial,Pinamar,P04,2023-10-22,2024-09-07,Precio,Vendedor,cliente722@gmail.com,02254-416363
C1724,Residencial,valeria del mar,P04,2019-10-28,,,Vendedor,cliente723@telpin.com.ar,2254403258
C1725,Residencial,Pinamar,P02,2023-06-07,,,Telefónico,cliente724@telpin.com.ar,
C1726,Residencial,PINAMAR,P02,2020-08-03,,,Telefónico,cliente725@yahoo.com.ar,2254434548
C1727,Residencial,Cariló,P02,2019-10-27,,,Sucursal,cliente726@yahoo.com.ar,+54 2254 455420
C1728,Residencial,General Madariaga,P05,2023-03-02,2025-03-17,Sin motivo declarado,Sucursal,cliente727@hotmail.com,+54 2254 447847
C1729,Residencial,Ostende,P02,2022-11-06,,,Sucursal,cliente728@gmail.com,2254439653
C1730,Comercial,Mar de Ostende,P05,2023-08-27,,,Web,cliente729@gmail.com,02254-445890
C1731,Residencial,Pinamar,P03,2023-02-20,,,Sucursal,cliente730@gmail.com,+54 2254 489992
C1732,RESIDENCIAL,Valeria del Mar,P02,2021-12-06,,,Web,cliente731@telpin.com.ar,
C1733,Residencial,Ostende,P03,2022-12-10,,,Web,cliente732@gmail.com,+54 2254 404741
C1734,Residencial,Pinamar,P03,2011-02-03,,,Sucursal,cliente733@hotmail.com,+54 2254 408873
C1735,RESIDENCIAL,cariló,P01,2021-08-26,,,Web,cliente734@hotmail.com,2254432385
C1736,Residencial,Valeria del Mar,P04,2018-04-23,,,Sucursal,cliente735@gmail.com,2254417617
C1737,Residencial,Pinamar,P02,2019-03-05,2026-01-08,Precio,Referido,cliente736@hotmail.com,+54 2254 461553
C1738,Residencial,General Madariaga,P01,2018-12-04,,,Sucursal,cliente737@hotmail.com,+54 2254 485876
C1739,Residencial,Pinamar,P03,2023-09-28,,,Sucursal,cliente738@hotmail.com,2254449615
C1740,Residencial,Ostende,P03,2022-11-07,,,Web,cliente739@hotmail.com,
C1741,Residencial,  Pinamar ,P01,2017-02-24,,,Vendedor,,+54 2254 458211
C1742,Comercial,General Madariaga,P06,2022-08-23,,,Telefónico,cliente741@gmail.com,2254435025
C1743,RESIDENCIAL,General Madariaga,P03,2022-07-16,,,Telefónico,cliente742@yahoo.com.ar,02254-442796
C1744,residencial,Cariló,P05,2022-11-15,,,Sucursal,cliente743@gmail.com,+54 2254 490708
C1745,RESIDENCIAL,Pinamar,P02,2024-03-12,,,Sucursal,cliente744@gmail.com,02254-488643
C1746,Residencial,Cariló,P04,2021-10-15,,,Web,cliente745@hotmail.com,
C1747,Comercial,Valeria del Mar,P06,2021-10-30,,,Web,cliente746@gmail.com,2254413579
C1748,comercial,Pinamar,P06,2022-11-11,,,Sucursal,cliente747@telpin.com.ar,2254441550
C1749,Comercial,Pinamar,P06,2021-09-26,2026-07-21,Sin motivo declarado,Telefónico,cliente748@hotmail.com,+54 2254 422533
C1750,Residencial,Ostende,P01,2022-12-27,,,Sucursal,cliente749@hotmail.com,2254482542
C1751,Residencial,Pinamar,P05,2023-01-30,,,Telefónico,cliente750@telpin.com.ar,+54 2254 482889
C1752,residencial,General Madariaga,P02,2022-05-28,2025-01-15,Disconformidad con el servicio,Vendedor,cliente751@telpin.com.ar,+54 2254 463575
C1753,Residencial,Valeria del Mar,P04,2020-11-14,,,Vendedor,cliente752@gmail.com,+54 2254 406060
C1754,Comercial,Valeria del Mar,P06,2021-01-28,,,Telefónico,cliente753@telpin.com.ar,+54 2254 492161
C1755,Residencial,Pinamar,P02,2023-09-23,,,Telefónico,cliente754@hotmail.com,+54 2254 417993
C1756,Residencial,valeria del mar,P01,2021-10-20,2024-09-13,Competencia,Telefónico,cliente755@hotmail.com,+54 2254 431759
C1757,Residencial,VALERIA DEL MAR,P01,2021-10-04,,,Web,cliente756@gmail.com,+54 2254 486806
C1758,Residencial,Pinamar,P04,2021-07-21,,,Vendedor,cliente757@gmail.com,
C1759,Residencial,Pinamar,P05,2024-01-05,,,Telefónico,cliente758@telpin.com.ar,02254-442682
C1760,Residencial,Ostende,P05,2020-01-16,,,Telefónico,cliente759@gmail.com,2254438491
C1761,Residencial,CARILÓ,P03,2023-07-04,,,Telefónico,cliente760@gmail.com,2254422889
C1762,Residencial,  Pinamar ,P01,2021-12-09,2025-11-24,Disconformidad con el servicio,Sucursal,cliente761@gmail.com,2254497712
C1763,Residencial,General Madariaga,P03,2021-09-08,,,Web,cliente762@hotmail.com,+54 2254 471409
C1764,Residencial,Pinamar,P01,2022-07-17,,,Web,cliente763@gmail.com,02254-410571
C1765,Residencial,Pinamar,P04,2022-11-04,,,Telefónico,cliente764@gmail.com,+54 2254 416506
C1766,Residencial,Valeria del Mar,P02,2023-10-11,2025-09-21,Precio,Referido,,02254-466923
C1767,Residencial,Ostende,P02,2020-09-19,,,Referido,cliente766@telpin.com.ar,02254-409092
C1768,Comercial,Valeria del Mar,P06,2023-12-18,2025-02-03,Competencia,Sucursal,cliente767@hotmail.com,+54 2254 408565
C1769,Residencial,Pinamar,P05,2023-04-16,,,Sucursal,cliente768@gmail.com,
C1770,RESIDENCIAL,Pinamar,P03,2020-08-23,,,Telefónico,cliente769@gmail.com,02254-479036
C1771,Residencial,Pinamar,P03,2022-12-19,,,Sucursal,cliente770@gmail.com,02254-439489
C1772,Residencial,Valeria del Mar,P01,2024-01-16,2026-07-25,Se muda,Web,cliente771@hotmail.com,
C1773,Residencial,Cariló,P01,2023-01-19,2025-10-26,Precio,Telefónico,cliente772@hotmail.com,+54 2254 407228
C1774,Residencial,Pinamar,P03,2022-02-23,,,Sucursal,cliente773@telpin.com.ar,02254-494934
C1775,Residencial,Mar de Ostende,P05,2021-07-30,2025-02-07,Competencia,Sucursal,cliente774@gmail.com,
C1776,Residencial,Pinamar,P03,2023-05-21,,,Referido,cliente775@gmail.com,
C1777,Residencial,Pinamar,P03,2020-08-02,,,Telefónico,cliente776@gmail.com,02254-499427
C1778,Residencial,Pinamar,P02,2022-05-18,2026-05-25,Se muda,Web,cliente777@gmail.com,2254428249
C1779,Residencial,Mar de Ostende,P03,2023-11-07,,,Web,cliente778@hotmail.com,2254407085
C1780,Residencial,Pinamar,P02,2023-05-11,2025-11-20,Precio,Telefónico,cliente779@telpin.com.ar,02254-477984
C1781,Residencial,Pinamar,P02,2019-07-12,,,Web,cliente780@hotmail.com,+54 2254 461248
C1782,Residencial,Pinamar,P01,2020-03-11,2025-12-14,Precio,Referido,cliente781@gmail.com,2254474417
C1783,Residencial,Pinamar,P02,2023-11-24,,,Telefónico,cliente782@hotmail.com,+54 2254 454367
C1784,Residencial,pinamar,P01,2023-07-20,,,Web,cliente783@gmail.com,
C1785,Residencial,Pinamar,P01,2019-03-08,,,Vendedor,cliente784@hotmail.com,02254-478070
C1786,Residencial,General Madariaga,P01,2023-03-03,,,Vendedor,cliente785@hotmail.com,2254427544
C1787,Residencial,Pinamar,P03,2023-06-10,,,Referido,cliente786@gmail.com,+54 2254 430153
C1788,Residencial,Pinamar,P04,2022-05-03,,,Sucursal,cliente787@hotmail.com,2254473153
C1789,Residencial,Pinamar,P02,2023-01-16,2026-03-25,Se muda,Sucursal,cliente788@hotmail.com,2254423694
C1790,Residencial,General Madariaga,P02,2019-11-20,,,Sucursal,cliente789@telpin.com.ar,2254408913
C1791,Comercial,Ostende,P06,2023-09-04,,,Sucursal,,2254447002
C1792,Residencial,Ostende,P03,2019-01-01,,,Sucursal,cliente791@gmail.com,+54 2254 441757
C1793,RESIDENCIAL,Cariló,P02,2020-10-21,,,Web,,2254436754
C1794,Residencial,Mar de Ostende,P04,2021-05-06,,,Web,cliente793@telpin.com.ar,02254-473321
C1795,Residencial,Mar de Ostende,P02,2021-03-15,,,Referido,cliente794@hotmail.com,+54 2254 419215
C1796,Residencial,Pinamar,P03,2022-11-16,,,Telefónico,cliente795@yahoo.com.ar,+54 2254 468895
C1797,Residencial,  Pinamar ,P01,2017-03-12,,,Web,cliente796@telpin.com.ar,02254-406386
C1798,Residencial,Ostende,P01,2021-11-06,,,Web,cliente797@hotmail.com,+54 2254 439123
C1799,Residencial,valeria del mar,P05,2022-02-17,,,Sucursal,cliente798@gmail.com,02254-435243
C1800,Comercial,Pinamar,P05,2022-03-22,,,Referido,cliente799@yahoo.com.ar,2254432244
C1801,Residencial,General Madariaga,P02,2023-10-19,,,Vendedor,cliente800@gmail.com,+54 2254 472426
C1802,Residencial,valeria del mar,P03,2021-04-29,,,Vendedor,cliente801@hotmail.com,02254-488264
C1803,comercial,Mar de Ostende,P06,2023-07-28,,,Telefónico,cliente802@yahoo.com.ar,02254-440241
C1804,Residencial,General Madariaga,P03,2022-07-03,,,Telefónico,cliente803@gmail.com,+54 2254 423908
C1805,Residencial,Pinamar,P02,2021-09-29,2025-12-23,Se muda,Web,cliente804@hotmail.com,02254-430753
C1806,Residencial,Cariló,P02,2021-04-23,,,Sucursal,,
C1807,Residencial,Pinamar,P03,2022-10-27,,,Sucursal,cliente806@gmail.com,2254430996
C1808,Residencial,Mar de Ostende,P01,2022-11-19,2024-09-16,Fin de temporada,Vendedor,cliente807@hotmail.com,02254-491560
C1809,Residencial,General Madariaga,P02,2021-08-14,,,Web,cliente808@hotmail.com,2254416102
C1810,Comercial,Valeria del Mar,P06,2023-05-16,,,Web,cliente809@gmail.com,2254488998
C1811,Residencial,Cariló,P03,2020-10-22,,,Sucursal,cliente810@hotmail.com,2254414772
C1812,Residencial,Pinamar,P01,2017-12-13,,,Sucursal,cliente811@yahoo.com.ar,2254466471
C1813,Residencial,Valeria del Mar,P03,2023-02-09,,,Telefónico,,02254-462688
C1814,Residencial,Pinamar,P04,2023-04-26,,,Sucursal,cliente813@gmail.com,02254-412655
C1815,Residencial,Valeria del Mar,P04,2023-01-06,,,Referido,cliente814@gmail.com,2254430019
C1816,Residencial,Pinamar,P01,2022-07-04,,,Vendedor,cliente815@hotmail.com,+54 2254 448187
C1817,Residencial,  Pinamar ,P02,2022-07-30,,,Sucursal,cliente816@gmail.com,+54 2254 446585
C1818,Residencial,Pinamar,P05,2021-04-03,,,Telefónico,cliente817@gmail.com,02254-488100
C1819,Comercial,VALERIA DEL MAR,P06,2021-11-21,,,Telefónico,cliente818@gmail.com,02254-465670
C1820,Residencial,Pinamar,P02,2020-11-09,,,Sucursal,cliente819@gmail.com,
C1821,Residencial,Pinamar,P01,2022-04-26,,,Web,cliente820@hotmail.com,+54 2254 490967
C1822,Residencial,Pinamar,P02,2021-08-18,,,Web,cliente821@gmail.com,
C1823,Comercial,General Madariaga,P06,2020-09-22,2026-07-16,Disconformidad con el servicio,Sucursal,cliente822@gmail.com,2254495323
C1824,Residencial,General Madariaga,P01,2022-09-05,,,Telefónico,cliente823@hotmail.com,2254461414
C1825,Residencial,General Madariaga,P01,2020-09-16,2025-12-23,Falta de pago,Telefónico,,
C1826,Residencial,  Cariló ,P01,2021-11-03,2024-11-23,Fin de temporada,Vendedor,cliente825@gmail.com,+54 2254 465569
C1827,residencial,Pinamar,P02,2019-02-20,,,Sucursal,cliente826@telpin.com.ar,+54 2254 471703
C1828,Residencial,Pinamar,P02,2022-08-17,,,Sucursal,cliente827@gmail.com,+54 2254 422836
C1829,Comercial,Cariló,P06,2022-02-18,,,Sucursal,cliente828@gmail.com,
C1830,Residencial,Cariló,P04,2024-03-15,,,Web,cliente829@yahoo.com.ar,
C1831,Residencial,Cariló,P02,2022-04-25,,,Vendedor,cliente830@gmail.com,02254-401029
C1832,Residencial,OSTENDE,P04,2016-06-06,,,Vendedor,cliente831@gmail.com,02254-455208
C1833,Residencial,  Pinamar ,P01,2015-10-15,,,Web,cliente832@hotmail.com,2254410098
C1834,Residencial,OSTENDE,P05,2020-03-11,,,Telefónico,cliente833@yahoo.com.ar,02254-485113
C1835,Residencial,Pinamar,P03,2022-03-02,,,Vendedor,cliente834@hotmail.com,02254-491012
C1836,Residencial,Pinamar,P03,2022-03-02,,,Sucursal,cliente835@hotmail.com,2254476362
C1837,Residencial,Valeria del Mar,P03,2023-04-08,2024-12-28,Fin de temporada,Web,cliente836@yahoo.com.ar,02254-408015
C1838,Residencial,Pinamar,P04,2021-12-12,,,Referido,,02254-481272
C1839,Residencial,pinamar,P03,2022-12-30,,,Vendedor,cliente838@gmail.com,02254-499511
C1840,Residencial,Pinamar,P01,2022-07-16,,,Telefónico,cliente839@gmail.com,2254421966
C1841,Residencial,Pinamar,P01,2023-04-22,,,Telefónico,cliente840@gmail.com,2254439780
C1842,Residencial,Pinamar,P01,2023-02-08,,,Telefónico,cliente841@gmail.com,2254482028
C1843,Residencial,Pinamar,P04,2022-03-03,,,Telefónico,,+54 2254 494503
C1844,Residencial,Ostende,P01,2021-11-15,,,Vendedor,cliente843@hotmail.com,2254442555
C1845,residencial,General Madariaga,P01,2022-01-28,,,Web,cliente844@telpin.com.ar,+54 2254 442166
C1846,Residencial,Cariló,P01,2021-12-10,,,Sucursal,cliente845@hotmail.com,2254432846
C1847,Residencial,Cariló,P05,2022-09-16,,,Web,cliente846@hotmail.com,+54 2254 400845
C1848,Residencial,ostende,P02,2022-03-16,,,Web,,02254-455628
C1849,Residencial,Pinamar,P02,2019-06-12,,,Vendedor,cliente848@gmail.com,+54 2254 441165
C1850,Residencial,GENERAL MADARIAGA,P05,2021-06-19,,,Sucursal,cliente849@hotmail.com,2254431343
C1851,Residencial,Cariló,P03,2020-01-31,,,Telefónico,,+54 2254 400203
C1852,Residencial,Valeria del Mar,P01,2023-05-05,2024-12-24,Disconformidad con el servicio,Sucursal,cliente851@gmail.com,02254-435247
C1853,Residencial,Pinamar,P02,2022-12-20,2025-10-01,Precio,Vendedor,cliente852@hotmail.com,2254418254
C1854,Residencial,Mar de Ostende,P03,2021-09-14,,,Telefónico,cliente853@gmail.com,2254488910
C1855,Residencial,Pinamar,P04,2020-12-11,,,Sucursal,cliente854@gmail.com,02254-468790
C1856,Residencial,General Madariaga,P04,2017-12-03,2025-05-04,Sin motivo declarado,Sucursal,cliente855@telpin.com.ar,02254-414694
C1857,Comercial,valeria del mar,P06,2019-05-05,,,Telefónico,cliente856@hotmail.com,+54 2254 420969
C1858,Residencial,Cariló,P02,2023-04-22,,,Referido,cliente857@telpin.com.ar,+54 2254 444883
C1859,Residencial,Pinamar,P04,2023-10-19,2024-10-23,Falta de pago,Web,cliente858@gmail.com,
C1860,Comercial,Pinamar,P06,2020-09-30,,,Web,cliente859@gmail.com,02254-456117
C1861,Comercial,Pinamar,P06,2022-11-17,,,Referido,cliente860@gmail.com,02254-433282
C1862,Residencial,  Mar de Ostende ,P04,2024-05-20,2024-12-14,Falta de pago,Vendedor,cliente861@hotmail.com,02254-494312
C1863,Residencial,Pinamar,P03,2022-11-26,2024-12-08,Falta de pago,Telefónico,cliente862@hotmail.com,+54 2254 435916
C1864,Residencial,Ostende,P01,2023-01-09,,,Sucursal,cliente863@yahoo.com.ar,02254-486684
C1865,Residencial,Valeria del Mar,P01,2022-12-13,,,Sucursal,cliente864@gmail.com,
C1866,Residencial,Ostende,P03,2017-06-28,,,Vendedor,cliente865@hotmail.com,02254-427842
C1867,Residencial,Pinamar,P02,2022-05-30,,,Web,,2254438778
C1868,residencial,General Madariaga,P02,2022-12-30,,,Vendedor,cliente867@telpin.com.ar,2254422899
C1869,Residencial,Cariló,P03,2022-08-01,,,Telefónico,cliente868@gmail.com,2254450774
C1870,Residencial,Pinamar,P01,2023-03-28,,,Telefónico,,
C1871,residencial,Ostende,P02,2023-09-24,,,Referido,cliente870@hotmail.com,2254425574
C1872,Residencial,Valeria del Mar,P02,2019-07-09,,,Telefónico,cliente871@gmail.com,2254481647
C1873,Residencial,Mar de Ostende,P02,2022-07-27,,,Vendedor,cliente872@gmail.com,+54 2254 446272
C1874,Residencial,General Madariaga,P03,2023-11-10,2025-10-19,Se muda,Vendedor,cliente873@gmail.com,2254464017
C1875,Residencial,Pinamar,P01,2021-11-10,,,Sucursal,cliente874@yahoo.com.ar,
C1876,Residencial,Mar de Ostende,P02,2024-06-10,2026-04-06,Fin de temporada,Vendedor,cliente875@hotmail.com,02254-488953
C1877,Residencial,General Madariaga,P03,2022-01-14,2024-08-04,Precio,Sucursal,cliente876@gmail.com,02254-444646
C1878,Residencial,General Madariaga,P03,2022-10-25,2025-01-07,Sin motivo declarado,Web,cliente877@gmail.com,2254437580
C1879,Residencial,Pinamar,P03,2016-01-01,,,Referido,cliente878@gmail.com,02254-489742
C1880,Residencial,Pinamar,P04,2018-08-27,,,Sucursal,cliente879@gmail.com,+54 2254 490653
C1881,Residencial,Mar de Ostende,P02,2023-09-18,,,Sucursal,cliente880@gmail.com,2254419275
C1882,Residencial,Mar de Ostende,P01,2021-04-16,,,Referido,cliente881@hotmail.com,02254-451916
C1883,Residencial,General Madariaga,P05,2023-03-17,,,Web,cliente882@gmail.com,+54 2254 497972
C1884,Residencial,Pinamar,P04,2023-02-05,2025-01-22,Precio,Telefónico,cliente883@telpin.com.ar,
C1885,Residencial,Pinamar,P02,2022-11-07,,,Sucursal,cliente884@gmail.com,2254482166
C1886,RESIDENCIAL,Valeria del Mar,P02,2023-01-23,2026-04-26,Fin de temporada,Telefónico,cliente885@gmail.com,+54 2254 464422
C1887,Residencial,Cariló,P01,2021-05-24,,,Web,cliente886@hotmail.com,02254-404977
C1888,Residencial,Pinamar,P03,2023-11-07,,,Telefónico,cliente887@gmail.com,+54 2254 427896
C1889,Residencial,Pinamar,P01,2021-06-02,,,Telefónico,cliente888@hotmail.com,+54 2254 491634
C1890,RESIDENCIAL,Ostende,P03,2022-07-10,2025-01-06,Disconformidad con el servicio,Telefónico,cliente889@gmail.com,02254-426299
C1891,Residencial,Ostende,P02,2020-12-30,,,Vendedor,cliente890@hotmail.com,
C1892,Residencial,Pinamar,P05,2021-11-06,2025-09-14,Falta de pago,Telefónico,cliente891@gmail.com,+54 2254 431321
C1893,Residencial,General Madariaga,P02,2022-10-27,,,Referido,cliente892@yahoo.com.ar,+54 2254 440308
C1894,Residencial,Pinamar,P03,2019-05-28,,,Telefónico,cliente893@hotmail.com,2254449654
C1895,Residencial,OSTENDE,P03,2023-02-26,,,Web,cliente894@gmail.com,
C1896,residencial,General Madariaga,P02,2017-12-03,,,Web,cliente895@hotmail.com,
C1897,residencial,Pinamar,P03,2022-09-10,2026-05-30,Competencia,Sucursal,cliente896@hotmail.com,2254435811
C1898,RESIDENCIAL,Ostende,P02,2016-02-29,,,Sucursal,cliente897@gmail.com,+54 2254 410926
C1899,Residencial,Pinamar,P02,2023-05-01,2026-04-09,Sin motivo declarado,Web,cliente898@gmail.com,02254-461113
C1900,RESIDENCIAL,Valeria del Mar,P01,2022-03-18,,,Sucursal,cliente899@hotmail.com,2254474257
C1901,Residencial,Pinamar,P02,2019-01-28,,,Sucursal,cliente900@telpin.com.ar,2254469773
C1902,Residencial,Pinamar,P05,2021-01-19,,,Web,cliente901@yahoo.com.ar,+54 2254 409381
C1903,Residencial,General Madariaga,P02,2022-05-08,2025-06-19,Competencia,Referido,cliente902@hotmail.com,2254458469
C1904,Residencial,General Madariaga,P03,2023-10-23,,,Telefónico,cliente903@telpin.com.ar,2254438151
C1905,Comercial,Cariló,P06,2023-03-26,,,Web,cliente904@gmail.com,02254-417978
C1906,Residencial,Pinamar,P04,2022-06-02,,,Telefónico,cliente905@gmail.com,2254402982
C1907,Residencial,CARILÓ,P02,2022-02-01,,,Referido,cliente906@telpin.com.ar,2254450765
C1908,Residencial,Pinamar,P05,2024-03-10,,,Web,cliente907@gmail.com,
C1909,Residencial,Pinamar,P01,2023-05-20,,,Telefónico,cliente908@gmail.com,+54 2254 434707
C1910,Residencial,Valeria del Mar,P01,2021-12-02,2025-03-29,Fin de temporada,Telefónico,cliente909@gmail.com,2254430772
C1911,Residencial,Pinamar,P02,2022-11-01,,,Telefónico,,02254-418119
C1912,Comercial,Cariló,P06,2011-12-24,,,Vendedor,cliente911@gmail.com,02254-445647
C1913,COMERCIAL,Cariló,P05,2022-08-26,,,Telefónico,cliente912@hotmail.com,02254-481675
C1914,Residencial,Ostende,P03,2021-02-16,,,Web,cliente913@telpin.com.ar,02254-410018
C1915,Residencial,General Madariaga,P03,2013-06-16,,,Sucursal,cliente914@telpin.com.ar,
C1916,residencial,Cariló,P03,2020-04-10,,,Telefónico,cliente915@hotmail.com,+54 2254 494170
C1917,Residencial,Pinamar,P03,2023-02-09,,,Sucursal,cliente916@yahoo.com.ar,
C1918,Residencial,Mar de Ostende,P02,2022-08-07,,,Sucursal,cliente917@gmail.com,2254472287
C1919,Residencial,Pinamar,P02,2023-07-21,,,Web,cliente918@hotmail.com,2254400499
C1920,Residencial,GENERAL MADARIAGA,P04,2023-10-26,,,Sucursal,cliente919@telpin.com.ar,2254468024
C1921,Residencial,Cariló,P02,2016-03-19,,,Sucursal,,+54 2254 429997
C1922,Residencial,Pinamar,P02,2017-07-22,2025-02-05,Disconformidad con el servicio,Sucursal,cliente921@gmail.com,+54 2254 443689
C1923,Residencial,Pinamar,P01,2019-07-29,,,Sucursal,cliente922@gmail.com,+54 2254 453690
C1924,Residencial,Cariló,P04,2021-12-25,2024-10-23,Falta de pago,Vendedor,cliente923@hotmail.com,+54 2254 419245
C1925,residencial,Pinamar,P05,2024-02-03,,,Web,,
C1926,Residencial,General Madariaga,P02,2022-03-29,,,Referido,cliente925@hotmail.com,02254-415453
C1927,Residencial,Valeria del Mar,P02,2022-12-08,2025-11-03,Disconformidad con el servicio,Telefónico,cliente926@gmail.com,2254427764
C1928,Residencial,General Madariaga,P02,2020-02-06,,,Sucursal,cliente927@telpin.com.ar,+54 2254 440519
C1929,Residencial,Pinamar,P02,2018-01-12,,,Web,,+54 2254 467847
C1930,Residencial,Cariló,P02,2020-01-01,,,Sucursal,cliente929@gmail.com,2254498381
C1931,Residencial,Valeria del Mar,P02,2023-03-25,,,Sucursal,cliente930@gmail.com,2254455345
C1932,Residencial,Pinamar,P03,2023-10-06,2024-09-05,Precio,Sucursal,cliente931@gmail.com,2254447267
C1933,Residencial,Cariló,P04,2018-04-09,,,Sucursal,cliente932@hotmail.com,02254-431270
C1934,Residencial,General Madariaga,P01,2022-02-13,,,Sucursal,cliente933@hotmail.com,+54 2254 446990
C1935,Comercial,Pinamar,P05,2022-12-16,,,Web,cliente934@gmail.com,2254450646
C1936,Comercial,Mar de Ostende,P06,2019-08-21,2026-07-10,Se muda,Web,cliente935@hotmail.com,+54 2254 427845
C1937,Residencial,Pinamar,P04,2020-12-10,,,Web,cliente936@hotmail.com,02254-424149
C1938,Comercial,Pinamar,P06,2024-06-11,,,Telefónico,cliente937@yahoo.com.ar,02254-464373
C1939,RESIDENCIAL,Pinamar,P01,2023-05-06,,,Vendedor,cliente938@gmail.com,02254-475230
C1940,Residencial,Mar de Ostende,P01,2023-12-25,,,Sucursal,cliente939@hotmail.com,+54 2254 458838
C1941,Residencial,MAR DE OSTENDE,P02,2022-12-12,,,Referido,cliente940@hotmail.com,02254-442360
C1942,Residencial,Pinamar,P03,2020-02-02,,,Web,cliente941@gmail.com,02254-410587
C1943,Residencial,Pinamar,P04,2020-09-05,,,Sucursal,cliente942@gmail.com,+54 2254 427399
C1944,Comercial,Valeria del Mar,P06,2019-06-01,,,Referido,cliente943@hotmail.com,2254429561
C1945,Residencial,Ostende,P04,2017-08-20,2025-12-21,Competencia,Sucursal,cliente944@gmail.com,2254421448
C1946,Residencial,Cariló,P02,2022-10-06,,,Vendedor,cliente945@gmail.com,02254-460004
C1947,Residencial,OSTENDE,P02,2018-12-05,,,Vendedor,cliente946@hotmail.com,02254-466676
C1948,Comercial,General Madariaga,P06,2023-05-28,,,Web,cliente947@telpin.com.ar,+54 2254 426541
C1949,Residencial,Pinamar,P04,2023-10-03,2026-04-14,Falta de pago,Sucursal,,2254410068
C1950,Residencial,General Madariaga,P04,2020-09-09,,,Sucursal,cliente949@gmail.com,+54 2254 408677
C1951,Residencial,Ostende,P01,2022-07-20,2025-05-14,Precio,Web,cliente950@gmail.com,2254473923
C1952,Residencial,Pinamar,P05,2022-12-17,,,Sucursal,cliente951@telpin.com.ar,02254-440241
C1953,Residencial,PINAMAR,P03,2021-09-15,2026-07-02,Competencia,Sucursal,cliente952@gmail.com,+54 2254 475995
C1954,Residencial,Pinamar,P01,2024-03-01,,,Vendedor,cliente953@gmail.com,02254-444327
C1955,Residencial,General Madariaga,P03,2021-06-20,,,Web,cliente954@yahoo.com.ar,+54 2254 458371
C1956,Residencial,Valeria del Mar,P05,2023-12-24,,,Sucursal,cliente955@gmail.com,
C1957,Residencial,Pinamar,P05,2023-05-31,,,Referido,cliente956@yahoo.com.ar,+54 2254 422609
C1958,Residencial,General Madariaga,P01,2022-12-05,,,Web,cliente957@hotmail.com,02254-464623
C1959,Residencial,Pinamar,P03,2024-02-11,,,Web,cliente958@gmail.com,2254450646
C1960,Residencial,Mar de Ostende,P02,2023-01-30,,,Sucursal,cliente959@yahoo.com.ar,+54 2254 450618
C1961,Residencial,Pinamar,P05,2021-03-09,,,Vendedor,cliente960@gmail.com,2254454285
C1962,Residencial,Mar de Ostende,P02,2022-12-24,2025-03-15,Fin de temporada,Sucursal,cliente961@gmail.com,02254-496537
C1963,Comercial,Pinamar,P06,2021-04-12,,,Sucursal,,02254-488593
C1964,Residencial,Pinamar,P01,2020-12-20,,,Web,cliente963@gmail.com,02254-472131
C1965,Residencial,Pinamar,P02,2022-05-22,,,Sucursal,cliente964@gmail.com,2254465503
C1966,Residencial,  Ostende ,P01,2021-05-14,,,Sucursal,cliente965@gmail.com,2254408929
C1967,Residencial,Pinamar,P02,2020-04-23,,,Web,cliente966@gmail.com,
C1968,residencial,Mar de Ostende,P01,2022-04-20,,,Sucursal,cliente967@gmail.com,2254490195
C1969,Comercial,Pinamar,P06,2022-11-01,,,Telefónico,cliente968@hotmail.com,2254434787
C1970,Comercial,Ostende,P05,2014-07-10,,,Sucursal,,+54 2254 475214
C1971,Residencial,Ostende,P02,2022-08-24,,,Web,cliente970@gmail.com,
C1972,Residencial,Valeria del Mar,P02,2023-03-20,,,Sucursal,cliente971@gmail.com,2254436385
C1973,Residencial,Cariló,P03,2020-09-08,,,Sucursal,cliente972@hotmail.com,+54 2254 469148
C1974,Residencial,Pinamar,P01,2022-07-13,2025-06-28,Disconformidad con el servicio,Web,cliente973@hotmail.com,
C1975,Comercial,Cariló,P06,2024-01-11,,,Sucursal,,+54 2254 456653
C1976,residencial,Pinamar,P02,2020-03-22,,,Web,cliente975@gmail.com,+54 2254 406720
C1977,Residencial,Ostende,P02,2024-01-14,,,Vendedor,cliente976@hotmail.com,02254-444842
C1978,Residencial,Pinamar,P02,2023-04-03,,,Sucursal,cliente977@telpin.com.ar,
C1979,Residencial,Pinamar,P04,2024-03-04,,,Web,cliente978@yahoo.com.ar,
C1980,Residencial,Valeria del Mar,P02,2023-10-17,,,Referido,cliente979@gmail.com,02254-465992
C1981,Residencial,Pinamar,P01,2023-07-24,2025-01-21,Competencia,Sucursal,cliente980@telpin.com.ar,02254-441272
C1982,Residencial,Ostende,P02,2018-04-26,,,Vendedor,cliente981@gmail.com,
C1983,Residencial,Pinamar,P04,2022-05-06,2025-07-06,Sin motivo declarado,Web,,+54 2254 490133
C1984,Residencial,General Madariaga,P03,2022-10-18,,,Vendedor,cliente983@gmail.com,+54 2254 485704
C1985,RESIDENCIAL,Valeria del Mar,P04,2023-11-15,,,Web,cliente984@gmail.com,+54 2254 431140
C1986,Residencial,Valeria del Mar,P04,2015-06-29,,,Sucursal,cliente985@hotmail.com,+54 2254 426243
C1987,Residencial,General Madariaga,P01,2020-10-15,,,Sucursal,cliente986@hotmail.com,+54 2254 450350
C1988,Residencial,Pinamar,P03,2022-05-03,2025-03-12,Precio,Sucursal,cliente987@hotmail.com,2254418199
C1989,Residencial,Pinamar,P05,2013-10-05,2025-07-21,Precio,Telefónico,cliente988@telpin.com.ar,2254449173
C1990,Residencial,Cariló,P01,2021-09-07,2024-11-25,Precio,Telefónico,,
C1991,Comercial,Ostende,P06,2022-12-16,,,Web,cliente990@hotmail.com,2254412775
C1992,Residencial,Pinamar,P02,2022-07-26,,,Sucursal,cliente991@gmail.com,+54 2254 405007
C1993,Residencial,Pinamar,P02,2020-04-08,,,Web,cliente992@hotmail.com,2254406014
C1994,Residencial,Pinamar,P05,2021-02-26,,,Telefónico,cliente993@telpin.com.ar,+54 2254 442752
C1995,Residencial,Ostende,P03,2023-05-14,,,Sucursal,cliente994@telpin.com.ar,2254452993
C1996,residencial,General Madariaga,P01,2022-12-21,,,Telefónico,,02254-471926
C1997,Residencial,Pinamar,P03,2021-05-13,,,Vendedor,cliente996@hotmail.com,+54 2254 479541
C1998,Comercial,General Madariaga,P06,2023-05-19,2026-06-12,Precio,Telefónico,cliente997@gmail.com,+54 2254 477154
C1999,Residencial,Pinamar,P05,2024-05-13,,,Web,cliente998@hotmail.com,2254401866
C2000,Comercial,Pinamar,P06,2021-06-24,,,Telefónico,cliente999@hotmail.com,+54 2254 498650
C2001,residencial,Ostende,P01,2022-08-31,2024-10-05,Disconformidad con el servicio,Web,cliente1000@gmail.com,+54 2254 426393
C2002,Residencial,Mar de Ostende,P01,2018-11-01,,,Referido,cliente1001@yahoo.com.ar,02254-465408
C2003,residencial,Pinamar,P03,2021-12-05,,,Sucursal,cliente1002@hotmail.com,2254410730
C2004,Residencial,Ostende,P03,2021-01-09,2026-01-17,Falta de pago,Sucursal,cliente1003@hotmail.com,02254-499961
C2005,Residencial,Pinamar,P01,2020-07-05,,,Vendedor,cliente1004@gmail.com,
C2006,Residencial,Ostende,P01,2023-05-30,,,Telefónico,,2254401910
C2007,Residencial,Ostende,P02,2023-09-28,,,Vendedor,cliente1006@gmail.com,+54 2254 422650
C2008,Residencial,Ostende,P02,2023-02-03,,,Web,cliente1007@hotmail.com,+54 2254 401304
C2009,Residencial,Cariló,P02,2023-04-01,,,Web,cliente1008@gmail.com,02254-437388
C2010,Residencial,Pinamar,P05,2019-11-18,,,Vendedor,cliente1009@hotmail.com,2254487855
C2011,residencial,Pinamar,P05,2018-02-02,2025-02-25,Falta de pago,Vendedor,cliente1010@hotmail.com,2254496498
C2012,Comercial,Pinamar,P05,2020-03-15,,,Telefónico,cliente1011@gmail.com,2254448519
C2013,Residencial,General Madariaga,P02,2021-12-03,,,Sucursal,cliente1012@gmail.com,2254479757
C2014,residencial,Ostende,P02,2022-02-05,2025-04-15,Se muda,Sucursal,cliente1013@gmail.com,02254-481200
C2015,Residencial,Valeria del Mar,P02,2019-11-16,,,Sucursal,cliente1014@hotmail.com,
C2016,Residencial,Pinamar,P03,2023-03-04,,,Sucursal,cliente1015@hotmail.com,02254-429965
C2017,RESIDENCIAL,Ostende,P04,2022-03-22,,,Vendedor,cliente1016@gmail.com,
C2018,Residencial,General Madariaga,P02,2017-08-25,,,Sucursal,cliente1017@hotmail.com,2254468056
C2019,Residencial,Mar de Ostende,P02,2020-01-30,2024-09-20,Fin de temporada,Telefónico,cliente1018@telpin.com.ar,02254-437771
C2020,Residencial,Mar de Ostende,P02,2021-04-23,,,Telefónico,,02254-404065
C2021,Comercial,Pinamar,P06,2021-03-03,,,Referido,cliente1020@gmail.com,+54 2254 434561
C2022,Residencial,Pinamar,P05,2021-08-22,,,Sucursal,cliente1021@telpin.com.ar,2254405700
C2023,Comercial,Cariló,P05,2022-02-21,,,Vendedor,cliente1022@gmail.com,02254-441204
C2024,Residencial,pinamar,P01,2022-08-22,2025-10-16,Sin motivo declarado,Telefónico,cliente1023@gmail.com,02254-426269
C2025,residencial,Valeria del Mar,P04,2021-03-26,,,Sucursal,cliente1024@yahoo.com.ar,02254-451558
C2026,Residencial,Ostende,P01,2021-07-02,,,Sucursal,cliente1025@yahoo.com.ar,2254419596
C2027,Residencial,Pinamar,P05,2017-08-13,,,Vendedor,cliente1026@yahoo.com.ar,02254-497785
C2028,Residencial,Ostende,P01,2021-10-05,2025-08-02,Falta de pago,Telefónico,cliente1027@gmail.com,2254465098
C2029,Comercial,  Valeria del Mar ,P06,2023-07-11,,,Telefónico,cliente1028@gmail.com,+54 2254 484643
C2030,Residencial,Pinamar,P01,2021-11-16,,,Sucursal,,02254-474781
C2031,Residencial,Pinamar,P03,2019-10-19,,,Web,cliente1030@gmail.com,02254-489059
C2032,Comercial,Pinamar,P06,2021-01-12,,,Telefónico,cliente1031@hotmail.com,+54 2254 437249
C2033,Residencial,Pinamar,P03,2024-02-20,2024-08-22,Competencia,Sucursal,cliente1032@telpin.com.ar,02254-476858
C2034,Residencial,Mar de Ostende,P03,2019-09-12,,,Telefónico,cliente1033@hotmail.com,+54 2254 452641
C2035,Comercial,Pinamar,P06,2024-02-13,,,Telefónico,cliente1034@gmail.com,2254424728
C2036,Residencial,Valeria del Mar,P02,2022-06-09,,,Vendedor,cliente1035@gmail.com,
C2037,Residencial,Ostende,P02,2021-04-09,,,Sucursal,cliente1036@hotmail.com,02254-450143
C2038,Residencial,  Pinamar ,P01,2021-10-02,,,Sucursal,cliente1037@yahoo.com.ar,02254-466485
C2039,Comercial,Valeria del Mar,P05,2024-05-10,,,Referido,cliente1038@yahoo.com.ar,2254495567
C2040,Residencial,Ostende,P04,2021-10-08,,,Sucursal,cliente1039@gmail.com,2254444465
C2041,Residencial,  Valeria del Mar ,P04,2023-03-26,,,Sucursal,cliente1040@gmail.com,02254-492617
C2042,Residencial,MAR DE OSTENDE,P04,2016-08-08,2025-02-21,Precio,Web,cliente1041@gmail.com,
C2043,Residencial,Pinamar,P02,2020-09-13,,,Vendedor,,02254-416425
C2044,RESIDENCIAL,pinamar,P05,2023-08-04,,,Telefónico,cliente1043@hotmail.com,
C2045,Residencial,Valeria del Mar,P04,2019-12-02,2024-11-27,Disconformidad con el servicio,Telefónico,,2254417343
C2046,Residencial,Pinamar,P01,2023-07-16,,,Telefónico,cliente1045@gmail.com,2254436354
C2047,Residencial,Mar de Ostende,P02,2023-07-21,,,Web,cliente1046@hotmail.com,+54 2254 429088
C2048,Residencial,Pinamar,P03,2023-08-30,,,Sucursal,cliente1047@telpin.com.ar,02254-416214
C2049,RESIDENCIAL,Valeria del Mar,P02,2020-10-16,,,Telefónico,,02254-421028
C2050,RESIDENCIAL,Pinamar,P02,2020-03-06,,,Referido,cliente1049@telpin.com.ar,+54 2254 471242
C2051,Residencial,OSTENDE,P02,2023-11-11,,,Vendedor,cliente1050@hotmail.com,+54 2254 420405
C2052,Residencial,Mar de Ostende,P02,2017-03-06,2026-06-04,Falta de pago,Sucursal,cliente1051@gmail.com,02254-411686
C2053,residencial,Pinamar,P01,2023-08-09,2025-04-29,Precio,Web,cliente1052@gmail.com,02254-465331
C2054,Residencial,Ostende,P02,2023-04-26,2026-07-28,Precio,Referido,cliente1053@gmail.com,2254482673
C2055,Residencial,Ostende,P03,2019-10-19,,,Telefónico,cliente1054@gmail.com,02254-418497
C2056,Residencial,Valeria del Mar,P03,2018-12-10,,,Sucursal,cliente1055@hotmail.com,+54 2254 460157
C2057,Residencial,Pinamar,P04,2021-05-22,,,Sucursal,,2254450876
C2058,Residencial,Ostende,P02,2021-11-04,,,Web,cliente1057@gmail.com,+54 2254 448721
C2059,Residencial,Ostende,P04,2021-10-05,,,Telefónico,cliente1058@gmail.com,
C2060,Residencial,pinamar,P01,2024-06-18,2024-10-24,Sin motivo declarado,Sucursal,cliente1059@gmail.com,02254-417395
C2061,Residencial,Ostende,P02,2018-02-17,2024-10-18,Disconformidad con el servicio,Sucursal,cliente1060@gmail.com,02254-442863
C2062,Residencial,Pinamar,P01,2024-02-08,,,Sucursal,cliente1061@hotmail.com,02254-426652
C2063,Residencial,Pinamar,P01,2022-08-26,,,Telefónico,cliente1062@gmail.com,02254-480393
C2064,residencial,Cariló,P01,2022-02-02,,,Vendedor,cliente1063@gmail.com,2254439282
C2065,Residencial,Valeria del Mar,P01,2023-06-17,,,Vendedor,cliente1064@gmail.com,2254411094
C2066,RESIDENCIAL,Pinamar,P03,2021-12-01,2025-08-26,Precio,Telefónico,cliente1065@gmail.com,02254-429340
C2067,Residencial,Pinamar,P01,2016-08-14,,,Sucursal,,
C2068,Residencial,Cariló,P01,2022-02-02,,,Sucursal,cliente1067@hotmail.com,
C2069,Residencial,Pinamar,P02,2023-11-19,,,Telefónico,cliente1068@hotmail.com,02254-489425
C2070,Residencial,Cariló,P02,2019-11-16,,,Vendedor,cliente1069@hotmail.com,02254-492348
C2071,Residencial,Pinamar,P01,2023-07-15,2024-10-31,Precio,Web,cliente1070@hotmail.com,02254-435093
C2072,Residencial,Pinamar,P02,2021-04-19,,,Sucursal,cliente1071@gmail.com,2254406047
C2073,Residencial,Valeria del Mar,P01,2020-10-25,,,Sucursal,cliente1072@hotmail.com,2254495617
C2074,Residencial,Pinamar,P02,2018-03-23,,,Sucursal,cliente1073@yahoo.com.ar,+54 2254 495266
C2075,Residencial,GENERAL MADARIAGA,P01,2020-05-07,,,Vendedor,cliente1074@hotmail.com,2254493158
C2076,Residencial,Mar de Ostende,P03,2023-04-19,2024-08-22,Se muda,Referido,cliente1075@gmail.com,2254469901
C2077,RESIDENCIAL,Pinamar,P02,2022-06-22,,,Telefónico,cliente1076@gmail.com,2254438069
C2078,Residencial,Valeria del Mar,P02,2017-06-06,,,Web,cliente1077@hotmail.com,+54 2254 437766
C2079,Residencial,General Madariaga,P05,2023-01-07,,,Web,cliente1078@gmail.com,+54 2254 486568
C2080,RESIDENCIAL,Pinamar,P01,2014-09-17,,,Sucursal,,02254-435117
C2081,Comercial,General Madariaga,P06,2023-03-09,,,Sucursal,cliente1080@hotmail.com,02254-405668
C2082,Residencial,Pinamar,P02,2021-10-21,,,Referido,cliente1081@gmail.com,+54 2254 475291
C2083,Residencial,Cariló,P02,2020-12-07,,,Referido,cliente1082@hotmail.com,2254427871
C2084,Residencial,Valeria del Mar,P02,2023-12-02,,,Sucursal,,02254-406244
C2085,Residencial,Ostende,P02,2021-04-16,,,Vendedor,cliente1084@gmail.com,+54 2254 489193
C2086,Residencial,Valeria del Mar,P01,2015-12-31,,,Web,cliente1085@telpin.com.ar,02254-486594
C2087,Residencial,Cariló,P05,2022-12-12,,,Vendedor,cliente1086@hotmail.com,02254-439513
C2088,Comercial,Pinamar,P06,2020-02-23,,,Vendedor,cliente1087@hotmail.com,02254-471079
C2089,Residencial,Mar de Ostende,P02,2022-09-21,,,Sucursal,cliente1088@hotmail.com,+54 2254 400576
C2090,Comercial,Pinamar,P06,2022-09-26,,,Sucursal,cliente1089@gmail.com,02254-402141
C2091,Comercial,Cariló,P06,2024-06-24,2025-12-19,Precio,Sucursal,cliente1090@hotmail.com,
C2092,Residencial,Mar de Ostende,P02,2022-01-17,2025-01-19,Sin motivo declarado,Vendedor,cliente1091@hotmail.com,
C2093,residencial,PINAMAR,P04,2020-08-02,,,Vendedor,cliente1092@hotmail.com,02254-444182
C2094,Residencial,Ostende,P04,2023-07-01,2026-02-14,Se muda,Sucursal,cliente1093@gmail.com,2254445429
C2095,Comercial,Pinamar,P05,2021-04-18,,,Web,,2254459329
C2096,Residencial,Pinamar,P01,2024-03-01,2024-10-17,Precio,Vendedor,cliente1095@gmail.com,+54 2254 435599
C2097,Residencial,Pinamar,P02,2023-10-13,,,Sucursal,,02254-437912
C2098,Comercial,Cariló,P06,2022-09-27,,,Vendedor,cliente1097@telpin.com.ar,02254-466466
C2099,Residencial,pinamar,P01,2024-02-07,,,Vendedor,cliente1098@telpin.com.ar,2254421389
C2100,Residencial,Valeria del Mar,P02,2018-08-08,,,Telefónico,cliente1099@hotmail.com,2254430352
C2101,Residencial,Pinamar,P03,2019-11-21,,,Telefónico,cliente1100@gmail.com,02254-428452
C2102,Residencial,Ostende,P02,2022-08-17,,,Telefónico,cliente1101@hotmail.com,2254452166
C2103,Residencial,Pinamar,P03,2022-10-25,,,Telefónico,cliente1102@hotmail.com,02254-473620
C2104,Residencial,Pinamar,P02,2022-09-29,,,Sucursal,cliente1103@hotmail.com,02254-409096
C2105,COMERCIAL,Cariló,P05,2022-01-27,,,Sucursal,cliente1104@gmail.com,
C2106,Comercial,Pinamar,P06,2022-07-28,,,Web,cliente1105@yahoo.com.ar,02254-486246
C2107,Residencial,Pinamar,P03,2021-02-18,2025-02-28,Disconformidad con el servicio,Sucursal,cliente1106@gmail.com,+54 2254 495768
C2108,Residencial,Pinamar,P03,2023-10-08,,,Web,cliente1107@gmail.com,2254488729
C2109,Residencial,Mar de Ostende,P03,2022-12-31,2026-03-18,Fin de temporada,Web,cliente1108@telpin.com.ar,
C2110,Residencial,Mar de Ostende,P02,2018-06-02,2026-06-10,Falta de pago,Telefónico,cliente1109@hotmail.com,+54 2254 466026
C2111,Residencial,Cariló,P02,2021-12-17,,,Telefónico,cliente1110@hotmail.com,
C2112,Residencial,Valeria del Mar,P03,2019-09-26,,,Sucursal,cliente1111@yahoo.com.ar,02254-426489
C2113,Residencial,Mar de Ostende,P04,2021-07-17,,,Sucursal,cliente1112@yahoo.com.ar,02254-442531
C2114,Residencial,  Pinamar ,P04,2018-04-24,,,Vendedor,,2254435378
C2115,Comercial,Ostende,P06,2022-11-16,,,Web,cliente1114@hotmail.com,2254427391
C2116,Residencial,Pinamar,P04,2023-07-22,,,Sucursal,cliente1115@gmail.com,02254-440151
C2117,COMERCIAL,Pinamar,P06,2023-05-11,,,Web,cliente1116@hotmail.com,+54 2254 423583
C2118,Residencial,Pinamar,P04,2022-03-11,,,Vendedor,cliente1117@hotmail.com,02254-415509
C2119,Residencial,Pinamar,P04,2022-12-12,,,Sucursal,,2254461857
C2120,Residencial,Valeria del Mar,P03,2020-03-15,,,Sucursal,cliente1119@gmail.com,+54 2254 403623
C2121,Comercial,General Madariaga,P06,2021-06-30,,,Vendedor,cliente1120@telpin.com.ar,2254449516
C2122,Comercial,Pinamar,P06,2021-04-03,2026-04-10,Falta de pago,Sucursal,cliente1121@gmail.com,02254-418464
C2123,Comercial,Valeria del Mar,P06,2019-01-14,2025-01-04,Disconformidad con el servicio,Sucursal,cliente1122@yahoo.com.ar,02254-483859
C2124,Residencial,Valeria del Mar,P02,2022-11-16,,,Sucursal,cliente1123@gmail.com,2254472063
C2125,Residencial,  Valeria del Mar ,P02,2018-12-17,,,Vendedor,cliente1124@gmail.com,02254-450796
C2126,Residencial,VALERIA DEL MAR,P01,2019-04-29,2026-06-21,Se muda,Vendedor,cliente1125@gmail.com,2254449773
C2127,Residencial,Pinamar,P01,2023-03-10,,,Sucursal,cliente1126@gmail.com,02254-435464
C2128,Residencial,General Madariaga,P01,2023-09-26,,,Referido,cliente1127@gmail.com,+54 2254 460985
C2129,Residencial,ostende,P01,2014-01-29,,,Sucursal,cliente1128@gmail.com,
C2130,Residencial,Ostende,P02,2017-07-06,2025-12-05,Precio,Referido,cliente1129@telpin.com.ar,+54 2254 466260
C2131,Residencial,Valeria del Mar,P01,2023-09-01,2025-04-30,Se muda,Web,cliente1130@hotmail.com,+54 2254 488927
C2132,Residencial,Valeria del Mar,P02,2023-01-01,,,Referido,cliente1131@hotmail.com,+54 2254 450456
C2133,COMERCIAL,Cariló,P06,2021-08-29,,,Sucursal,cliente1132@gmail.com,02254-408760
C2134,Residencial,Pinamar,P03,2019-10-09,,,Telefónico,cliente1133@telpin.com.ar,+54 2254 428555
C2135,Residencial,Pinamar,P04,2019-06-28,,,Vendedor,cliente1134@gmail.com,02254-463712
C2136,Residencial,Cariló,P02,2023-08-16,,,Vendedor,cliente1135@gmail.com,2254437363
C2137,Residencial,Mar de Ostende,P04,2021-09-22,,,Web,cliente1136@gmail.com,+54 2254 405019
C2138,Residencial,Valeria del Mar,P02,2023-11-15,,,Web,cliente1137@gmail.com,+54 2254 464077
C2139,Residencial,Cariló,P03,2022-08-23,2026-04-09,Disconformidad con el servicio,Web,,2254400999
C2140,Residencial,PINAMAR,P02,2024-03-13,2025-05-30,Se muda,Vendedor,cliente1139@gmail.com,+54 2254 444621
C2141,Residencial,Ostende,P04,2023-04-15,2026-01-10,Falta de pago,Web,cliente1140@hotmail.com,02254-423412
C2142,Residencial,Pinamar,P03,2021-03-01,,,Referido,cliente1141@gmail.com,2254422009
C2143,Residencial,Ostende,P03,2021-03-22,,,Web,cliente1142@yahoo.com.ar,
C2144,residencial,Mar de Ostende,P02,2022-02-27,,,Sucursal,cliente1143@gmail.com,02254-447168
C2145,Residencial,Pinamar,P02,2019-09-16,,,Sucursal,cliente1144@gmail.com,2254430724
C2146,Residencial,Pinamar,P03,2024-01-22,,,Sucursal,,+54 2254 457876
C2147,Residencial,Pinamar,P04,2023-10-01,,,Sucursal,,02254-469333
C2148,Residencial,Ostende,P01,2020-11-28,2025-12-08,Se muda,Web,cliente1147@gmail.com,2254410596
C2149,Residencial,Pinamar,P03,2022-06-14,,,Vendedor,cliente1148@gmail.com,02254-405673
C2150,Residencial,Cariló,P02,2018-07-16,,,Telefónico,cliente1149@telpin.com.ar,2254437869
C2151,Residencial,Mar de Ostende,P03,2022-09-20,2025-10-12,Precio,Vendedor,,2254438476
C2152,Residencial,Pinamar,P02,2022-03-20,,,Web,,+54 2254 437989
C2153,Residencial,Ostende,P03,2021-05-19,,,Telefónico,cliente1152@gmail.com,
C2154,Residencial,Cariló,P03,2020-05-21,,,Web,cliente1153@gmail.com,+54 2254 431243
C2155,Residencial,General Madariaga,P02,2021-12-07,2025-12-31,Sin motivo declarado,Telefónico,cliente1154@hotmail.com,2254486128
C2156,Residencial,Mar de Ostende,P02,2019-05-18,,,Vendedor,cliente1155@gmail.com,+54 2254 471962
C2157,Residencial,PINAMAR,P03,2021-06-16,,,Sucursal,cliente1156@gmail.com,2254402093
C2158,RESIDENCIAL,Pinamar,P03,2022-10-28,,,Sucursal,cliente1157@hotmail.com,2254443402
C2159,Residencial,Pinamar,P05,2024-01-25,,,Sucursal,cliente1158@hotmail.com,2254439386
C2160,Residencial,Pinamar,P04,2022-12-08,,,Sucursal,cliente1159@yahoo.com.ar,02254-458966
C2161,Comercial,Pinamar,P06,2022-01-14,,,Sucursal,cliente1160@gmail.com,2254400923
C2162,Residencial,Pinamar,P01,2022-05-07,,,Web,cliente1161@gmail.com,02254-450287
C2163,Residencial,Valeria del Mar,P02,2023-06-22,,,Sucursal,cliente1162@gmail.com,02254-497298
C2164,Residencial,Ostende,P05,2023-03-26,,,Telefónico,cliente1163@hotmail.com,02254-474327
C2165,Residencial,Pinamar,P04,2021-03-01,2026-02-16,Precio,Telefónico,cliente1164@gmail.com,+54 2254 428679
C2166,Residencial,Valeria del Mar,P05,2021-02-21,2026-02-28,Falta de pago,Telefónico,cliente1165@gmail.com,2254452535
C2167,Residencial,Valeria del Mar,P02,2019-01-19,,,Sucursal,cliente1166@hotmail.com,+54 2254 429823
C2168,Residencial,Pinamar,P02,2019-09-09,,,Web,cliente1167@gmail.com,02254-467706
C2169,Residencial,Pinamar,P04,2022-01-15,,,Sucursal,cliente1168@gmail.com,02254-408522
C2170,Residencial,Ostende,P01,2022-11-19,,,Referido,cliente1169@gmail.com,02254-417730
C2171,Residencial,General Madariaga,P03,2023-11-25,2024-08-14,Disconformidad con el servicio,Telefónico,cliente1170@hotmail.com,02254-449180
C2172,Residencial,Pinamar,P02,2024-06-07,,,Vendedor,cliente1171@hotmail.com,02254-478312
C2173,Residencial,Pinamar,P02,2019-10-08,2024-10-11,Competencia,Sucursal,cliente1172@telpin.com.ar,+54 2254 412253
C2174,Residencial,Mar de Ostende,P02,2021-03-31,2026-04-25,Fin de temporada,Web,cliente1173@gmail.com,2254428469
C2175,Residencial,  Pinamar ,P03,2021-07-06,,,Sucursal,,02254-435753
C2176,Comercial,General Madariaga,P05,2017-11-25,2024-08-24,Precio,Vendedor,cliente1175@hotmail.com,+54 2254 477737
C2177,Residencial,Ostende,P03,2023-09-16,,,Sucursal,cliente1176@gmail.com,02254-456080
C2178,Residencial,Ostende,P03,2024-04-21,,,Referido,cliente1177@telpin.com.ar,+54 2254 408500
C2179,Residencial,Pinamar,P01,2023-03-14,2024-11-21,Competencia,Sucursal,cliente1178@gmail.com,
C2180,Residencial,Ostende,P02,2022-02-02,2024-08-15,Precio,Telefónico,cliente1179@hotmail.com,+54 2254 415927
C2181,Residencial,Ostende,P01,2022-04-15,2025-10-31,Competencia,Sucursal,cliente1180@hotmail.com,+54 2254 455022
C2182,Residencial,Valeria del Mar,P05,2023-09-25,2025-07-02,Competencia,Web,cliente1181@telpin.com.ar,2254481585
C2183,Residencial,General Madariaga,P05,2021-06-06,,,Referido,cliente1182@gmail.com,2254466067
C2184,Residencial,Pinamar,P01,2021-10-31,2024-09-07,Se muda,Telefónico,cliente1183@gmail.com,+54 2254 420707
C2185,Residencial,General Madariaga,P02,2023-07-26,,,Sucursal,cliente1184@gmail.com,02254-442241
C2186,Residencial,Pinamar,P01,2022-06-10,,,Telefónico,cliente1185@gmail.com,02254-455329
C2187,Residencial,Cariló,P04,2023-02-08,2026-03-10,Fin de temporada,Web,cliente1186@hotmail.com,2254460818
C2188,Residencial,Mar de Ostende,P02,2022-03-26,2025-03-21,Fin de temporada,Sucursal,,2254454589
C2189,Residencial,Valeria del Mar,P02,2022-09-09,2026-01-30,Disconformidad con el servicio,Web,cliente1188@gmail.com,02254-456230
C2190,Residencial,Pinamar,P04,2015-07-11,2024-09-05,Falta de pago,Sucursal,cliente1189@yahoo.com.ar,+54 2254 423993
C2191,Residencial,Ostende,P01,2022-09-07,2025-04-11,Precio,Sucursal,cliente1190@telpin.com.ar,02254-470635
C2192,Residencial,Carilo,P04,2023-05-08,,,Sucursal,cliente1191@yahoo.com.ar,02254-417462
C2193,Comercial,Pinamar,P06,2024-04-07,,,Web,cliente1192@gmail.com,02254-491066
C2194,Residencial,Pinamar,P01,2022-12-26,,,Sucursal,cliente1193@hotmail.com,+54 2254 450423
C2195,residencial,Ostende,P03,2019-04-12,,,Sucursal,cliente1194@hotmail.com,02254-429099
C2196,Comercial,Pinamar,P06,2022-05-06,,,Web,cliente1195@gmail.com,+54 2254 440145
C2197,Residencial,pinamar,P01,2021-07-30,,,Sucursal,cliente1196@hotmail.com,2254412503
C2198,Residencial,Pinamar,P02,2021-10-29,,,Telefónico,cliente1197@hotmail.com,02254-454890
C2199,Residencial,General Madariaga,P02,2021-06-27,,,Sucursal,cliente1198@hotmail.com,
C2200,Residencial,Ostende,P03,2024-02-10,,,Telefónico,cliente1199@yahoo.com.ar,02254-420898
C2201,Residencial,Ostende,P02,2017-09-22,,,Vendedor,cliente1200@gmail.com,
C2202,Residencial,Mar de Ostende,P04,2022-03-12,,,Sucursal,cliente1201@gmail.com,+54 2254 428112
C2203,Residencial,Pinamar,P03,2021-07-05,,,Vendedor,cliente1202@telpin.com.ar,02254-401235
C2204,Residencial,Pinamar,P02,2021-10-03,,,Telefónico,cliente1203@yahoo.com.ar,+54 2254 433311
C2205,Residencial,Ostende,P02,2021-12-05,,,Web,cliente1204@hotmail.com,+54 2254 466426
C2206,Residencial,Pinamar,P01,2021-12-08,,,Vendedor,,+54 2254 417748
C2207,Residencial,General Madariaga,P02,2023-08-29,,,Telefónico,cliente1206@gmail.com,2254413796
C2208,Residencial,Pinamar,P01,2020-05-15,,,Telefónico,cliente1207@hotmail.com,2254447401
C2209,Residencial,General Madariaga,P01,2017-05-09,,,Sucursal,cliente1208@gmail.com,+54 2254 490276
C2210,Residencial,Pinamar,P05,2022-11-07,,,Sucursal,cliente1209@hotmail.com,02254-476612
C2211,Residencial,Ostende,P03,2021-11-03,2024-10-27,Se muda,Telefónico,cliente1210@yahoo.com.ar,2254405859
C2212,Residencial,Valeria del Mar,P03,2018-08-02,,,Sucursal,cliente1211@telpin.com.ar,2254403052
C2213,Comercial,Pinamar,P05,2019-05-21,,,Sucursal,cliente1212@gmail.com,+54 2254 484596
C2214,Residencial,Mar de Ostende,P05,2023-01-31,2025-06-08,Fin de temporada,Referido,cliente1213@gmail.com,2254405942
C2215,comercial,Mar de Ostende,P05,2023-10-24,,,Sucursal,cliente1214@gmail.com,+54 2254 427308
C2216,Residencial,General Madariaga,P01,2023-06-20,,,Sucursal,,+54 2254 419947
C2217,Residencial,Ostende,P01,2020-10-18,,,Sucursal,cliente1216@telpin.com.ar,02254-418625
C2218,Residencial,Pinamar,P01,2023-01-03,,,Web,cliente1217@gmail.com,+54 2254 489636
C2219,Residencial,Pinamar,P03,2022-05-05,,,Vendedor,cliente1218@gmail.com,+54 2254 489912
C2220,Residencial,Valeria del Mar,P01,2022-04-07,,,Telefónico,cliente1219@gmail.com,02254-427977
C2221,Residencial,General Madariaga,P05,2021-12-14,2025-08-16,Competencia,Sucursal,cliente1220@gmail.com,
C2222,Residencial,General Madariaga,P02,2020-09-14,,,Web,,2254401755
C2223,Residencial,pinamar,P01,2019-10-17,,,Web,cliente1222@hotmail.com,2254472283
C2224,Residencial,Pinamar,P05,2022-04-12,,,Telefónico,cliente1223@gmail.com,+54 2254 440708
C2225,Comercial,Cariló,P06,2023-01-29,,,Telefónico,cliente1224@gmail.com,
C2226,Residencial,Valeria del Mar,P04,2023-03-15,,,Sucursal,cliente1225@gmail.com,02254-456252
C2227,comercial,Mar de Ostende,P06,2021-10-07,2025-01-03,Falta de pago,Vendedor,cliente1226@hotmail.com,2254454536
C2228,Residencial,Pinamar,P02,2022-07-21,,,Vendedor,cliente1227@gmail.com,2254422291
C2229,Residencial,Cariló,P02,2022-09-28,2025-12-11,Fin de temporada,Telefónico,cliente1228@hotmail.com,2254461278
C2230,residencial,Cariló,P05,2012-03-04,2025-03-13,Fin de temporada,Referido,cliente1229@hotmail.com,+54 2254 445255
C2231,Residencial,Pinamar,P01,2022-01-15,,,Referido,cliente1230@hotmail.com,02254-459038
C2232,Residencial,Pinamar,P05,2022-10-17,,,Sucursal,cliente1231@gmail.com,+54 2254 416542
C2233,Residencial,Ostende,P05,2023-04-14,,,Sucursal,cliente1232@gmail.com,+54 2254 438791
C2234,Residencial,Valeria del Mar,P02,2022-11-17,,,Sucursal,cliente1233@gmail.com,+54 2254 477575
C2235,Residencial,Ostende,P02,2022-04-23,2024-11-18,Se muda,Sucursal,cliente1234@gmail.com,
C2236,Residencial,cariló,P03,2018-06-03,,,Sucursal,cliente1235@yahoo.com.ar,+54 2254 431617
C2237,Comercial,Pinamar,P06,2023-05-16,,,Web,cliente1236@gmail.com,+54 2254 425904
C2238,Residencial,Valeria del Mar,P01,2023-09-15,2026-01-10,Precio,Sucursal,,
C2239,Residencial,MAR DE OSTENDE,P04,2023-05-21,,,Web,cliente1238@gmail.com,02254-470107
C2240,Residencial,Ostende,P02,2019-11-22,,,Web,cliente1239@telpin.com.ar,02254-448101
C2241,Residencial,Pinamar,P02,2023-04-05,,,Telefónico,cliente1240@hotmail.com,2254498280
C2242,Comercial,Pinamar,P06,2023-09-10,,,Sucursal,cliente1241@hotmail.com,+54 2254 475042
C2243,Residencial,GENERAL MADARIAGA,P02,2023-12-20,2025-09-16,Precio,Sucursal,cliente1242@gmail.com,+54 2254 476305
C2244,Residencial,PINAMAR,P04,2019-02-12,,,Sucursal,cliente1243@gmail.com,2254432516
C2245,Residencial,Valeria del Mar,P05,2020-09-27,2025-09-10,Sin motivo declarado,Referido,cliente1244@gmail.com,+54 2254 419361
C2246,Residencial,  Valeria del Mar ,P02,2022-10-15,,,Sucursal,cliente1245@gmail.com,02254-420027
C2247,Residencial,Ostende,P03,2018-07-05,,,Web,cliente1246@gmail.com,02254-481626
C2248,Residencial,Valeria del Mar,P03,2022-10-22,2024-11-15,Precio,Web,cliente1247@yahoo.com.ar,02254-406389
C2249,Residencial,Ostende,P02,2021-05-13,,,Vendedor,cliente1248@telpin.com.ar,+54 2254 453692
C2250,Comercial,Pinamar,P06,2023-05-19,,,Vendedor,cliente1249@telpin.com.ar,2254421276
C2251,Residencial,Pinamar,P05,2021-06-08,,,Sucursal,cliente1250@gmail.com,02254-494810
C2252,Residencial,Pinamar,P01,2021-09-14,,,Referido,cliente1251@gmail.com,
C2253,Residencial,Pinamar,P02,2023-03-28,,,Sucursal,,2254442814
C2254,Residencial,Pinamar,P04,2019-12-24,,,Vendedor,cliente1253@gmail.com,02254-465064
C2255,Residencial,Mar de Ostende,P02,2021-06-07,,,Sucursal,cliente1254@hotmail.com,2254423406
C2256,Residencial,Ostende,P01,2023-03-13,,,Web,cliente1255@hotmail.com,2254465521
C2257,Residencial,Pinamar,P02,2023-07-13,,,Sucursal,cliente1256@gmail.com,
C2258,Residencial,Pinamar,P02,2023-06-07,,,Vendedor,cliente1257@telpin.com.ar,02254-427704
C2259,residencial,Pinamar,P02,2022-03-21,,,Web,cliente1258@telpin.com.ar,+54 2254 457473
C2260,Residencial,Pinamar,P01,2024-02-20,,,Referido,cliente1259@hotmail.com,
C2261,Residencial,Pinamar,P02,2023-02-08,2025-02-17,Falta de pago,Telefónico,cliente1260@gmail.com,
C2262,Residencial,Valeria del Mar,P01,2019-10-18,,,Telefónico,cliente1261@gmail.com,2254488566
C2263,Residencial,Pinamar,P05,2024-03-31,,,Sucursal,cliente1262@gmail.com,+54 2254 409500
C2264,Comercial,Cariló,P06,2023-03-15,,,Telefónico,cliente1263@gmail.com,2254417111
C2265,Residencial,Pinamar,P03,2023-05-13,,,Web,cliente1264@gmail.com,02254-441875
C2266,Residencial,Valeria del Mar,P02,2021-10-22,,,Sucursal,cliente1265@gmail.com,+54 2254 447057
C2267,Residencial,General Madariaga,P05,2021-07-04,,,Vendedor,cliente1266@gmail.com,+54 2254 411679
C2268,Residencial,Pinamar,P03,2022-02-12,,,Telefónico,cliente1267@yahoo.com.ar,02254-402020
C2269,Residencial,Pinamar,P02,2020-12-08,,,Telefónico,cliente1268@yahoo.com.ar,
C2270,Residencial,Pinamar,P01,2020-04-09,2025-05-05,Falta de pago,Sucursal,cliente1269@telpin.com.ar,+54 2254 488478
C2271,Comercial,Pinamar,P06,2023-10-17,,,Sucursal,cliente1270@hotmail.com,2254431678
C2272,Residencial,Mar de Ostende,P01,2022-05-30,,,Sucursal,cliente1271@gmail.com,2254451710
C2273,Residencial,Valeria del Mar,P03,2020-02-20,,,Vendedor,cliente1272@gmail.com,+54 2254 437016
C2274,Residencial,Pinamar,P01,2023-05-25,,,Sucursal,cliente1273@hotmail.com,+54 2254 479952
C2275,Comercial,Valeria del Mar,P06,2023-02-09,,,Sucursal,cliente1274@hotmail.com,+54 2254 427972
C2276,Residencial,MAR DE OSTENDE,P02,2023-05-11,,,Sucursal,cliente1275@gmail.com,02254-471768
C2277,comercial,Cariló,P06,2022-09-13,,,Referido,cliente1276@gmail.com,02254-446201
C2278,Residencial,Pinamar,P01,2024-01-24,2026-03-25,Disconformidad con el servicio,Telefónico,cliente1277@telpin.com.ar,+54 2254 488415
C2279,Residencial,Pinamar,P04,2021-02-17,,,Web,cliente1278@gmail.com,+54 2254 463984
C2280,Residencial,Ostende,P05,2017-12-20,,,Web,cliente1279@hotmail.com,02254-405501
C2281,Residencial,Mar de Ostende,P02,2019-02-02,2026-04-15,Fin de temporada,Sucursal,cliente1280@hotmail.com,
C2282,Comercial,Mar de Ostende,P06,2023-08-18,2024-11-10,Falta de pago,Telefónico,cliente1281@hotmail.com,02254-447022
C2283,Residencial,Valeria del Mar,P01,2021-12-28,,,Telefónico,cliente1282@gmail.com,+54 2254 459780
C2284,Residencial,Pinamar,P03,2015-06-09,,,Sucursal,,2254438538
C2285,Residencial,General Madariaga,P01,2022-12-24,2026-05-29,Sin motivo declarado,Sucursal,cliente1284@gmail.com,
C2286,Residencial,General Madariaga,P03,2021-12-15,2025-03-04,Disconformidad con el servicio,Vendedor,cliente1285@telpin.com.ar,02254-478899
C2287,Residencial,Cariló,P02,2021-07-10,,,Sucursal,,
C2288,Residencial,Pinamar,P03,2022-10-11,2025-03-25,Sin motivo declarado,Web,cliente1287@gmail.com,2254486954
C2289,Residencial,Valeria del Mar,P02,2021-01-06,,,Sucursal,cliente1288@hotmail.com,2254489711
C2290,Residencial,Pinamar,P04,2023-06-05,2025-06-13,Precio,Telefónico,cliente1289@hotmail.com,02254-444711
C2291,Residencial,General Madariaga,P02,2022-09-20,,,Sucursal,cliente1290@hotmail.com,02254-478327
C2292,Comercial,Cariló,P05,2022-07-20,2026-02-08,Disconformidad con el servicio,Referido,cliente1291@gmail.com,02254-478359
C2293,Residencial,Pinamar,P02,2023-11-29,2026-02-26,Precio,Telefónico,cliente1292@telpin.com.ar,
C2294,Residencial,Pinamar,P03,2019-04-26,,,Web,cliente1293@hotmail.com,02254-432524
C2295,Residencial,Pinamar,P03,2021-02-25,2025-06-18,Se muda,Web,cliente1294@yahoo.com.ar,02254-476074
C2296,Residencial,Valeria del Mar,P01,2022-01-11,,,Web,cliente1295@gmail.com,02254-441480
C2297,Residencial,Ostende,P01,2019-10-06,2026-04-04,Precio,Telefónico,cliente1296@hotmail.com,2254479399
C2298,Residencial,Valeria del Mar,P04,2021-07-03,2025-08-10,Fin de temporada,Sucursal,cliente1297@gmail.com,+54 2254 457077
C2299,Comercial,General Madariaga,P06,2020-04-30,2025-03-02,Disconformidad con el servicio,Telefónico,cliente1298@gmail.com,
C2300,Residencial,Pinamar,P01,2020-05-25,,,Sucursal,cliente1299@telpin.com.ar,+54 2254 420210
C2301,Residencial,Pinamar,P03,2023-10-31,,,Telefónico,cliente1300@gmail.com,+54 2254 470489
C2302,Residencial,Pinamar,P01,2022-10-07,,,Referido,cliente1301@hotmail.com,2254490363
C2303,Residencial,Ostende,P02,2020-11-29,,,Telefónico,,2254482894
C2304,Residencial,Pinamar,P05,2023-05-10,,,Web,cliente1303@hotmail.com,2254404562
C2305,Residencial,Cariló,P01,2021-11-16,2025-06-15,Se muda,Sucursal,cliente1304@telpin.com.ar,02254-458970
C2306,Residencial,pinamar,P01,2024-04-24,,,Sucursal,cliente1305@gmail.com,+54 2254 445311
C2307,Residencial,Pinamar,P01,2013-09-15,2026-06-10,Disconformidad con el servicio,Web,cliente1306@gmail.com,+54 2254 450850
C2308,Residencial,Valeria del Mar,P03,2023-05-24,2026-06-09,Fin de temporada,Telefónico,cliente1307@hotmail.com,+54 2254 489066
C2309,Comercial,Valeria del Mar,P05,2024-02-20,,,Telefónico,,+54 2254 424494
C2310,Residencial,Pinamar,P03,2020-01-21,,,Web,cliente1309@gmail.com,02254-401171
C2311,Residencial,Ostende,P02,2022-03-24,,,Telefónico,cliente1310@telpin.com.ar,+54 2254 410343
C2312,Residencial,Ostende,P02,2023-02-07,,,Sucursal,,02254-479569
C2313,RESIDENCIAL,Pinamar,P02,2022-03-07,,,Telefónico,cliente1312@gmail.com,+54 2254 403191
C2314,Residencial,valeria del mar,P05,2019-07-06,,,Sucursal,,
C2315,Residencial,Ostende,P02,2021-10-11,,,Telefónico,cliente1314@hotmail.com,02254-441530
C2316,Residencial,Pinamar,P01,2021-07-08,,,Telefónico,cliente1315@telpin.com.ar,02254-457414
C2317,Residencial,Pinamar,P03,2023-08-17,,,Telefónico,cliente1316@gmail.com,02254-451019
C2318,Residencial,General Madariaga,P02,2021-11-15,2025-04-12,Sin motivo declarado,Vendedor,cliente1317@gmail.com,
C2319,Comercial,Pinamar,P06,2021-12-02,2025-12-09,Competencia,Vendedor,cliente1318@yahoo.com.ar,
C2320,Residencial,Pinamar,P03,2022-02-22,,,Telefónico,cliente1319@hotmail.com,
C2321,Residencial,Ostende,P02,2022-04-07,,,Web,cliente1320@gmail.com,+54 2254 409464
C2322,Residencial,Ostende,P02,2022-05-15,,,Web,cliente1321@gmail.com,+54 2254 469254
C2323,Residencial,Pinamar,P04,2021-12-15,,,Referido,cliente1322@telpin.com.ar,2254407023
C2324,Residencial,Valeria del Mar,P02,2022-12-12,,,Web,cliente1323@hotmail.com,02254-492234
C2325,RESIDENCIAL,Mar de Ostende,P02,2021-11-03,,,Vendedor,cliente1324@yahoo.com.ar,+54 2254 467081
C2326,Residencial,Valeria del Mar,P01,2024-03-16,,,Web,cliente1325@gmail.com,+54 2254 431024
C2327,Residencial,  Pinamar ,P03,2021-10-06,,,Sucursal,cliente1326@gmail.com,02254-434762
C2328,Residencial,General Madariaga,P02,2022-02-26,,,Web,,2254458030
C2329,Residencial,Ostende,P02,2019-09-03,,,Vendedor,cliente1328@gmail.com,2254474717
C2330,Residencial,Cariló,P01,2022-11-07,,,Web,cliente1329@gmail.com,
C2331,Residencial,Pinamar,P03,2020-05-13,,,Sucursal,cliente1330@gmail.com,02254-412886
C2332,Residencial,Ostende,P01,2022-12-09,,,Vendedor,cliente1331@gmail.com,
C2333,RESIDENCIAL,Pinamar,P05,2022-10-22,,,Referido,cliente1332@gmail.com,02254-449190
C2334,Residencial,Pinamar,P04,2023-07-23,2026-05-12,Se muda,Sucursal,cliente1333@gmail.com,02254-478536
C2335,Residencial,Pinamar,P01,2022-01-19,,,Web,cliente1334@gmail.com,2254497210
C2336,residencial,  Mar de Ostende ,P05,2021-08-16,2024-09-10,Precio,Referido,cliente1335@yahoo.com.ar,02254-470692
C2337,Residencial,Pinamar,P04,2022-07-11,,,Telefónico,cliente1336@gmail.com,02254-456953
C2338,Residencial,Cariló,P03,2017-02-28,,,Web,,02254-498667
C2339,Residencial,  Valeria del Mar ,P03,2016-02-12,,,Vendedor,cliente1338@gmail.com,02254-487824
C2340,Residencial,Mar de Ostende,P04,2021-05-25,,,Sucursal,cliente1339@hotmail.com,02254-489065
C2341,Residencial,Cariló,P02,2021-12-09,,,Referido,,+54 2254 446089
C2342,Residencial,Valeria del Mar,P02,2019-10-13,2025-03-15,Fin de temporada,Web,cliente1341@gmail.com,2254463875
C2343,Comercial,Pinamar,P06,2018-11-02,,,Sucursal,,2254463481
C2344,Comercial,Ostende,P06,2021-09-23,2026-04-18,Disconformidad con el servicio,Referido,cliente1343@telpin.com.ar,+54 2254 488296
C2345,residencial,Valeria del Mar,P02,2019-12-27,,,Sucursal,cliente1344@yahoo.com.ar,2254494809
C2346,Residencial,Ostende,P02,2023-05-11,,,Web,cliente1345@gmail.com,2254440908
C2347,Residencial,Mar de Ostende,P04,2021-08-17,,,Telefónico,cliente1346@gmail.com,+54 2254 461494
C2348,Residencial,Pinamar,P03,2021-03-17,2025-04-05,Competencia,Telefónico,cliente1347@gmail.com,2254494071
C2349,Residencial,Ostende,P01,2021-01-21,,,Web,cliente1348@gmail.com,2254462556
C2350,Residencial,valeria del mar,P03,2023-02-28,2026-02-05,Fin de temporada,Web,cliente1349@gmail.com,02254-461448
C2351,Residencial,Valeria del Mar,P01,2017-03-21,2026-07-29,Disconformidad con el servicio,Web,cliente1350@hotmail.com,+54 2254 486390
C2352,Residencial,Pinamar,P01,2023-11-04,2025-06-15,Falta de pago,Sucursal,cliente1351@gmail.com,02254-430013
C2353,Residencial,Mar de Ostende,P03,2021-04-24,,,Sucursal,cliente1352@telpin.com.ar,02254-427780
C2354,Residencial,Cariló,P01,2022-05-30,,,Vendedor,cliente1353@hotmail.com,2254432815
C2355,residencial,Valeria del Mar,P01,2021-03-11,2024-09-17,Sin motivo declarado,Sucursal,cliente1354@hotmail.com,2254445946
C2356,RESIDENCIAL,Cariló,P04,2021-11-02,2025-07-20,Fin de temporada,Vendedor,cliente1355@gmail.com,02254-425544
C2357,Comercial,Pinamar,P06,2023-10-23,2024-12-15,Competencia,Vendedor,cliente1356@gmail.com,+54 2254 406948
C2358,Residencial,Ostende,P01,2021-11-30,,,Telefónico,cliente1357@gmail.com,+54 2254 407234
C2359,Residencial,Mar de Ostende,P03,2013-11-23,,,Sucursal,cliente1358@gmail.com,2254451465
C2360,Residencial,Mar de Ostende,P04,2022-04-29,2025-12-17,Precio,Web,cliente1359@gmail.com,02254-467704
C2361,residencial,Pinamar,P03,2018-03-26,,,Web,cliente1360@gmail.com,+54 2254 463092
C2362,Residencial,Ostende,P04,2023-11-01,2026-05-08,Falta de pago,Web,cliente1361@hotmail.com,2254431811
C2363,RESIDENCIAL,Valeria del Mar,P02,2021-04-25,,,Web,cliente1362@hotmail.com,2254470670
C2364,Residencial,Cariló,P05,2020-10-23,,,Telefónico,cliente1363@gmail.com,02254-422338
C2365,Residencial,Pinamar,P03,2021-06-11,,,Sucursal,cliente1364@gmail.com,02254-480801
C2366,Comercial,PINAMAR,P06,2014-12-16,,,Web,cliente1365@yahoo.com.ar,02254-403928
C2367,Residencial,Pinamar,P02,2021-04-07,,,Sucursal,cliente1366@gmail.com,2254470016
C2368,Residencial,Pinamar,P03,2022-03-26,,,Sucursal,cliente1367@telpin.com.ar,+54 2254 483630
C2369,Residencial,Valeria del Mar,P03,2021-10-11,,,Referido,cliente1368@gmail.com,2254413977
C2370,Residencial,PINAMAR,P02,2023-03-21,,,Telefónico,cliente1369@gmail.com,2254440943
C2371,Residencial,Pinamar,P02,2024-02-17,,,Web,,2254407552
C2372,RESIDENCIAL,Cariló,P03,2021-07-21,,,Sucursal,cliente1371@telpin.com.ar,+54 2254 497039
C2373,Residencial,Mar de Ostende,P03,2017-12-06,,,Telefónico,cliente1372@gmail.com,2254470311
C2374,Residencial,Mar de Ostende,P02,2022-10-24,,,Referido,cliente1373@gmail.com,+54 2254 480119
C2375,Residencial,PINAMAR,P03,2024-04-14,,,Sucursal,cliente1374@telpin.com.ar,02254-440624
C2376,residencial,Valeria del Mar,P03,2021-12-23,,,Telefónico,cliente1375@gmail.com,2254471705
C2377,RESIDENCIAL,Valeria del Mar,P03,2019-01-17,,,Sucursal,,2254425540
C2378,RESIDENCIAL,Pinamar,P03,2022-10-06,,,Telefónico,cliente1377@gmail.com,02254-442039
C2379,residencial,General Madariaga,P01,2023-02-08,2026-01-08,Falta de pago,Sucursal,cliente1378@yahoo.com.ar,02254-493009
C2380,Residencial,Ostende,P03,2021-01-07,,,Vendedor,cliente1379@telpin.com.ar,2254435812
C2381,Residencial,pinamar,P03,2023-02-21,,,Referido,cliente1380@gmail.com,+54 2254 482801
C2382,Residencial,GENERAL MADARIAGA,P04,2021-09-07,2025-02-11,Disconformidad con el servicio,Telefónico,cliente1381@gmail.com,2254401327
C2383,Residencial,General Madariaga,P03,2022-07-31,,,Telefónico,,+54 2254 446320
C2384,Residencial,pinamar,P04,2023-08-14,,,Referido,,+54 2254 464805
C2385,Residencial,Pinamar,P02,2021-03-06,,,Referido,cliente1384@telpin.com.ar,+54 2254 470553
C2386,Residencial,General Madariaga,P04,2022-08-08,,,Sucursal,cliente1385@gmail.com,02254-442271
C2387,Residencial,Pinamar,P04,2021-03-31,,,Telefónico,cliente1386@hotmail.com,2254481563
C2388,Residencial,general madariaga,P03,2022-07-14,,,Telefónico,cliente1387@gmail.com,2254462076
C2389,Residencial,Pinamar,P01,2020-04-18,,,Telefónico,cliente1388@gmail.com,+54 2254 453988
C2390,Residencial,Valeria del Mar,P02,2023-05-28,,,Sucursal,cliente1389@gmail.com,+54 2254 471136
C2391,Residencial,PINAMAR,P01,2022-07-25,,,Sucursal,cliente1390@yahoo.com.ar,+54 2254 496631
C2392,Residencial,Mar de Ostende,P01,2023-05-13,2024-10-31,Se muda,Vendedor,cliente1391@hotmail.com,+54 2254 484509
C2393,Residencial,Pinamar,P03,2021-09-15,,,Web,,
C2394,Residencial,Valeria del Mar,P02,2021-02-27,,,Sucursal,cliente1393@gmail.com,+54 2254 436973
C2395,Residencial,Pinamar,P03,2016-05-06,,,Telefónico,cliente1394@telpin.com.ar,2254496054
C2396,RESIDENCIAL,Mar de Ostende,P03,2023-01-13,,,Web,cliente1395@gmail.com,+54 2254 489312
C2397,Residencial,Pinamar,P02,2020-04-04,,,Vendedor,cliente1396@gmail.com,2254420513
C2398,Residencial,Pinamar,P01,2018-12-20,,,Web,cliente1397@telpin.com.ar,
C2399,Residencial,Valeria del Mar,P03,2023-04-02,,,Telefónico,cliente1398@telpin.com.ar,
C2400,Comercial,Mar de Ostende,P06,2021-09-03,,,Sucursal,cliente1399@gmail.com,02254-425944
C2401,Residencial,General Madariaga,P03,2023-09-04,,,Sucursal,cliente1400@gmail.com,02254-412087
C2402,Residencial,Pinamar,P04,2021-06-10,,,Sucursal,cliente1401@hotmail.com,+54 2254 477754
C2403,Residencial,Mar de Ostende,P03,2022-09-10,,,Sucursal,,02254-490147
C2404,Residencial,Cariló,P02,2024-03-06,,,Web,,02254-472680
C2405,Residencial,General Madariaga,P02,2022-10-08,,,Web,cliente1404@hotmail.com,+54 2254 413540
C2406,Residencial,General Madariaga,P02,2018-07-09,,,Referido,cliente1405@gmail.com,02254-404681
C2407,Residencial,PINAMAR,P01,2021-08-10,,,Web,cliente1406@gmail.com,02254-480354
C2408,Comercial,Mar de Ostende,P06,2022-08-16,,,Sucursal,,2254414935
C2409,Residencial,Pinamar,P04,2023-12-02,,,Referido,cliente1408@gmail.com,2254410406
C2410,Residencial,Ostende,P02,2022-07-10,,,Sucursal,cliente1409@telpin.com.ar,+54 2254 416391
C2411,Residencial,Valeria del Mar,P02,2023-04-22,2025-12-11,Falta de pago,Telefónico,cliente1410@gmail.com,2254452885
C2412,Residencial,Ostende,P05,2022-05-21,2025-10-26,Competencia,Web,cliente1411@hotmail.com,2254453532
C2413,Residencial,Cariló,P01,2022-10-08,,,Referido,cliente1412@gmail.com,2254443335
C2414,Residencial,Valeria del Mar,P02,2022-10-02,,,Sucursal,cliente1413@hotmail.com,+54 2254 488127
C2415,Residencial,ostende,P01,2023-01-21,,,Telefónico,cliente1414@hotmail.com,02254-444861
C2416,Residencial,Pinamar,P02,2024-01-09,,,Sucursal,cliente1415@gmail.com,+54 2254 417757
C2417,Residencial,Pinamar,P02,2022-03-10,,,Telefónico,cliente1416@gmail.com,02254-437794
C2418,Comercial,OSTENDE,P06,2023-10-01,2026-02-09,Sin motivo declarado,Sucursal,cliente1417@gmail.com,
C2419,Residencial,Mar de Ostende,P02,2020-05-17,,,Web,cliente1418@gmail.com,
C2420,Residencial,Pinamar,P04,2022-12-18,,,Web,cliente1419@gmail.com,2254428451
C2421,Residencial,Ostende,P01,2021-12-10,2025-02-21,Falta de pago,Web,cliente1420@telpin.com.ar,+54 2254 418187
C2422,residencial,Cariló,P02,2022-09-21,2026-02-14,Disconformidad con el servicio,Web,cliente1421@gmail.com,+54 2254 478806
C2423,Residencial,Ostende,P01,2020-04-09,,,Vendedor,cliente1422@gmail.com,02254-412525
C2424,Residencial,Pinamar,P04,2022-11-20,,,Telefónico,cliente1423@hotmail.com,
C2425,Residencial,Ostende,P03,2017-05-09,,,Web,,02254-443582
C2426,Residencial,Pinamar,P01,2023-06-12,,,Sucursal,cliente1425@gmail.com,02254-404321
C2427,Residencial,General Madariaga,P03,2023-01-13,2025-05-02,Se muda,Web,cliente1426@gmail.com,+54 2254 433711
C2428,Residencial,Pinamar,P04,2022-07-22,2025-11-19,Se muda,Telefónico,cliente1427@gmail.com,+54 2254 485730
C2429,Residencial,Mar de Ostende,P01,2024-01-13,,,Vendedor,cliente1428@telpin.com.ar,2254476787
C2430,Residencial,CARILÓ,P01,2017-06-20,,,Referido,cliente1429@gmail.com,2254406275
C2431,Residencial,Ostende,P02,2023-05-20,,,Vendedor,cliente1430@telpin.com.ar,+54 2254 469662
C2432,Residencial,Cariló,P01,2022-06-12,,,Telefónico,cliente1431@yahoo.com.ar,2254476646
C2433,Residencial,Pinamar,P01,2023-06-28,,,Web,cliente1432@telpin.com.ar,2254418513
C2434,Comercial,Mar de Ostende,P06,2021-10-03,2025-03-10,Falta de pago,Telefónico,cliente1433@gmail.com,2254464223
C2435,residencial,MAR DE OSTENDE,P04,2020-05-24,2025-02-10,Competencia,Sucursal,cliente1434@gmail.com,02254-417813
C2436,Residencial,Mar de Ostende,P01,2022-04-04,,,Sucursal,,2254473186
C2437,Residencial,Pinamar,P02,2018-11-28,2026-05-01,Se muda,Sucursal,cliente1436@hotmail.com,2254451606
C2438,Residencial,Ostende,P03,2022-08-23,,,Sucursal,,+54 2254 484843
C2439,Residencial,Pinamar,P02,2017-10-13,,,Vendedor,cliente1438@hotmail.com,+54 2254 417784
C2440,Residencial,Mar de Ostende,P02,2017-05-05,,,Referido,cliente1439@gmail.com,02254-475322
C2441,Residencial,Pinamar,P01,2023-10-20,2025-05-08,Sin motivo declarado,Vendedor,cliente1440@yahoo.com.ar,2254450806
C2442,COMERCIAL,Carilo,P06,2023-06-07,,,Web,cliente1441@telpin.com.ar,+54 2254 490061
C2443,Residencial,Valeria del Mar,P01,2022-02-13,2024-10-25,Se muda,Web,cliente1442@telpin.com.ar,+54 2254 477968
C2444,Residencial,Pinamar,P03,2015-08-28,,,Sucursal,cliente1443@gmail.com,02254-453407
C2445,Residencial,pinamar,P03,2024-05-14,,,Sucursal,cliente1444@gmail.com,+54 2254 484775
C2446,RESIDENCIAL,MAR DE OSTENDE,P01,2023-09-30,,,Sucursal,cliente1445@gmail.com,2254408435
C2447,Residencial,Pinamar,P01,2019-03-14,,,Sucursal,cliente1446@hotmail.com,
C2448,Comercial,General Madariaga,P06,2023-01-14,2025-08-01,Disconformidad con el servicio,Telefónico,cliente1447@gmail.com,2254447420
C2449,Residencial,Pinamar,P03,2022-11-07,,,Sucursal,cliente1448@gmail.com,
C2450,RESIDENCIAL,Pinamar,P01,2022-08-30,,,Telefónico,cliente1449@gmail.com,
C2451,Residencial,Pinamar,P03,2019-12-13,,,Referido,cliente1450@gmail.com,2254434114
C2452,Residencial,Cariló,P03,2020-06-03,,,Sucursal,cliente1451@yahoo.com.ar,2254478339
C2453,Residencial,Pinamar,P01,2022-12-23,2026-07-01,Competencia,Vendedor,cliente1452@telpin.com.ar,+54 2254 489432
C2454,Residencial,Pinamar,P05,2019-10-31,,,Web,cliente1453@telpin.com.ar,+54 2254 481794
C2455,Residencial,Pinamar,P03,2018-08-01,,,Sucursal,cliente1454@yahoo.com.ar,2254400331
C2456,Residencial,General Madariaga,P01,2022-12-14,,,Referido,cliente1455@hotmail.com,+54 2254 499261
C2457,Residencial,Ostende,P01,2023-02-21,,,Telefónico,cliente1456@hotmail.com,+54 2254 429119
C2458,Residencial,General Madariaga,P01,2018-03-20,,,Vendedor,cliente1457@gmail.com,+54 2254 406960
C2459,Residencial,Pinamar,P04,2023-04-22,,,Web,,
C2460,Residencial,Pinamar,P03,2021-04-02,,,Sucursal,cliente1459@gmail.com,+54 2254 436839
C2461,Residencial,Pinamar,P03,2023-01-21,,,Sucursal,cliente1460@hotmail.com,2254428476
C2462,Residencial,Valeria del Mar,P05,2023-06-03,,,Sucursal,cliente1461@gmail.com,+54 2254 403565
C2463,RESIDENCIAL,Pinamar,P04,2023-11-17,,,Vendedor,cliente1462@yahoo.com.ar,2254418237
C2464,Residencial,Mar de Ostende,P03,2022-10-03,,,Telefónico,cliente1463@gmail.com,2254486993
C2465,Residencial,  Pinamar ,P02,2021-05-25,2024-10-07,Precio,Vendedor,,2254491647
C2466,Residencial,PINAMAR,P04,2017-02-17,,,Sucursal,cliente1465@hotmail.com,02254-417969
C2467,Residencial,Pinamar,P02,2024-04-23,,,Sucursal,cliente1466@hotmail.com,2254431122
C2468,Residencial,Pinamar,P03,2022-08-01,,,Telefónico,cliente1467@gmail.com,2254431939
C2469,RESIDENCIAL,Cariló,P03,2023-02-23,,,Sucursal,cliente1468@gmail.com,+54 2254 499827
C2470,Comercial,Ostende,P06,2021-06-10,,,Web,cliente1469@gmail.com,+54 2254 482196
C2471,Residencial,General Madariaga,P01,2022-11-30,2025-05-25,Disconformidad con el servicio,Web,cliente1470@telpin.com.ar,2254435917
C2472,Residencial,Cariló,P04,2020-07-15,,,Web,,+54 2254 430296
C2473,Residencial,Pinamar,P05,2021-10-06,,,Vendedor,cliente1472@gmail.com,2254497964
C2474,Residencial,PINAMAR,P01,2020-03-20,,,Referido,cliente1473@hotmail.com,
C2475,Residencial,Mar de Ostende,P02,2021-11-03,2025-03-26,Fin de temporada,Vendedor,cliente1474@telpin.com.ar,02254-498732
C2476,Residencial,Pinamar,P01,2024-01-16,2024-12-09,Falta de pago,Telefónico,cliente1475@telpin.com.ar,
C2477,Residencial,Pinamar,P03,2021-11-28,,,Sucursal,cliente1476@gmail.com,2254449850
C2478,Residencial,Pinamar,P04,2023-03-20,,,Telefónico,cliente1477@yahoo.com.ar,2254413539
C2479,Residencial,Pinamar,P02,2018-07-11,,,Telefónico,cliente1478@gmail.com,02254-482738
C2480,Residencial,Valeria del Mar,P02,2022-12-23,,,Web,cliente1479@yahoo.com.ar,
C2481,Residencial,Pinamar,P01,2020-03-29,,,Telefónico,cliente1480@hotmail.com,02254-407272
C2482,Residencial,Pinamar,P02,2023-01-17,,,Vendedor,cliente1481@gmail.com,2254441649
C2483,Residencial,Valeria del Mar,P01,2022-05-25,,,Referido,cliente1482@gmail.com,2254479887
C2484,Residencial,Cariló,P02,2018-12-27,,,Sucursal,cliente1483@gmail.com,02254-412512
C2485,Residencial,pinamar,P02,2021-06-09,2024-09-21,Se muda,Sucursal,cliente1484@gmail.com,2254491127
C2486,Residencial,Pinamar,P03,2022-03-22,,,Web,cliente1485@gmail.com,
C2487,Residencial,Pinamar,P03,2022-10-27,,,Sucursal,cliente1486@hotmail.com,2254478662
C2488,Residencial,Ostende,P02,2021-09-24,,,Sucursal,cliente1487@gmail.com,2254400546
C2489,residencial,Pinamar,P02,2022-03-25,,,Referido,cliente1488@gmail.com,2254435920
C2490,Residencial,VALERIA DEL MAR,P02,2020-04-02,,,Web,cliente1489@hotmail.com,2254449499
C2491,residencial,Ostende,P01,2020-08-24,,,Web,cliente1490@hotmail.com,02254-456024
C2492,Residencial,  Valeria del Mar ,P03,2022-03-28,,,Vendedor,cliente1491@hotmail.com,
C2493,Residencial,cariló,P03,2021-06-01,,,Telefónico,cliente1492@gmail.com,+54 2254 469541
C2494,Comercial,  Mar de Ostende ,P06,2024-02-16,,,Web,cliente1493@gmail.com,
C2495,Residencial,Valeria del Mar,P01,2024-04-28,,,Sucursal,cliente1494@hotmail.com,02254-448178
C2496,Residencial,Pinamar,P03,2023-03-23,,,Referido,,02254-468193
C2497,Residencial,Mar de Ostende,P01,2021-01-29,,,Referido,cliente1496@hotmail.com,+54 2254 445502
C2498,residencial,valeria del mar,P01,2021-02-04,,,Web,,+54 2254 426591
C2499,Residencial,Pinamar,P03,2022-03-06,2025-08-12,Falta de pago,Referido,cliente1498@gmail.com,02254-435233
C2500,Residencial,Cariló,P05,2023-01-25,,,Web,cliente1499@hotmail.com,2254483320
C2501,Residencial,Ostende,P02,2023-05-04,2025-06-08,Competencia,Web,cliente1500@telpin.com.ar,02254-464830
C2502,Residencial,Cariló,P02,2022-12-16,,,Web,cliente1501@gmail.com,
C2503,Residencial,Cariló,P01,2019-05-14,,,Sucursal,cliente1502@hotmail.com,
C2504,Residencial,PINAMAR,P02,2023-01-18,2026-04-30,Sin motivo declarado,Sucursal,cliente1503@gmail.com,2254471206
C2505,Residencial,Mar de Ostende,P01,2023-05-07,,,Telefónico,cliente1504@gmail.com,+54 2254 412422
C2506,Residencial,OSTENDE,P03,2018-07-15,,,Vendedor,cliente1505@telpin.com.ar,2254488094
C2507,residencial,  Pinamar ,P01,2021-10-05,,,Vendedor,cliente1506@gmail.com,02254-446365
C2508,Residencial,Ostende,P02,2022-07-07,,,Telefónico,cliente1507@gmail.com,+54 2254 475400
C2509,Residencial,General Madariaga,P01,2023-09-03,,,Vendedor,cliente1508@gmail.com,2254428976
C2510,comercial,Ostende,P05,2021-05-20,,,Sucursal,cliente1509@gmail.com,+54 2254 407751
C2511,Residencial,Cariló,P05,2023-03-23,,,Vendedor,,2254474693
C2512,Residencial,General Madariaga,P01,2022-02-01,2026-03-09,Precio,Web,cliente1511@hotmail.com,+54 2254 422830
C2513,Residencial,Valeria del Mar,P03,2024-03-31,,,Referido,,02254-492373
C2514,Residencial,Valeria del Mar,P05,2022-09-30,,,Referido,cliente1513@gmail.com,+54 2254 481796
C2515,Residencial,Mar de Ostende,P01,2022-08-27,,,Web,cliente1514@gmail.com,+54 2254 464660
C2516,Residencial,Valeria del Mar,P02,2023-04-27,,,Referido,cliente1515@telpin.com.ar,+54 2254 415546
C2517,Residencial,Pinamar,P04,2021-06-17,2025-11-15,Se muda,Sucursal,cliente1516@telpin.com.ar,2254419242
C2518,residencial,Valeria del Mar,P01,2024-02-17,2026-04-25,Competencia,Web,cliente1517@hotmail.com,02254-457487
C2519,Residencial,Ostende,P01,2019-09-15,,,Telefónico,cliente1518@hotmail.com,2254466467
C2520,Residencial,Valeria del Mar,P02,2023-12-11,,,Web,cliente1519@telpin.com.ar,2254424753
C2521,Residencial,General Madariaga,P04,2017-01-19,,,Telefónico,cliente1520@gmail.com,
C2522,residencial,Ostende,P03,2023-02-02,,,Web,cliente1521@gmail.com,
C2523,Residencial,PINAMAR,P01,2019-10-19,,,Telefónico,cliente1522@gmail.com,2254489590
C2524,Residencial,Valeria del Mar,P02,2023-03-30,,,Sucursal,cliente1523@gmail.com,2254411628
C2525,Residencial,Ostende,P02,2023-03-27,,,Web,cliente1524@gmail.com,+54 2254 497940
C2526,Residencial,Cariló,P01,2022-02-15,,,Referido,cliente1525@hotmail.com,
C2527,Residencial,Ostende,P04,2016-06-28,,,Sucursal,cliente1526@gmail.com,
C2528,Residencial,Pinamar,P02,2020-06-01,,,Sucursal,cliente1527@gmail.com,02254-402797
C2529,Residencial,Cariló,P02,2023-09-23,2026-01-27,Disconformidad con el servicio,Telefónico,cliente1528@gmail.com,
C2530,Residencial,Ostende,P03,2021-07-02,,,Web,cliente1529@gmail.com,+54 2254 497096
C2531,Residencial,Pinamar,P02,2023-01-06,,,Sucursal,cliente1530@hotmail.com,2254468800
C2532,Residencial,Pinamar,P03,2024-04-22,,,Vendedor,,+54 2254 477372
C2533,Residencial,Pinamar,P01,2021-11-22,,,Sucursal,cliente1532@gmail.com,+54 2254 449014
C2534,Residencial,Ostende,P02,2019-05-24,,,Telefónico,cliente1533@telpin.com.ar,
C2535,Residencial,Ostende,P04,2021-08-15,,,Sucursal,cliente1534@gmail.com,2254486226
C2536,Comercial,General Madariaga,P06,2022-08-28,,,Telefónico,cliente1535@telpin.com.ar,
C2537,Residencial,Mar de Ostende,P01,2023-04-15,,,Telefónico,cliente1536@gmail.com,+54 2254 413094
C2538,Residencial,Pinamar,P03,2022-12-24,,,Sucursal,cliente1537@hotmail.com,+54 2254 483778
C2539,Residencial,Pinamar,P02,2021-02-25,,,Vendedor,cliente1538@gmail.com,+54 2254 483125
C2540,RESIDENCIAL,Valeria del Mar,P01,2021-06-20,2025-04-12,Fin de temporada,Telefónico,cliente1539@gmail.com,
C2541,Residencial,Pinamar,P03,2018-10-08,,,Telefónico,cliente1540@hotmail.com,+54 2254 444145
C2542,Comercial,Pinamar,P06,2023-12-19,,,Telefónico,cliente1541@yahoo.com.ar,2254465623
C2543,residencial,cariló,P02,2023-02-17,,,Sucursal,cliente1542@gmail.com,02254-484581
C2544,Residencial,valeria del mar,P05,2021-05-25,2025-04-26,Fin de temporada,Telefónico,cliente1543@gmail.com,+54 2254 467438
C2545,Residencial,Valeria del Mar,P02,2022-03-15,,,Telefónico,cliente1544@hotmail.com,02254-462173
C2546,Residencial,General Madariaga,P01,2023-04-16,2024-10-06,Precio,Referido,cliente1545@gmail.com,
C2547,RESIDENCIAL,Mar de Ostende,P01,2017-05-04,,,Web,cliente1546@hotmail.com,+54 2254 482340
C2548,Residencial,Pinamar,P04,2020-07-16,,,Sucursal,cliente1547@telpin.com.ar,2254457529
C2549,Residencial,Pinamar,P04,2021-09-09,,,Sucursal,cliente1548@gmail.com,+54 2254 404906
C2550,Residencial,Pinamar,P04,2022-07-29,,,Referido,cliente1549@hotmail.com,+54 2254 484690
C2551,Residencial,General Madariaga,P01,2022-03-24,,,Referido,cliente1550@gmail.com,+54 2254 445688
C2552,Comercial,Ostende,P06,2023-07-12,,,Sucursal,cliente1551@hotmail.com,02254-466789
C2553,Residencial,General Madariaga,P02,2020-11-19,,,Sucursal,cliente1552@gmail.com,2254472687
C2554,Residencial,Ostende,P05,2022-05-02,,,Telefónico,,2254445967
C2555,Residencial,  Pinamar ,P03,2018-01-25,,,Sucursal,cliente1554@telpin.com.ar,02254-421500
C2556,Residencial,Pinamar,P03,2022-07-07,,,Referido,cliente1555@telpin.com.ar,02254-494381
C2557,Residencial,Pinamar,P03,2022-09-02,,,Sucursal,cliente1556@telpin.com.ar,02254-480839
C2558,COMERCIAL,Pinamar,P06,2022-12-14,,,Sucursal,,02254-436874
C2559,Residencial,General Madariaga,P02,2023-09-01,,,Referido,cliente1558@gmail.com,02254-489088
C2560,Residencial,Pinamar,P03,2022-03-26,,,Referido,cliente1559@telpin.com.ar,2254414959
C2561,Residencial,Pinamar,P02,2021-04-15,,,Vendedor,cliente1560@hotmail.com,2254405722
C2562,Residencial,Ostende,P04,2024-04-27,,,Web,cliente1561@gmail.com,
C2563,Residencial,Valeria del Mar,P02,2024-03-09,,,Telefónico,cliente1562@gmail.com,02254-413092
C2564,residencial,Pinamar,P03,2022-03-02,,,Referido,cliente1563@yahoo.com.ar,+54 2254 407281
C2565,Residencial,General Madariaga,P03,2023-04-20,,,Web,cliente1564@hotmail.com,2254444306
C2566,Residencial,Cariló,P04,2022-03-28,,,Sucursal,cliente1565@hotmail.com,02254-451156
C2567,Residencial,Mar de Ostende,P04,2022-03-31,,,Telefónico,cliente1566@gmail.com,+54 2254 459066
C2568,Residencial,Pinamar,P01,2021-09-14,2026-01-05,Precio,Telefónico,cliente1567@hotmail.com,+54 2254 453781
C2569,Comercial,Pinamar,P06,2022-01-29,2026-06-04,Falta de pago,Vendedor,cliente1568@gmail.com,
C2570,Residencial,Pinamar,P02,2022-03-02,,,Vendedor,cliente1569@hotmail.com,02254-470952
C2571,residencial,Valeria del Mar,P05,2022-12-19,2026-07-16,Precio,Telefónico,,2254486758
C2572,Comercial,Valeria del Mar,P06,2022-11-04,,,Telefónico,cliente1571@gmail.com,2254492912
C2573,Residencial,Cariló,P03,2021-03-23,,,Sucursal,cliente1572@gmail.com,02254-426102
C2574,Residencial,Pinamar,P03,2022-12-30,2026-04-08,Competencia,Web,cliente1573@gmail.com,2254417502
C2575,Comercial,Pinamar,P06,2023-11-17,,,Sucursal,cliente1574@gmail.com,+54 2254 450952
C2576,Residencial,Ostende,P02,2020-08-15,2025-01-26,Precio,Sucursal,cliente1575@yahoo.com.ar,2254401267
C2577,Residencial,Pinamar,P01,2022-08-29,,,Web,cliente1576@yahoo.com.ar,
C2578,Residencial,Pinamar,P01,2023-11-20,,,Sucursal,cliente1577@telpin.com.ar,2254433056
C2579,Residencial,Pinamar,P04,2023-10-03,2025-12-20,Se muda,Sucursal,cliente1578@gmail.com,2254486715
C2580,Comercial,PINAMAR,P06,2021-03-12,,,Sucursal,cliente1579@hotmail.com,2254430696
C2581,Residencial,CARILÓ,P03,2024-02-19,,,Referido,cliente1580@hotmail.com,+54 2254 408552
C2582,Residencial,pinamar,P03,2024-05-08,,,Sucursal,cliente1581@gmail.com,2254415347
C2583,Residencial,Mar de Ostende,P02,2022-12-02,,,Telefónico,cliente1582@gmail.com,2254430484
C2584,Residencial,Valeria del Mar,P03,2023-10-27,,,Sucursal,cliente1583@gmail.com,2254490421
C2585,Comercial,Pinamar,P06,2022-11-27,,,Telefónico,cliente1584@hotmail.com,02254-495685
C2586,Residencial,Pinamar,P03,2021-06-28,,,Telefónico,cliente1585@gmail.com,2254455409
C2587,Residencial,Cariló,P02,2023-01-31,,,Vendedor,cliente1586@gmail.com,+54 2254 487333
C2588,Residencial,PINAMAR,P03,2023-05-13,,,Sucursal,cliente1587@gmail.com,02254-452226
C2589,RESIDENCIAL,Pinamar,P02,2023-09-10,,,Referido,cliente1588@gmail.com,2254485473
C2590,RESIDENCIAL,Pinamar,P02,2022-10-13,,,Vendedor,cliente1589@telpin.com.ar,2254446352
C2591,Residencial,Valeria del Mar,P04,2022-10-27,,,Sucursal,cliente1590@gmail.com,2254483823
C2592,Residencial,VALERIA DEL MAR,P02,2019-12-27,,,Web,cliente1591@gmail.com,02254-476700
C2593,Residencial,Pinamar,P02,2023-08-15,,,Sucursal,cliente1592@gmail.com,02254-427953
C2594,Residencial,Cariló,P04,2022-01-08,2026-02-22,Disconformidad con el servicio,Vendedor,cliente1593@hotmail.com,02254-419962
C2595,Residencial,General Madariaga,P05,2010-08-09,,,Vendedor,cliente1594@telpin.com.ar,+54 2254 413687
C2596,Comercial,Valeria del Mar,P05,2019-10-02,,,Telefónico,cliente1595@hotmail.com,+54 2254 467069
C2597,Residencial,OSTENDE,P02,2023-05-28,2025-11-22,Falta de pago,Web,cliente1596@hotmail.com,2254488237
C2598,Residencial,General Madariaga,P03,2020-10-03,,,Web,cliente1597@gmail.com,2254428449
C2599,Residencial,Mar de Ostende,P02,2021-12-01,,,Sucursal,,02254-419753
C2600,Comercial,Pinamar,P06,2021-07-07,,,Sucursal,cliente1599@yahoo.com.ar,02254-422221
C2601,Residencial,Valeria del Mar,P02,2022-10-02,2026-07-23,Disconformidad con el servicio,Web,cliente1600@gmail.com,+54 2254 472870
C2602,Residencial,Pinamar,P02,2020-11-02,,,Referido,,+54 2254 434036
C2603,Residencial,Pinamar,P03,2022-08-14,,,Sucursal,cliente1602@gmail.com,+54 2254 474966
C2604,Residencial,Valeria del Mar,P03,2021-09-06,,,Vendedor,cliente1603@gmail.com,2254410890
C2605,Residencial,  Pinamar ,P02,2023-04-24,,,Telefónico,cliente1604@gmail.com,02254-412857
C2606,RESIDENCIAL,Cariló,P01,2023-05-01,,,Vendedor,cliente1605@gmail.com,02254-463180
C2607,Comercial,Mar de Ostende,P06,2023-08-11,,,Vendedor,cliente1606@hotmail.com,02254-419556
C2608,Residencial,Valeria del Mar,P05,2022-07-21,,,Sucursal,cliente1607@gmail.com,+54 2254 479771
C2609,Residencial,Valeria del Mar,P02,2019-10-06,,,Telefónico,cliente1608@hotmail.com,+54 2254 484204
C2610,Comercial,Pinamar,P06,2020-02-06,,,Vendedor,cliente1609@yahoo.com.ar,2254475768
C2611,residencial,PINAMAR,P04,2023-12-10,,,Web,cliente1610@hotmail.com,2254404173
C2612,Residencial,Ostende,P01,2022-09-11,,,Sucursal,cliente1611@gmail.com,+54 2254 439603
C2613,Residencial,General Madariaga,P02,2019-03-04,,,Sucursal,cliente1612@telpin.com.ar,2254409863
C2614,Residencial,Valeria del Mar,P02,2022-09-15,,,Sucursal,cliente1613@gmail.com,+54 2254 440823
C2615,Residencial,Mar de Ostende,P01,2023-07-19,,,Vendedor,cliente1614@hotmail.com,02254-403165
C2616,Residencial,  Ostende ,P01,2021-06-09,2025-02-01,Falta de pago,Referido,cliente1615@telpin.com.ar,+54 2254 497963
C2617,Comercial,Pinamar,P06,2024-05-27,,,Vendedor,cliente1616@hotmail.com,+54 2254 489216
C2618,Residencial,Cariló,P05,2022-08-21,,,Sucursal,cliente1617@gmail.com,2254415000
C2619,RESIDENCIAL,Valeria del Mar,P02,2023-04-28,,,Telefónico,cliente1618@gmail.com,02254-437047
C2620,Residencial,Valeria del Mar,P01,2022-04-09,,,Referido,cliente1619@gmail.com,02254-441320
C2621,Residencial,Pinamar,P05,2022-07-29,,,Telefónico,cliente1620@gmail.com,2254415468
C2622,Comercial,Valeria del Mar,P06,2021-07-05,,,Vendedor,cliente1621@gmail.com,+54 2254 431545
C2623,Residencial,Pinamar,P02,2018-03-10,,,Web,,
C2624,Residencial,Cariló,P01,2024-03-28,,,Referido,cliente1623@gmail.com,+54 2254 432762
C2625,Residencial,Valeria del Mar,P02,2022-01-07,2025-10-11,Fin de temporada,Vendedor,cliente1624@yahoo.com.ar,2254417151
C2626,Residencial,Valeria del Mar,P02,2021-10-01,,,Sucursal,cliente1625@gmail.com,02254-403155
C2627,Residencial,Ostende,P01,2021-03-10,,,Vendedor,cliente1626@gmail.com,
C2628,Residencial,Mar de Ostende,P02,2022-10-13,,,Web,cliente1627@hotmail.com,02254-420094
C2629,Residencial,CARILÓ,P02,2020-09-20,2026-06-07,Disconformidad con el servicio,Referido,cliente1628@gmail.com,+54 2254 472722
C2630,Comercial,MAR DE OSTENDE,P06,2023-12-09,,,Telefónico,cliente1629@telpin.com.ar,2254403429
C2631,Comercial,Ostende,P05,2022-08-27,,,Vendedor,,02254-439204
C2632,Residencial,Pinamar,P02,2021-03-30,,,Sucursal,cliente1631@gmail.com,2254446285
C2633,Residencial,Valeria del Mar,P03,2021-05-01,2025-12-24,Fin de temporada,Vendedor,cliente1632@hotmail.com,02254-453188
C2634,residencial,Pinamar,P01,2020-02-05,,,Vendedor,cliente1633@hotmail.com,
C2635,Residencial,Mar de Ostende,P03,2022-02-09,,,Telefónico,cliente1634@yahoo.com.ar,+54 2254 456218
C2636,Residencial,CARILÓ,P03,2019-04-18,,,Web,cliente1635@yahoo.com.ar,02254-421185
C2637,Residencial,Pinamar,P01,2021-07-15,2025-01-03,Precio,Telefónico,cliente1636@gmail.com,+54 2254 405867
C2638,RESIDENCIAL,Ostende,P02,2022-01-28,2026-02-13,Falta de pago,Sucursal,cliente1637@gmail.com,02254-495235
C2639,Residencial,Pinamar,P01,2021-07-02,,,Sucursal,cliente1638@gmail.com,+54 2254 443693
C2640,Residencial,Cariló,P05,2023-12-26,,,Web,cliente1639@gmail.com,2254406948
C2641,Residencial,Pinamar,P03,2022-08-05,2026-03-09,Precio,Sucursal,,2254425630
C2642,RESIDENCIAL,Mar de Ostende,P02,2020-01-09,2024-09-30,Fin de temporada,Telefónico,cliente1641@telpin.com.ar,2254450153
C2643,Residencial,Valeria del Mar,P02,2024-05-16,,,Sucursal,cliente1642@gmail.com,+54 2254 426561
C2644,Residencial,valeria del mar,P02,2023-12-24,,,Sucursal,cliente1643@gmail.com,+54 2254 463222
C2645,comercial,Valeria del Mar,P06,2023-12-24,,,Vendedor,cliente1644@gmail.com,2254452559
C2646,Comercial,Pinamar,P06,2023-02-16,2026-06-24,Competencia,Referido,,02254-409682
C2647,Residencial,Pinamar,P03,2023-08-27,2026-01-06,Competencia,Sucursal,cliente1646@gmail.com,+54 2254 472417
C2648,Residencial,Pinamar,P02,2021-04-28,,,Web,cliente1647@yahoo.com.ar,+54 2254 431093
C2649,Residencial,General Madariaga,P01,2020-02-12,,,Sucursal,cliente1648@hotmail.com,02254-486400
C2650,Comercial,General Madariaga,P06,2019-07-31,,,Referido,cliente1649@hotmail.com,+54 2254 467935
C2651,Residencial,Pinamar,P02,2022-04-09,2024-10-24,Competencia,Sucursal,cliente1650@hotmail.com,
C2652,Residencial,Pinamar,P02,2022-04-05,,,Sucursal,cliente1651@gmail.com,02254-489550
C2653,Residencial,Pinamar,P02,2023-02-10,,,Web,,2254410640
C2654,Residencial,Mar de Ostende,P01,2021-05-23,,,Sucursal,cliente1653@gmail.com,02254-492066
C2655,Residencial,Ostende,P03,2023-05-09,,,Web,cliente1654@gmail.com,02254-475897
C2656,Residencial,Mar de Ostende,P05,2017-02-16,,,Sucursal,cliente1655@hotmail.com,+54 2254 464038
C2657,Residencial,Pinamar,P01,2019-02-02,,,Telefónico,cliente1656@gmail.com,
C2658,Residencial,Cariló,P01,2016-06-18,,,Telefónico,cliente1657@gmail.com,2254499793
C2659,Residencial,Pinamar,P03,2018-12-30,,,Web,cliente1658@gmail.com,
C2660,Comercial,Pinamar,P05,2020-08-24,,,Referido,cliente1659@gmail.com,02254-486164
C2661,RESIDENCIAL,Pinamar,P04,2021-02-26,,,Web,cliente1660@hotmail.com,02254-428490
C2662,Residencial,Cariló,P02,2016-11-02,2025-03-15,Fin de temporada,Sucursal,cliente1661@hotmail.com,+54 2254 408968
C2663,Residencial,Pinamar,P03,2023-01-30,,,Telefónico,cliente1662@yahoo.com.ar,
C2664,Residencial,Valeria del Mar,P01,2022-10-18,,,Vendedor,cliente1663@gmail.com,2254496335
C2665,Residencial,Valeria del Mar,P03,2014-04-27,2026-07-08,Se muda,Telefónico,,2254442277
C2666,Residencial,Ostende,P02,2023-09-04,,,Vendedor,cliente1665@telpin.com.ar,2254445947
C2667,Residencial,General Madariaga,P01,2021-11-10,,,Sucursal,cliente1666@hotmail.com,+54 2254 409962
C2668,Residencial,Valeria del Mar,P03,2020-03-21,,,Vendedor,cliente1667@gmail.com,+54 2254 458960
C2669,Residencial,Pinamar,P04,2022-05-30,2025-08-06,Sin motivo declarado,Web,cliente1668@gmail.com,2254480183
C2670,Residencial,Ostende,P03,2022-12-08,,,Vendedor,cliente1669@gmail.com,
C2671,Residencial,Ostende,P05,2018-03-29,,,Sucursal,cliente1670@gmail.com,02254-483698
C2672,Residencial,Pinamar,P02,2023-05-29,,,Web,cliente1671@telpin.com.ar,02254-473258
C2673,Residencial,Pinamar,P04,2022-03-09,,,Telefónico,cliente1672@yahoo.com.ar,02254-415788
C2674,Residencial,Valeria del Mar,P03,2019-09-23,,,Vendedor,cliente1673@hotmail.com,+54 2254 497890
C2675,Residencial,Pinamar,P05,2020-12-04,,,Vendedor,,02254-416746
C2676,Residencial,Valeria del Mar,P02,2020-06-28,,,Referido,cliente1675@gmail.com,2254419890
C2677,Residencial,Pinamar,P04,2023-02-11,,,Sucursal,cliente1676@gmail.com,02254-468198
C2678,residencial,Pinamar,P04,2022-05-01,,,Sucursal,cliente1677@gmail.com,
C2679,Residencial,General Madariaga,P02,2019-08-31,,,Referido,cliente1678@yahoo.com.ar,
C2680,Residencial,General Madariaga,P01,2023-06-29,,,Sucursal,,2254440557
C2681,Residencial,Pinamar,P02,2022-04-17,,,Sucursal,cliente1680@telpin.com.ar,2254496094
C2682,Residencial,Pinamar,P03,2023-09-11,,,Web,cliente1681@hotmail.com,02254-483340
C2683,Residencial,Pinamar,P02,2021-10-08,,,Web,,02254-434930
C2684,Residencial,Cariló,P04,2021-10-24,2024-08-01,Precio,Telefónico,cliente1683@gmail.com,
C2685,Residencial,Ostende,P01,2022-09-06,2025-03-01,Precio,Vendedor,cliente1684@gmail.com,2254422848
C2686,Residencial,Mar de Ostende,P03,2019-11-24,,,Web,cliente1685@hotmail.com,+54 2254 476498
C2687,Residencial,Ostende,P04,2023-08-14,,,Telefónico,cliente1686@hotmail.com,02254-444257
C2688,Residencial,OSTENDE,P01,2019-08-19,,,Web,cliente1687@telpin.com.ar,2254485638
C2689,Residencial,Pinamar,P05,2021-12-21,,,Web,cliente1688@gmail.com,02254-411261
C2690,Residencial,Pinamar,P02,2020-12-26,,,Web,cliente1689@gmail.com,02254-427150
C2691,Residencial,General Madariaga,P02,2021-04-24,,,Web,cliente1690@telpin.com.ar,+54 2254 481883
C2692,Residencial,Pinamar,P01,2023-04-14,,,Sucursal,cliente1691@gmail.com,+54 2254 425804
C2693,Residencial,Pinamar,P02,2022-06-17,2025-12-27,Precio,Telefónico,cliente1692@gmail.com,+54 2254 463583
C2694,Residencial,Valeria del Mar,P01,2020-10-24,2025-01-27,Fin de temporada,Sucursal,cliente1693@telpin.com.ar,2254497067
C2695,Residencial,Pinamar,P01,2018-08-31,,,Vendedor,cliente1694@gmail.com,+54 2254 424603
C2696,Comercial,Pinamar,P06,2022-09-14,,,Telefónico,cliente1695@gmail.com,2254489564
C2697,Residencial,Cariló,P04,2021-01-22,,,Web,cliente1696@gmail.com,02254-433992
C2698,Residencial,Valeria del Mar,P02,2021-04-10,2024-10-13,Precio,Web,cliente1697@gmail.com,02254-436914
C2699,Residencial,pinamar,P01,2022-10-21,,,Telefónico,cliente1698@gmail.com,+54 2254 465420
C2700,residencial,Ostende,P02,2016-11-01,,,Vendedor,cliente1699@hotmail.com,+54 2254 450517
C2701,residencial,Valeria del Mar,P01,2021-05-11,2026-01-31,Precio,Sucursal,cliente1700@telpin.com.ar,2254480821
C2702,Residencial,Pinamar,P04,2022-01-16,2025-10-05,Sin motivo declarado,Telefónico,cliente1701@gmail.com,+54 2254 487880
C2703,Residencial,Pinamar,P01,2022-07-19,2024-10-08,Disconformidad con el servicio,Sucursal,cliente1702@gmail.com,2254489166
C2704,Comercial,Ostende,P06,2022-11-30,,,Web,cliente1703@hotmail.com,+54 2254 420485
C2705,residencial,General Madariaga,P01,2022-02-12,2026-05-08,Falta de pago,Referido,cliente1704@hotmail.com,
C2706,RESIDENCIAL,General Madariaga,P03,2019-03-29,,,Sucursal,cliente1705@gmail.com,+54 2254 494710
C2707,Residencial,Pinamar,P02,2022-04-10,2025-01-17,Precio,Web,cliente1706@gmail.com,02254-405426
C2708,Residencial,General Madariaga,P05,2017-11-23,,,Web,,
C2709,Residencial,General Madariaga,P02,2023-03-24,,,Sucursal,cliente1708@gmail.com,02254-492252
C2710,Residencial,Pinamar,P04,2022-04-23,,,Sucursal,cliente1709@hotmail.com,+54 2254 442802
C2711,Residencial,Ostende,P01,2022-03-09,,,Telefónico,cliente1710@yahoo.com.ar,2254441217
C2712,Residencial,mar de ostende,P03,2021-04-29,,,Telefónico,cliente1711@telpin.com.ar,2254427030
C2713,Residencial,General Madariaga,P03,2022-04-18,,,Referido,cliente1712@telpin.com.ar,
C2714,Residencial,  Pinamar ,P04,2023-01-24,2026-06-30,Se muda,Sucursal,cliente1713@gmail.com,+54 2254 475888
C2715,Residencial,Valeria del Mar,P02,2020-05-07,2025-04-12,Falta de pago,Vendedor,cliente1714@gmail.com,2254496090
C2716,COMERCIAL,Pinamar,P06,2020-09-25,,,Vendedor,cliente1715@gmail.com,2254496720
C2717,Residencial,Valeria del Mar,P04,2023-05-10,,,Sucursal,cliente1716@gmail.com,2254426072
C2718,Residencial,VALERIA DEL MAR,P05,2020-11-30,2025-02-26,Falta de pago,Referido,cliente1717@gmail.com,+54 2254 474147
C2719,Residencial,Pinamar,P02,2024-04-21,,,Sucursal,cliente1718@gmail.com,+54 2254 416804
C2720,Comercial,General Madariaga,P06,2019-11-30,,,Sucursal,cliente1719@telpin.com.ar,2254434221
C2721,Residencial,mar de ostende,P03,2024-01-11,,,Sucursal,cliente1720@telpin.com.ar,
C2722,Residencial,  Pinamar ,P04,2021-06-02,,,Web,cliente1721@gmail.com,2254474335
C2723,Residencial,Pinamar,P04,2023-03-08,,,Web,cliente1722@gmail.com,02254-446879
C2724,Residencial,Pinamar,P02,2022-08-04,,,Vendedor,,+54 2254 453722
C2725,Comercial,Valeria del Mar,P06,2022-02-06,2025-02-20,Falta de pago,Telefónico,cliente1724@gmail.com,02254-422972
C2726,Residencial,Pinamar,P01,2019-04-27,,,Web,cliente1725@gmail.com,+54 2254 443375
C2727,Residencial,Ostende,P01,2015-06-05,,,Referido,cliente1726@yahoo.com.ar,2254431833
C2728,Residencial,pinamar,P05,2020-02-27,,,Web,cliente1727@gmail.com,
C2729,Residencial,Pinamar,P04,2019-10-27,,,Vendedor,cliente1728@gmail.com,+54 2254 418059
C2730,Residencial,Pinamar,P03,2020-10-29,,,Referido,cliente1729@yahoo.com.ar,
C2731,Residencial,Pinamar,P03,2021-11-14,,,Vendedor,cliente1730@telpin.com.ar,02254-490681
C2732,Comercial,Pinamar,P06,2021-04-21,,,Vendedor,cliente1731@gmail.com,02254-409706
C2733,Residencial,Pinamar,P02,2021-04-01,,,Web,cliente1732@gmail.com,
C2734,Comercial,Ostende,P06,2022-01-06,,,Vendedor,cliente1733@gmail.com,+54 2254 447194
C2735,Residencial,Pinamar,P04,2021-02-22,,,Sucursal,cliente1734@gmail.com,2254419397
C2736,Residencial,Mar de Ostende,P01,2024-02-16,2025-02-20,Precio,Sucursal,cliente1735@hotmail.com,+54 2254 426148
C2737,residencial,Pinamar,P01,2024-03-15,,,Telefónico,,2254462093
C2738,Residencial,Valeria del Mar,P02,2021-09-20,2026-06-19,Fin de temporada,Web,cliente1737@gmail.com,02254-438044
C2739,Residencial,Valeria del Mar,P02,2022-06-27,,,Sucursal,cliente1738@yahoo.com.ar,
C2740,Residencial,Pinamar,P03,2024-04-07,2024-12-27,Falta de pago,Vendedor,,+54 2254 406487
C2741,residencial,Pinamar,P01,2022-03-04,2025-05-20,Disconformidad con el servicio,Referido,cliente1740@telpin.com.ar,
C2742,Residencial,Pinamar,P01,2022-09-21,,,Sucursal,cliente1741@gmail.com,2254447805
C2743,Residencial,Pinamar,P02,2024-01-10,,,Web,cliente1742@yahoo.com.ar,02254-454579
C2744,Residencial,Cariló,P03,2022-07-06,,,Sucursal,cliente1743@gmail.com,+54 2254 432648
C2745,Residencial,pinamar,P02,2022-10-20,,,Telefónico,cliente1744@gmail.com,2254455046
C2746,Residencial,Pinamar,P03,2023-07-31,,,Vendedor,cliente1745@yahoo.com.ar,+54 2254 441822
C2747,Comercial,Pinamar,P06,2021-07-24,,,Sucursal,cliente1746@gmail.com,02254-490406
C2748,Residencial,Ostende,P03,2020-11-04,,,Sucursal,cliente1747@hotmail.com,2254442967
C2749,Residencial,Pinamar,P03,2017-06-01,,,Telefónico,cliente1748@hotmail.com,02254-402947
C2750,RESIDENCIAL,  Pinamar ,P03,2024-02-22,,,Sucursal,cliente1749@hotmail.com,2254466813
C2751,Residencial,pinamar,P01,2021-01-09,2026-03-21,Competencia,Referido,cliente1750@telpin.com.ar,+54 2254 444339
C2752,RESIDENCIAL,Mar de Ostende,P01,2023-05-16,,,Telefónico,cliente1751@gmail.com,02254-463962
C2753,Residencial,Pinamar,P01,2017-09-20,,,Referido,,+54 2254 459890
C2754,Residencial,cariló,P01,2022-06-27,2025-12-31,Fin de temporada,Sucursal,,+54 2254 442519
C2755,Residencial,Valeria del Mar,P01,2015-01-01,,,Web,cliente1754@telpin.com.ar,
C2756,Residencial,valeria del mar,P03,2021-07-08,,,Referido,cliente1755@gmail.com,02254-403884
C2757,Residencial,valeria del mar,P03,2023-10-30,2025-02-05,Fin de temporada,Referido,cliente1756@gmail.com,+54 2254 446102
C2758,Comercial,MAR DE OSTENDE,P06,2023-03-25,,,Sucursal,cliente1757@gmail.com,2254453054
C2759,Residencial,Mar de Ostende,P03,2021-12-02,,,Vendedor,,+54 2254 406074
C2760,Residencial,Ostende,P01,2023-09-09,,,Vendedor,cliente1759@gmail.com,+54 2254 435328
C2761,Residencial,Pinamar,P02,2021-11-28,,,Telefónico,cliente1760@gmail.com,2254421621
C2762,Residencial,Pinamar,P01,2016-12-22,,,Sucursal,,2254461334
C2763,Residencial,valeria del mar,P02,2020-11-21,2026-05-21,Competencia,Vendedor,cliente1762@gmail.com,2254441326
C2764,RESIDENCIAL,Ostende,P02,2022-04-13,2024-09-26,Falta de pago,Web,cliente1763@gmail.com,02254-404696
C2765,RESIDENCIAL,Valeria del Mar,P02,2020-12-25,2025-03-14,Fin de temporada,Referido,cliente1764@yahoo.com.ar,02254-448936
C2766,Residencial,Pinamar,P04,2020-07-05,2025-04-03,Se muda,Sucursal,cliente1765@hotmail.com,+54 2254 437079
C2767,Residencial,Pinamar,P03,2021-04-15,,,Vendedor,cliente1766@gmail.com,+54 2254 426221
C2768,Residencial,Cariló,P02,2020-10-02,,,Telefónico,cliente1767@hotmail.com,02254-483256
C2769,Residencial,Ostende,P02,2023-06-28,,,Sucursal,cliente1768@gmail.com,2254429035
C2770,Residencial,Cariló,P02,2020-08-30,,,Telefónico,cliente1769@hotmail.com,2254417679
C2771,Residencial,Cariló,P05,2020-09-21,,,Sucursal,cliente1770@gmail.com,+54 2254 479596
C2772,Residencial,Ostende,P01,2023-03-09,,,Sucursal,cliente1771@hotmail.com,02254-460547
C2773,Residencial,Pinamar,P02,2020-09-10,,,Sucursal,cliente1772@gmail.com,+54 2254 468741
C2774,Residencial,OSTENDE,P02,2023-02-16,2025-09-05,Disconformidad con el servicio,Sucursal,cliente1773@hotmail.com,02254-457193
C2775,Residencial,Pinamar,P02,2020-07-04,,,Sucursal,cliente1774@telpin.com.ar,02254-443074
C2776,Comercial,Cariló,P05,2023-10-31,,,Vendedor,cliente1775@telpin.com.ar,2254455351
C2777,Residencial,Cariló,P03,2022-11-03,2024-12-29,Precio,Sucursal,cliente1776@gmail.com,02254-401024
C2778,Residencial,Pinamar,P03,2020-09-12,,,Vendedor,cliente1777@yahoo.com.ar,
C2779,RESIDENCIAL,Valeria del Mar,P02,2016-07-11,2025-03-29,Fin de temporada,Vendedor,cliente1778@telpin.com.ar,2254440992
C2780,Comercial,General Madariaga,P06,2021-10-06,,,Sucursal,cliente1779@telpin.com.ar,+54 2254 437219
C2781,Residencial,mar de ostende,P01,2021-12-28,,,Web,cliente1780@gmail.com,2254410127
C2782,Residencial,CARILÓ,P03,2023-09-09,,,Web,cliente1781@hotmail.com,+54 2254 458649
C2783,Residencial,Ostende,P04,2019-03-08,,,Vendedor,cliente1782@gmail.com,+54 2254 408119
C2784,Residencial,Ostende,P01,2018-12-25,,,Sucursal,cliente1783@hotmail.com,+54 2254 461139
C2785,Residencial,Cariló,P02,2017-04-17,2026-02-15,Se muda,Referido,,2254407732
C2786,Residencial,Valeria del Mar,P01,2022-04-10,,,Sucursal,cliente1785@hotmail.com,2254442508
C2787,Residencial,Pinamar,P02,2022-10-13,,,Vendedor,cliente1786@gmail.com,02254-406049
C2788,Residencial,Pinamar,P02,2020-04-27,,,Sucursal,cliente1787@telpin.com.ar,2254442611
C2789,Residencial,Valeria del Mar,P02,2020-09-06,,,Sucursal,cliente1788@gmail.com,02254-469369
C2790,Residencial,Pinamar,P05,2022-10-18,,,Sucursal,,+54 2254 423146
C2791,Residencial,Mar de Ostende,P04,2022-04-22,,,Referido,cliente1790@telpin.com.ar,2254452406
C2792,Comercial,Pinamar,P06,2023-10-24,,,Web,cliente1791@gmail.com,2254407875
C2793,Residencial,Carilo,P04,2023-04-27,,,Telefónico,cliente1792@hotmail.com,02254-479180
C2794,Residencial,Valeria del Mar,P02,2023-04-14,,,Web,cliente1793@telpin.com.ar,2254421846
C2795,residencial,Cariló,P01,2022-03-30,2026-04-30,Precio,Sucursal,cliente1794@gmail.com,+54 2254 488876
C2796,Residencial,Pinamar,P02,2021-01-18,,,Vendedor,cliente1795@hotmail.com,02254-463988
C2797,RESIDENCIAL,Cariló,P02,2018-06-16,,,Referido,cliente1796@gmail.com,02254-473585
C2798,Residencial,Cariló,P01,2020-05-09,2026-05-19,Se muda,Sucursal,cliente1797@yahoo.com.ar,
C2799,Comercial,Ostende,P06,2020-03-28,2025-03-24,Falta de pago,Web,cliente1798@gmail.com,2254499578
C2800,Residencial,pinamar,P03,2023-05-02,,,Sucursal,cliente1799@telpin.com.ar,+54 2254 485974
C2801,Residencial,Mar de Ostende,P03,2022-09-12,,,Sucursal,cliente1800@gmail.com,2254428235
C2802,Residencial,Pinamar,P01,2023-05-24,,,Sucursal,,02254-465991
C2803,Comercial,General Madariaga,P05,2021-12-02,,,Sucursal,cliente1802@gmail.com,
C2804,Residencial,Mar de Ostende,P03,2022-04-01,,,Vendedor,cliente1803@gmail.com,2254493864
C2805,Residencial,Pinamar,P02,2024-05-29,,,Web,cliente1804@gmail.com,2254488353
C2806,Residencial,Pinamar,P01,2023-02-18,2025-10-16,Se muda,Telefónico,cliente1805@yahoo.com.ar,
C2807,Residencial,pinamar,P01,2020-06-29,,,Web,cliente1806@gmail.com,+54 2254 421572
C2808,Comercial,Pinamar,P06,2020-03-18,,,Telefónico,,+54 2254 407739
C2809,Comercial,Valeria del Mar,P06,2023-06-16,,,Vendedor,cliente1808@gmail.com,2254440683
C2810,Residencial,Ostende,P04,2021-11-20,,,Web,cliente1809@gmail.com,2254415386
C2811,Residencial,General Madariaga,P02,2020-07-05,,,Telefónico,cliente1810@hotmail.com,2254437780
C2812,Residencial,Valeria del Mar,P03,2023-02-14,,,Web,cliente1811@gmail.com,2254471917
C2813,Residencial,Valeria del Mar,P04,2018-11-20,,,Sucursal,cliente1812@hotmail.com,2254434177
C2814,residencial,mar de ostende,P03,2022-05-09,,,Sucursal,cliente1813@yahoo.com.ar,+54 2254 486381
C2815,Residencial,Valeria del Mar,P02,2022-11-22,,,Web,cliente1814@hotmail.com,2254443159
C2816,Residencial,Pinamar,P02,2021-12-07,,,Web,cliente1815@gmail.com,
C2817,Residencial,Cariló,P02,2020-09-05,,,Referido,cliente1816@gmail.com,02254-405306
C2818,Residencial,Pinamar,P03,2020-08-04,,,Sucursal,,
C2819,Residencial,Pinamar,P04,2024-03-30,,,Web,cliente1818@gmail.com,02254-496053
C2820,Residencial,Pinamar,P01,2018-06-30,,,Web,cliente1819@gmail.com,+54 2254 414399
C2821,Residencial,Mar de Ostende,P01,2023-05-06,,,Telefónico,cliente1820@hotmail.com,+54 2254 494758
C2822,RESIDENCIAL,Pinamar,P01,2022-10-22,2025-12-12,Sin motivo declarado,Referido,cliente1821@hotmail.com,2254477573
C2823,Residencial,Valeria del Mar,P04,2021-10-16,,,Web,cliente1822@yahoo.com.ar,
C2824,Residencial,Cariló,P02,2021-10-18,2025-02-09,Se muda,Telefónico,cliente1823@telpin.com.ar,02254-473393
C2825,RESIDENCIAL,Cariló,P03,2021-03-20,,,Referido,cliente1824@gmail.com,2254489184
C2826,Comercial,Pinamar,P06,2021-06-05,,,Web,cliente1825@gmail.com,
C2827,Residencial,Pinamar,P04,2023-02-04,,,Sucursal,,02254-468278
C2828,residencial,pinamar,P04,2017-08-20,,,Telefónico,cliente1827@gmail.com,02254-403291
C2829,residencial,Ostende,P05,2023-05-02,,,Web,cliente1828@gmail.com,+54 2254 438235
C2830,RESIDENCIAL,  Pinamar ,P02,2015-12-01,2024-12-21,Disconformidad con el servicio,Vendedor,cliente1829@gmail.com,02254-433752
C2831,Residencial,General Madariaga,P02,2022-01-15,,,Referido,,2254409023
C2832,Residencial,Pinamar,P02,2023-12-19,,,Telefónico,cliente1831@hotmail.com,2254476249
C2833,Residencial,Valeria del Mar,P05,2018-04-08,,,Telefónico,cliente1832@gmail.com,02254-454325
C2834,Residencial,Carilo,P01,2023-08-11,,,Web,cliente1833@gmail.com,
C2835,Comercial,Pinamar,P06,2019-12-08,,,Web,cliente1834@hotmail.com,2254455442
C2836,Residencial,Pinamar,P05,2021-07-29,,,Web,cliente1835@hotmail.com,02254-411012
C2837,Comercial,Pinamar,P06,2016-04-26,,,Web,cliente1836@hotmail.com,+54 2254 462844
C2838,RESIDENCIAL,Pinamar,P03,2022-03-03,,,Web,cliente1837@gmail.com,02254-478205
C2839,Residencial,Pinamar,P02,2024-04-25,,,Web,cliente1838@telpin.com.ar,02254-479572
C2840,RESIDENCIAL,General Madariaga,P01,2020-09-15,,,Sucursal,,2254421038
C2841,Residencial,Ostende,P02,2023-02-02,,,Sucursal,cliente1840@hotmail.com,2254437723
C2842,Comercial,General Madariaga,P05,2023-07-08,2024-10-07,Disconformidad con el servicio,Sucursal,cliente1841@hotmail.com,+54 2254 492934
C2843,RESIDENCIAL,Cariló,P04,2023-03-29,,,Telefónico,cliente1842@hotmail.com,2254440579
C2844,Residencial,Pinamar,P04,2022-09-30,,,Sucursal,cliente1843@gmail.com,
C2845,Residencial,Pinamar,P02,2022-06-26,2024-12-29,Competencia,Vendedor,cliente1844@hotmail.com,2254473014
C2846,Residencial,Mar de Ostende,P03,2012-02-25,,,Referido,cliente1845@gmail.com,02254-423057
C2847,Residencial,Valeria del Mar,P01,2022-08-21,,,Web,cliente1846@yahoo.com.ar,+54 2254 497831
C2848,Residencial,Pinamar,P01,2021-03-13,,,Web,cliente1847@gmail.com,+54 2254 417841
C2849,Residencial,Ostende,P04,2020-11-15,,,Vendedor,cliente1848@gmail.com,2254447965
C2850,Residencial,Mar de Ostende,P01,2020-06-14,2025-02-24,Se muda,Web,cliente1849@gmail.com,02254-422501
C2851,Residencial,Mar de Ostende,P04,2024-03-05,,,Web,cliente1850@yahoo.com.ar,02254-403368
C2852,Residencial,Mar de Ostende,P01,2019-01-17,,,Vendedor,cliente1851@hotmail.com,02254-465369
C2853,Residencial,Pinamar,P01,2022-08-16,,,Telefónico,cliente1852@gmail.com,+54 2254 466683
C2854,Residencial,Cariló,P02,2023-05-15,,,Web,cliente1853@telpin.com.ar,2254496792
C2855,Comercial,Pinamar,P05,2024-03-16,,,Sucursal,cliente1854@gmail.com,+54 2254 464559
C2856,residencial,Pinamar,P04,2021-08-14,,,Telefónico,cliente1855@gmail.com,+54 2254 449159
C2857,Residencial,Mar de Ostende,P03,2023-12-10,,,Referido,cliente1856@hotmail.com,2254406850
C2858,Residencial,Pinamar,P01,2023-06-02,,,Vendedor,cliente1857@gmail.com,
C2859,Residencial,Valeria del Mar,P01,2023-10-21,,,Sucursal,cliente1858@hotmail.com,+54 2254 422689
C2860,residencial,Pinamar,P02,2022-03-16,2026-05-29,Precio,Sucursal,,+54 2254 485319
C2861,Residencial,Cariló,P03,2022-12-08,,,Vendedor,cliente1860@gmail.com,2254408823
C2862,Residencial,Pinamar,P01,2022-12-01,2024-10-01,Disconformidad con el servicio,Telefónico,cliente1861@gmail.com,+54 2254 489419
C2863,Comercial,Valeria del Mar,P06,2023-07-31,,,Sucursal,cliente1862@hotmail.com,2254415301
C2864,Comercial,Cariló,P06,2022-06-22,,,Vendedor,cliente1863@gmail.com,
C2865,Residencial,General Madariaga,P04,2023-04-19,,,Telefónico,cliente1864@yahoo.com.ar,2254404862
C2866,Residencial,Pinamar,P01,2021-05-16,,,Sucursal,cliente1865@hotmail.com,02254-400680
C2867,Residencial,Pinamar,P02,2020-03-08,,,Sucursal,cliente1866@gmail.com,+54 2254 433174
C2868,residencial,Ostende,P05,2021-03-01,,,Telefónico,cliente1867@hotmail.com,+54 2254 437576
C2869,Residencial,Pinamar,P02,2017-04-24,2024-08-13,Competencia,Sucursal,cliente1868@hotmail.com,
C2870,Residencial,Valeria del Mar,P04,2018-08-09,,,Sucursal,cliente1869@gmail.com,2254494867
C2871,Residencial,General Madariaga,P01,2022-09-24,,,Vendedor,cliente1870@hotmail.com,02254-478779
C2872,Residencial,OSTENDE,P01,2023-06-05,,,Sucursal,cliente1871@hotmail.com,2254477578
C2873,Residencial,Pinamar,P04,2022-02-23,,,Web,,02254-459905
C2874,Residencial,mar de ostende,P02,2023-05-23,2025-03-26,Fin de temporada,Sucursal,cliente1873@hotmail.com,02254-412305
C2875,Residencial,Mar de Ostende,P03,2022-02-08,,,Telefónico,cliente1874@telpin.com.ar,02254-491968
C2876,Residencial,  Pinamar ,P01,2022-01-16,2025-05-28,Precio,Web,cliente1875@gmail.com,2254419964
C2877,Residencial,  Ostende ,P02,2023-01-16,,,Telefónico,,+54 2254 476461
C2878,Residencial,Pinamar,P03,2023-12-28,,,Telefónico,cliente1877@gmail.com,02254-441038
C2879,Residencial,Pinamar,P01,2022-06-19,2025-07-28,Disconformidad con el servicio,Vendedor,cliente1878@gmail.com,+54 2254 490124
C2880,Residencial,Pinamar,P02,2022-12-23,,,Telefónico,cliente1879@gmail.com,02254-479047
C2881,Residencial,General Madariaga,P03,2023-09-09,,,Telefónico,cliente1880@gmail.com,2254409009
C2882,Residencial,Pinamar,P03,2023-02-01,,,Telefónico,cliente1881@gmail.com,02254-496190
C2883,Residencial,Mar de Ostende,P03,2021-04-05,2024-09-08,Falta de pago,Sucursal,cliente1882@gmail.com,
C2884,Residencial,Ostende,P02,2019-08-31,2025-09-21,Falta de pago,Sucursal,cliente1883@gmail.com,02254-443837
C2885,Residencial,PINAMAR,P02,2022-08-24,,,Sucursal,cliente1884@gmail.com,02254-459141
C2886,Residencial,Pinamar,P02,2020-04-11,,,Referido,cliente1885@telpin.com.ar,+54 2254 445538
C2887,residencial,Mar de Ostende,P03,2021-07-02,,,Telefónico,cliente1886@hotmail.com,
C2888,Residencial,Cariló,P03,2023-07-09,,,Web,cliente1887@hotmail.com,
C2889,Residencial,Pinamar,P03,2023-07-05,,,Referido,cliente1888@yahoo.com.ar,2254406157
C2890,Residencial,General Madariaga,P02,2022-11-07,,,Vendedor,cliente1889@gmail.com,02254-467163
C2891,Residencial,General Madariaga,P02,2023-07-29,2026-02-17,Precio,Sucursal,cliente1890@yahoo.com.ar,2254466646
C2892,Residencial,Mar de Ostende,P03,2023-10-23,,,Telefónico,cliente1891@gmail.com,02254-496783
C2893,Residencial,Cariló,P02,2019-01-18,,,Web,,02254-415883
C2894,RESIDENCIAL,General Madariaga,P02,2024-04-21,,,Telefónico,,2254491029
C2895,Residencial,Pinamar,P01,2022-10-15,,,Sucursal,cliente1894@gmail.com,02254-434132
C2896,Residencial,Pinamar,P02,2019-12-28,,,Vendedor,cliente1895@hotmail.com,02254-446608
C2897,Residencial,Pinamar,P02,2021-01-15,,,Web,cliente1896@hotmail.com,02254-488039
C2898,RESIDENCIAL,General Madariaga,P01,2017-05-01,2024-10-06,Disconformidad con el servicio,Web,cliente1897@gmail.com,2254464159
C2899,Residencial,Pinamar,P04,2021-06-29,,,Telefónico,cliente1898@telpin.com.ar,02254-458713
C2900,Residencial,General Madariaga,P01,2022-05-04,,,Sucursal,cliente1899@gmail.com,+54 2254 453676
C2901,residencial,General Madariaga,P01,2023-07-26,,,Sucursal,cliente1900@yahoo.com.ar,+54 2254 425985
C2902,RESIDENCIAL,Mar de Ostende,P02,2019-11-04,,,Telefónico,cliente1901@gmail.com,2254401669
C2903,Residencial,Pinamar,P05,2020-06-24,,,Sucursal,cliente1902@hotmail.com,+54 2254 408436
C2904,Residencial,Mar de Ostende,P03,2023-10-20,,,Web,cliente1903@gmail.com,2254421519
C2905,Residencial,Valeria del Mar,P03,2023-05-12,,,Vendedor,cliente1904@gmail.com,+54 2254 478719
C2906,Residencial,Pinamar,P04,2020-10-10,,,Web,cliente1905@gmail.com,2254403938
C2907,Residencial,Valeria del Mar,P03,2022-11-07,,,Vendedor,cliente1906@hotmail.com,+54 2254 490526
C2908,Residencial,Pinamar,P02,2022-05-03,,,Telefónico,cliente1907@telpin.com.ar,02254-484217
C2909,Residencial,Pinamar,P01,2022-11-06,,,Telefónico,cliente1908@gmail.com,02254-437225
C2910,Residencial,Ostende,P02,2022-02-12,,,Sucursal,cliente1909@hotmail.com,
C2911,Residencial,VALERIA DEL MAR,P01,2017-09-01,2025-08-06,Fin de temporada,Telefónico,,02254-487236
C2912,Residencial,Mar de Ostende,P03,2018-11-09,2026-07-26,Precio,Vendedor,cliente1911@gmail.com,2254446321
C2913,Comercial,Ostende,P06,2020-11-11,,,Referido,cliente1912@hotmail.com,02254-484219
C2914,Comercial,Pinamar,P06,2024-02-19,,,Telefónico,cliente1913@telpin.com.ar,2254467313
C2915,Residencial,Ostende,P03,2020-08-13,,,Vendedor,cliente1914@gmail.com,02254-473242
C2916,Residencial,PINAMAR,P01,2023-08-02,2026-01-22,Disconformidad con el servicio,Referido,,+54 2254 483751
C2917,Comercial,Valeria del Mar,P05,2020-10-19,,,Web,cliente1916@hotmail.com,2254402544
C2918,Residencial,Pinamar,P02,2013-01-06,,,Referido,cliente1917@gmail.com,+54 2254 429827
C2919,Residencial,pinamar,P03,2023-06-03,,,Vendedor,cliente1918@hotmail.com,02254-473089
C2920,Residencial,Ostende,P01,2023-07-28,,,Telefónico,cliente1919@hotmail.com,+54 2254 413694
C2921,residencial,General Madariaga,P02,2023-05-28,,,Vendedor,cliente1920@gmail.com,+54 2254 474193
C2922,residencial,Mar de Ostende,P01,2022-06-09,,,Vendedor,cliente1921@gmail.com,2254492766
C2923,residencial,Valeria del Mar,P03,2021-04-09,,,Web,cliente1922@gmail.com,02254-411893
C2924,Residencial,Cariló,P04,2019-07-27,,,Vendedor,,+54 2254 451182
C2925,Residencial,Valeria del Mar,P02,2023-11-11,,,Web,cliente1924@gmail.com,2254472651
C2926,Residencial,Mar de Ostende,P03,2022-08-20,2025-10-26,Se muda,Telefónico,cliente1925@gmail.com,+54 2254 448218
C2927,Residencial,Cariló,P05,2022-06-25,,,Vendedor,cliente1926@gmail.com,2254498114
C2928,Residencial,Mar de Ostende,P03,2018-08-24,2025-08-03,Falta de pago,Web,cliente1927@telpin.com.ar,02254-463909
C2929,Residencial,Ostende,P04,2024-01-13,2025-10-29,Falta de pago,Web,cliente1928@gmail.com,+54 2254 473661
C2930,Residencial,Pinamar,P01,2018-11-05,,,Web,,02254-499203
C2931,residencial,Cariló,P01,2022-05-18,2025-06-11,Disconformidad con el servicio,Vendedor,cliente1930@hotmail.com,2254463266
C2932,Comercial,CARILÓ,P06,2015-09-04,,,Vendedor,cliente1931@gmail.com,2254489084
C2933,Comercial,Pinamar,P05,2022-03-18,,,Sucursal,cliente1932@yahoo.com.ar,02254-405106
C2934,Residencial,cariló,P02,2019-05-24,,,Telefónico,cliente1933@gmail.com,02254-499450
C2935,Residencial,  General Madariaga ,P05,2018-08-01,,,Telefónico,cliente1934@gmail.com,02254-433945
C2936,Residencial,Pinamar,P02,2022-10-03,,,Web,,2254463257
C2937,Residencial,Pinamar,P03,2022-08-24,,,Web,cliente1936@gmail.com,2254421906
C2938,Residencial,Pinamar,P02,2021-05-25,2026-01-12,Se muda,Sucursal,cliente1937@gmail.com,02254-459180
C2939,Residencial,  Pinamar ,P04,2023-02-14,,,Sucursal,cliente1938@hotmail.com,+54 2254 468088
C2940,Residencial,Mar de Ostende,P02,2014-05-20,,,Sucursal,cliente1939@telpin.com.ar,+54 2254 450432
C2941,Residencial,Pinamar,P01,2023-07-07,,,Sucursal,cliente1940@gmail.com,
C2942,residencial,Pinamar,P02,2021-06-05,,,Telefónico,cliente1941@hotmail.com,2254459939
C2943,Residencial,Cariló,P04,2019-10-23,,,Referido,cliente1942@gmail.com,+54 2254 469662
C2944,Residencial,Pinamar,P05,2023-01-04,,,Referido,cliente1943@gmail.com,+54 2254 443289
C2945,Residencial,Pinamar,P03,2022-07-13,2026-07-14,Competencia,Telefónico,cliente1944@hotmail.com,2254436873
C2946,Residencial,Pinamar,P04,2023-06-05,,,Referido,cliente1945@gmail.com,+54 2254 444170
C2947,Residencial,Cariló,P03,2022-08-17,,,Telefónico,cliente1946@gmail.com,+54 2254 499904
C2948,Residencial,Mar de Ostende,P02,2022-01-02,2026-06-22,Fin de temporada,Referido,cliente1947@yahoo.com.ar,2254495803
C2949,Residencial,Pinamar,P02,2021-03-25,2026-04-20,Falta de pago,Vendedor,cliente1948@gmail.com,2254457468
C2950,Residencial,Cariló,P04,2021-07-09,,,Telefónico,cliente1949@telpin.com.ar,02254-446086
C2951,Comercial,General Madariaga,P06,2020-01-07,,,Referido,cliente1950@yahoo.com.ar,+54 2254 414772
C2952,Residencial,Ostende,P02,2020-08-03,,,Sucursal,cliente1951@gmail.com,02254-480200
C2953,Residencial,Valeria del Mar,P01,2023-07-16,,,Web,cliente1952@gmail.com,+54 2254 453723
C2954,Residencial,Pinamar,P01,2019-11-09,,,Sucursal,cliente1953@yahoo.com.ar,02254-413584
C2955,Residencial,pinamar,P01,2020-08-22,,,Telefónico,cliente1954@hotmail.com,
C2956,RESIDENCIAL,Valeria del Mar,P01,2023-05-11,,,Sucursal,,
C2957,Residencial,valeria del mar,P02,2021-09-07,2025-09-20,Falta de pago,Web,cliente1956@hotmail.com,2254430237
C2958,Residencial,Pinamar,P03,2020-10-19,,,Sucursal,cliente1957@gmail.com,
C2959,Residencial,Ostende,P02,2024-01-03,2025-04-22,Disconformidad con el servicio,Sucursal,cliente1958@gmail.com,+54 2254 434896
C2960,Residencial,Mar de Ostende,P05,2019-08-04,,,Sucursal,cliente1959@gmail.com,02254-405384
C2961,Residencial,Ostende,P02,2023-11-03,2024-09-09,Precio,Sucursal,cliente1960@gmail.com,2254426272
C2962,Comercial,PINAMAR,P06,2022-06-27,,,Sucursal,cliente1961@gmail.com,2254445978
C2963,Residencial,Ostende,P02,2020-10-08,,,Telefónico,cliente1962@gmail.com,02254-406588
C2964,Residencial,Pinamar,P02,2022-07-25,,,Telefónico,cliente1963@gmail.com,02254-445556
C2965,Residencial,Pinamar,P02,2023-12-14,,,Sucursal,,
C2966,Comercial,  Ostende ,P06,2023-09-26,,,Referido,cliente1965@hotmail.com,2254461117
C2967,residencial,PINAMAR,P01,2021-03-06,,,Sucursal,cliente1966@hotmail.com,2254430467
C2968,COMERCIAL,Cariló,P05,2016-09-14,,,Vendedor,cliente1967@gmail.com,2254466390
C2969,Residencial,Ostende,P03,2023-05-23,2025-10-05,Precio,Sucursal,cliente1968@gmail.com,02254-421812
C2970,Residencial,General Madariaga,P05,2020-08-19,,,Referido,cliente1969@telpin.com.ar,02254-479265
C2971,residencial,Ostende,P04,2018-05-23,,,Telefónico,cliente1970@gmail.com,02254-452507
C2972,Residencial,Pinamar,P05,2022-06-28,,,Sucursal,cliente1971@gmail.com,2254442359
C2973,Residencial,Valeria del Mar,P02,2020-11-16,,,Referido,cliente1972@gmail.com,02254-478062
C2974,Residencial,MAR DE OSTENDE,P01,2024-04-01,2025-08-18,Falta de pago,Telefónico,cliente1973@gmail.com,2254471499
C2975,Residencial,ostende,P05,2022-08-02,2024-10-03,Se muda,Sucursal,cliente1974@yahoo.com.ar,+54 2254 468758
C2976,Residencial,Ostende,P05,2022-10-03,2026-06-11,Competencia,Web,cliente1975@hotmail.com,2254404238
C2977,RESIDENCIAL,Valeria del Mar,P03,2021-12-13,,,Web,cliente1976@gmail.com,02254-424307
C2978,Residencial,Pinamar,P03,2023-12-14,,,Web,cliente1977@gmail.com,02254-491599
C2979,Residencial,Valeria del Mar,P01,2020-12-13,2025-01-07,Fin de temporada,Referido,cliente1978@gmail.com,2254453729
C2980,Residencial,PINAMAR,P04,2016-11-11,,,Referido,cliente1979@gmail.com,2254488288
C2981,RESIDENCIAL,Valeria del Mar,P05,2023-08-06,,,Telefónico,cliente1980@yahoo.com.ar,2254468233
C2982,Residencial,Valeria del Mar,P03,2022-07-04,2026-01-01,Fin de temporada,Web,cliente1981@gmail.com,+54 2254 457581
C2983,Residencial,General Madariaga,P01,2023-04-28,2024-12-10,Sin motivo declarado,Referido,cliente1982@telpin.com.ar,+54 2254 400413
C2984,Residencial,Pinamar,P03,2023-01-23,2024-12-20,Precio,Referido,,02254-401214
C2985,Residencial,Cariló,P02,2021-12-29,2026-03-25,Fin de temporada,Vendedor,cliente1984@hotmail.com,+54 2254 424723
C2986,COMERCIAL,  Ostende ,P06,2017-04-05,,,Vendedor,cliente1985@gmail.com,+54 2254 402741
C2987,Residencial,Valeria del Mar,P03,2022-09-24,,,Telefónico,cliente1986@hotmail.com,+54 2254 451130
C2988,Residencial,Valeria del Mar,P01,2021-03-31,,,Sucursal,cliente1987@yahoo.com.ar,+54 2254 415418
C2989,Residencial,Pinamar,P01,2023-09-06,,,Sucursal,cliente1988@hotmail.com,+54 2254 493204
C2990,Residencial,Ostende,P04,2018-01-29,,,Telefónico,cliente1989@hotmail.com,02254-491800
C2991,Residencial,Pinamar,P03,2019-01-22,,,Telefónico,cliente1990@gmail.com,
C2992,Residencial,Valeria del Mar,P01,2018-07-13,,,Web,cliente1991@gmail.com,+54 2254 442709
C2993,Residencial,Pinamar,P01,2023-06-05,,,Telefónico,cliente1992@telpin.com.ar,2254420550
C2994,Residencial,Pinamar,P03,2023-07-15,,,Sucursal,cliente1993@telpin.com.ar,02254-447996
C2995,Comercial,ostende,P06,2023-06-18,,,Referido,cliente1994@hotmail.com,+54 2254 430450
C2996,residencial,Valeria del Mar,P04,2022-12-17,,,Referido,cliente1995@gmail.com,
C2997,Residencial,Pinamar,P04,2022-05-23,2024-09-18,Competencia,Referido,cliente1996@gmail.com,02254-456088
C2998,Residencial,Mar de Ostende,P02,2019-08-09,,,Sucursal,cliente1997@yahoo.com.ar,02254-416167
C2999,Residencial,General Madariaga,P02,2021-05-24,,,Web,cliente1998@yahoo.com.ar,+54 2254 443628
C3000,Residencial,General Madariaga,P04,2019-09-05,,,Web,cliente1999@gmail.com,+54 2254 447294
C3001,RESIDENCIAL,Pinamar,P01,2022-03-09,,,Vendedor,cliente2000@telpin.com.ar,02254-484822
C3002,residencial,Cariló,P03,2024-03-30,2024-09-20,Fin de temporada,Sucursal,cliente2001@gmail.com,+54 2254 493419
C3003,Residencial,Pinamar,P02,2023-03-22,,,Web,cliente2002@telpin.com.ar,
C3004,Residencial,Ostende,P03,2024-04-24,,,Telefónico,cliente2003@gmail.com,02254-475530
C3005,Comercial,Valeria del Mar,P06,2023-04-22,,,Vendedor,cliente2004@hotmail.com,02254-437173
C3006,Residencial,  Cariló ,P02,2022-03-15,,,Sucursal,cliente2005@hotmail.com,
C3007,Residencial,Pinamar,P02,2023-04-13,,,Telefónico,cliente2006@gmail.com,02254-403650
C3008,Comercial,Carilo,P06,2023-10-17,,,Sucursal,cliente2007@gmail.com,+54 2254 441550
C3009,residencial,Pinamar,P01,2023-04-01,,,Vendedor,cliente2008@gmail.com,+54 2254 433302
C3010,Residencial,Pinamar,P01,2019-03-29,,,Referido,cliente2009@gmail.com,02254-486231
C3011,Residencial,Pinamar,P02,2018-04-22,,,Referido,cliente2010@hotmail.com,+54 2254 444601
C3012,Residencial,Pinamar,P02,2020-10-12,,,Web,cliente2011@gmail.com,02254-424664
C3013,Residencial,pinamar,P03,2020-04-19,,,Sucursal,,+54 2254 466505
C3014,Residencial,Ostende,P01,2019-01-02,,,Vendedor,cliente2013@telpin.com.ar,02254-420981
C3015,Comercial,General Madariaga,P05,2022-09-06,,,Web,cliente2014@hotmail.com,2254449804
C3016,Residencial,Pinamar,P01,2023-03-03,2025-06-16,Se muda,Web,cliente2015@yahoo.com.ar,02254-477247
C3017,Residencial,General Madariaga,P01,2022-12-08,,,Sucursal,cliente2016@gmail.com,02254-486490
C3018,Residencial,MAR DE OSTENDE,P02,2020-06-01,2026-06-28,Sin motivo declarado,Vendedor,cliente2017@telpin.com.ar,02254-443734
C3019,Residencial,PINAMAR,P03,2022-07-23,,,Sucursal,cliente2018@yahoo.com.ar,02254-415028
C3020,Residencial,Ostende,P04,2022-01-08,,,Telefónico,cliente2019@telpin.com.ar,
C3021,Residencial,Valeria del Mar,P01,2017-01-19,,,Vendedor,cliente2020@hotmail.com,2254413862
C3022,Residencial,Pinamar,P01,2022-11-16,2025-03-25,Falta de pago,Sucursal,cliente2021@gmail.com,+54 2254 445322
C3023,Comercial,Ostende,P06,2022-09-27,,,Sucursal,cliente2022@gmail.com,2254481915
C3024,Residencial,Pinamar,P01,2021-09-12,,,Sucursal,cliente2023@telpin.com.ar,+54 2254 413445
C3025,Comercial,General Madariaga,P06,2024-05-31,,,Sucursal,cliente2024@hotmail.com,+54 2254 468475
C3026,Residencial,Carilo,P02,2019-08-25,,,Web,cliente2025@gmail.com,2254436031
C3027,Residencial,Ostende,P01,2023-03-04,,,Sucursal,cliente2026@yahoo.com.ar,
C3028,Residencial,Pinamar,P04,2020-03-02,,,Sucursal,cliente2027@gmail.com,2254419506
C3029,RESIDENCIAL,Valeria del Mar,P05,2022-08-04,,,Vendedor,,2254457846
C3030,Comercial,Ostende,P06,2022-11-19,,,Telefónico,cliente2029@hotmail.com,2254426195
C3031,Residencial,Ostende,P05,2022-11-13,,,Telefónico,cliente2030@hotmail.com,+54 2254 447780
C3032,Residencial,Mar de Ostende,P01,2023-06-02,2025-01-10,Falta de pago,Telefónico,cliente2031@hotmail.com,2254407949
C3033,Residencial,Valeria del Mar,P02,2021-02-13,2025-01-18,Competencia,Telefónico,cliente2032@hotmail.com,02254-459132
C3034,Residencial,MAR DE OSTENDE,P02,2020-12-01,,,Sucursal,cliente2033@gmail.com,+54 2254 403606
C3035,Residencial,Valeria del Mar,P02,2020-11-25,,,Sucursal,cliente2034@telpin.com.ar,2254449371
C3036,comercial,Valeria del Mar,P06,2022-09-30,,,Sucursal,cliente2035@gmail.com,02254-419673
C3037,Residencial,Pinamar,P05,2023-08-02,,,Telefónico,cliente2036@gmail.com,02254-406658
C3038,RESIDENCIAL,Pinamar,P04,2022-07-30,,,Telefónico,cliente2037@yahoo.com.ar,2254427033
C3039,Residencial,Cariló,P01,2022-04-21,,,Vendedor,cliente2038@telpin.com.ar,02254-479625
C3040,Comercial,MAR DE OSTENDE,P06,2019-08-22,,,Telefónico,cliente2039@hotmail.com,2254460910
C3041,Residencial,Ostende,P05,2021-10-14,,,Vendedor,cliente2040@yahoo.com.ar,+54 2254 455372
C3042,Residencial,Ostende,P05,2022-12-01,,,Telefónico,,2254415586
C3043,Comercial,General Madariaga,P06,2023-09-08,,,Vendedor,cliente2042@gmail.com,+54 2254 435958
C3044,Residencial,pinamar,P01,2024-02-04,,,Telefónico,cliente2043@hotmail.com,+54 2254 415615
C3045,Residencial,Cariló,P01,2022-09-24,2025-04-28,Fin de temporada,Telefónico,cliente2044@telpin.com.ar,2254419490
C3046,Residencial,Cariló,P04,2019-04-07,,,Sucursal,cliente2045@gmail.com,02254-472543
C3047,Residencial,Mar de Ostende,P03,2022-02-27,,,Vendedor,cliente2046@hotmail.com,02254-435480
C3048,Residencial,Pinamar,P03,2022-07-23,2026-06-05,Se muda,Telefónico,cliente2047@yahoo.com.ar,02254-435751
C3049,Residencial,Mar de Ostende,P01,2021-04-18,,,Sucursal,,+54 2254 455390
C3050,Comercial,Pinamar,P06,2023-03-06,,,Telefónico,cliente2049@gmail.com,+54 2254 417836
C3051,Residencial,Valeria del Mar,P03,2022-01-21,,,Sucursal,,+54 2254 440809
C3052,Residencial,Valeria del Mar,P04,2024-03-10,,,Telefónico,cliente2051@gmail.com,2254460920
C3053,Residencial,Pinamar,P01,2021-09-16,,,Sucursal,cliente2052@hotmail.com,2254494957
C3054,Residencial,General Madariaga,P02,2023-08-17,,,Web,cliente2053@telpin.com.ar,2254410490
C3055,Residencial,Pinamar,P03,2023-01-18,,,Telefónico,cliente2054@gmail.com,02254-493954
C3056,Residencial,  Valeria del Mar ,P03,2017-07-22,,,Telefónico,cliente2055@gmail.com,
C3057,Residencial,Cariló,P01,2021-07-12,,,Vendedor,cliente2056@hotmail.com,2254441759
C3058,Residencial,Mar de Ostende,P02,2024-04-15,,,Sucursal,cliente2057@gmail.com,2254428927
C3059,Residencial,Mar de Ostende,P02,2022-08-20,2026-04-16,Competencia,Web,cliente2058@gmail.com,
C3060,Residencial,Pinamar,P02,2020-04-05,,,Sucursal,cliente2059@gmail.com,02254-414522
C3061,Residencial,Cariló,P01,2021-09-17,,,Referido,cliente2060@hotmail.com,2254411231
C3062,Residencial,Pinamar,P03,2023-11-22,,,Sucursal,cliente2061@gmail.com,02254-450752
C3063,Residencial,Pinamar,P02,2021-10-05,,,Sucursal,cliente2062@yahoo.com.ar,
C3064,residencial,Ostende,P04,2023-07-10,,,Sucursal,cliente2063@hotmail.com,+54 2254 473285
C3065,residencial,GENERAL MADARIAGA,P03,2023-10-03,,,Sucursal,,+54 2254 499363
C3066,Residencial,Ostende,P01,2023-06-12,2025-06-06,Precio,Sucursal,cliente2065@gmail.com,2254420107
C3067,Residencial,Mar de Ostende,P04,2018-01-07,2026-03-22,Disconformidad con el servicio,Referido,cliente2066@hotmail.com,2254460382
C3068,Residencial,Cariló,P02,2021-10-20,2024-10-16,Disconformidad con el servicio,Sucursal,cliente2067@yahoo.com.ar,
C3069,Residencial,Ostende,P01,2022-04-15,,,Telefónico,,02254-478977
C3070,Residencial,Ostende,P02,2023-11-24,,,Web,cliente2069@yahoo.com.ar,+54 2254 469657
C3071,Residencial,Pinamar,P05,2020-04-05,2025-01-10,Competencia,Telefónico,,+54 2254 490451
C3072,Comercial,Valeria del Mar,P06,2018-08-29,2024-08-19,Precio,Sucursal,cliente2071@hotmail.com,+54 2254 483756
C3073,Residencial,General Madariaga,P03,2021-04-20,,,Telefónico,cliente2072@gmail.com,02254-479998
C3074,residencial,Mar de Ostende,P02,2021-03-12,,,Vendedor,cliente2073@gmail.com,+54 2254 463475
C3075,Residencial,Pinamar,P05,2021-01-25,,,Telefónico,cliente2074@gmail.com,
C3076,Residencial,Pinamar,P03,2023-02-04,2026-04-01,Disconformidad con el servicio,Web,,+54 2254 439615
C3077,Residencial,Pinamar,P04,2021-01-06,,,Referido,,+54 2254 476719
C3078,Residencial,Mar de Ostende,P01,2021-03-24,2025-04-08,Fin de temporada,Telefónico,cliente2077@yahoo.com.ar,+54 2254 483895
C3079,Residencial,ostende,P02,2020-06-17,,,Vendedor,cliente2078@gmail.com,+54 2254 454814
C3080,Residencial,Cariló,P05,2019-11-17,,,Telefónico,,+54 2254 471119
C3081,Residencial,Cariló,P01,2021-06-12,,,Telefónico,cliente2080@hotmail.com,+54 2254 499206
C3082,RESIDENCIAL,General Madariaga,P05,2019-06-07,,,Telefónico,cliente2081@gmail.com,+54 2254 416215
C3083,residencial,Pinamar,P03,2022-02-22,2025-04-29,Competencia,Sucursal,cliente2082@hotmail.com,+54 2254 423131
C3084,Residencial,General Madariaga,P04,2021-11-18,2024-10-22,Precio,Web,cliente2083@gmail.com,02254-418694
C3085,Residencial,Ostende,P05,2022-04-30,,,Web,cliente2084@hotmail.com,+54 2254 441086
C3086,residencial,  Cariló ,P02,2022-10-13,,,Vendedor,cliente2085@gmail.com,+54 2254 498080
C3087,Residencial,Pinamar,P02,2022-09-26,,,Sucursal,cliente2086@gmail.com,2254422215
C3088,Residencial,Pinamar,P03,2020-05-13,,,Referido,cliente2087@gmail.com,2254483480
C3089,Residencial,Valeria del Mar,P02,2022-07-24,,,Sucursal,cliente2088@telpin.com.ar,
C3090,Residencial,Pinamar,P04,2023-08-18,,,Web,cliente2089@gmail.com,2254436732
C3091,RESIDENCIAL,Ostende,P01,2020-03-02,,,Sucursal,cliente2090@telpin.com.ar,2254468144
C3092,Residencial,Ostende,P02,2022-12-25,2025-10-25,Precio,Sucursal,,
C3093,Residencial,Pinamar,P01,2021-07-27,,,Sucursal,cliente2092@gmail.com,02254-401886
C3094,Residencial,General Madariaga,P01,2024-04-26,,,Telefónico,cliente2093@gmail.com,02254-431178
C3095,Residencial,  Pinamar ,P01,2022-11-23,,,Vendedor,,02254-476710
C3096,Residencial,Pinamar,P03,2024-02-17,,,Sucursal,cliente2095@gmail.com,+54 2254 409725
C3097,Residencial,Pinamar,P01,2023-12-19,,,Referido,cliente2096@gmail.com,+54 2254 448585
C3098,Residencial,Pinamar,P01,2023-02-07,,,Telefónico,cliente2097@hotmail.com,+54 2254 441314
C3099,Residencial,Ostende,P01,2022-05-06,,,Sucursal,cliente2098@telpin.com.ar,
C3100,Residencial,Pinamar,P05,2012-12-16,,,Telefónico,cliente2099@hotmail.com,+54 2254 400459
C3101,Residencial,PINAMAR,P02,2023-05-03,,,Web,cliente2100@hotmail.com,
C3102,Residencial,Pinamar,P01,2023-02-10,,,Vendedor,cliente2101@gmail.com,+54 2254 430977
C3103,Residencial,Pinamar,P01,2022-08-22,,,Referido,cliente2102@hotmail.com,02254-476198
C3104,Residencial,Pinamar,P01,2021-06-26,,,Vendedor,cliente2103@gmail.com,+54 2254 462812
C3105,Residencial,Pinamar,P03,2020-01-05,,,Telefónico,cliente2104@gmail.com,2254472827
C3106,Residencial,Pinamar,P02,2023-07-06,,,Web,cliente2105@hotmail.com,02254-434589
C3107,Residencial,GENERAL MADARIAGA,P02,2023-04-15,2025-01-04,Falta de pago,Vendedor,cliente2106@hotmail.com,2254475350
C3108,Residencial,Valeria del Mar,P04,2023-04-07,,,Sucursal,cliente2107@gmail.com,2254450002
C3109,Residencial,Valeria del Mar,P02,2022-12-30,,,Vendedor,cliente2108@hotmail.com,+54 2254 472103
C3110,Comercial,Pinamar,P06,2023-11-07,,,Telefónico,cliente2109@hotmail.com,2254465105
C3111,Residencial,Pinamar,P01,2023-01-04,,,Vendedor,cliente2110@hotmail.com,+54 2254 440802
C3112,Residencial,Pinamar,P01,2018-12-01,,,Web,cliente2111@telpin.com.ar,+54 2254 426489
C3113,Comercial,Pinamar,P06,2023-11-16,,,Sucursal,cliente2112@gmail.com,+54 2254 424885
C3114,Residencial,Pinamar,P05,2020-10-12,,,Referido,cliente2113@gmail.com,2254451418
C3115,Residencial,Pinamar,P01,2022-12-27,,,Sucursal,cliente2114@gmail.com,+54 2254 404586
C3116,Residencial,Ostende,P03,2018-12-19,,,Telefónico,cliente2115@hotmail.com,+54 2254 450986
C3117,Comercial,Pinamar,P05,2021-07-03,,,Vendedor,cliente2116@gmail.com,2254476899
C3118,Comercial,Valeria del Mar,P06,2021-08-08,,,Sucursal,cliente2117@gmail.com,
C3119,Residencial,Pinamar,P02,2021-03-04,2024-09-07,Se muda,Sucursal,cliente2118@gmail.com,+54 2254 492737
C3120,Comercial,Cariló,P05,2022-08-04,,,Vendedor,cliente2119@gmail.com,02254-469342
C3121,Residencial,Pinamar,P01,2022-09-27,2026-01-25,Falta de pago,Web,,2254481509
C3122,Residencial,pinamar,P03,2022-01-25,,,Telefónico,cliente2121@telpin.com.ar,
C3123,Comercial,Pinamar,P06,2023-12-22,2025-11-10,Sin motivo declarado,Web,cliente2122@gmail.com,2254436092
C3124,Residencial,Pinamar,P02,2021-07-23,,,Sucursal,cliente2123@gmail.com,+54 2254 461781
C3125,Comercial,Mar de Ostende,P05,2022-09-20,,,Vendedor,cliente2124@gmail.com,2254495918
C3126,Comercial,Pinamar,P05,2020-03-02,,,Sucursal,cliente2125@gmail.com,+54 2254 480810
C3127,Residencial,Pinamar,P01,2022-03-19,,,Sucursal,cliente2126@telpin.com.ar,2254474379
C3128,Residencial,General Madariaga,P03,2021-09-16,2026-01-22,Disconformidad con el servicio,Web,cliente2127@hotmail.com,2254447368
C3129,Residencial,Pinamar,P05,2020-11-25,2025-10-11,Competencia,Vendedor,cliente2128@telpin.com.ar,+54 2254 410602
C3130,Residencial,Ostende,P02,2023-08-08,2025-12-12,Se muda,Web,cliente2129@hotmail.com,02254-463470
C3131,Residencial,Mar de Ostende,P04,2021-07-29,,,Referido,cliente2130@gmail.com,
C3132,Residencial,Mar de Ostende,P03,2022-12-18,2025-04-17,Fin de temporada,Telefónico,cliente2131@telpin.com.ar,2254447027
C3133,Residencial,Pinamar,P01,2023-05-28,,,Telefónico,cliente2132@telpin.com.ar,2254433764
C3134,Residencial,Valeria del Mar,P04,2020-11-06,,,Telefónico,cliente2133@telpin.com.ar,2254439746
C3135,Residencial,Ostende,P01,2023-12-31,,,Vendedor,cliente2134@gmail.com,+54 2254 403591
C3136,Residencial,Cariló,P02,2023-09-23,2026-01-29,Falta de pago,Web,cliente2135@telpin.com.ar,2254436248
C3137,Residencial,Valeria del Mar,P02,2022-02-07,,,Vendedor,cliente2136@hotmail.com,02254-475900
C3138,Comercial,  Pinamar ,P06,2023-10-03,,,Web,cliente2137@hotmail.com,2254435000
C3139,Residencial,VALERIA DEL MAR,P02,2022-04-07,,,Referido,cliente2138@gmail.com,02254-490277
C3140,comercial,Ostende,P05,2022-01-21,,,Telefónico,cliente2139@gmail.com,02254-407981
C3141,Residencial,Valeria del Mar,P02,2020-01-13,2026-03-17,Fin de temporada,Web,cliente2140@yahoo.com.ar,+54 2254 444275
C3142,Residencial,Valeria del Mar,P02,2022-06-12,,,Sucursal,,02254-480381
C3143,Residencial,Ostende,P03,2022-05-12,,,Web,cliente2142@hotmail.com,+54 2254 435821
C3144,Residencial,Valeria del Mar,P03,2021-12-02,2026-03-15,Falta de pago,Sucursal,cliente2143@gmail.com,02254-472943
C3145,RESIDENCIAL,Valeria del Mar,P03,2022-04-16,,,Telefónico,cliente2144@gmail.com,2254445949
C3146,RESIDENCIAL,  Pinamar ,P02,2020-03-31,2025-01-10,Se muda,Vendedor,cliente2145@gmail.com,
C3147,Residencial,Ostende,P03,2022-10-19,,,Web,cliente2146@gmail.com,+54 2254 484575
C3148,Residencial,Cariló,P03,2022-09-24,2026-01-22,Falta de pago,Sucursal,cliente2147@gmail.com,2254431663
C3149,Residencial,Ostende,P02,2021-11-19,,,Vendedor,cliente2148@gmail.com,02254-490906
C3150,Residencial,Cariló,P01,2022-10-14,,,Telefónico,cliente2149@gmail.com,02254-486622
C3151,Residencial,Valeria del Mar,P02,2022-11-13,2026-07-03,Se muda,Vendedor,,2254429968
C3152,Residencial,Pinamar,P02,2022-12-26,2026-02-15,Se muda,Web,cliente2151@gmail.com,2254411936
C3153,comercial,Mar de Ostende,P05,2017-08-25,,,Sucursal,cliente2152@hotmail.com,
C3154,Residencial,Ostende,P02,2022-09-21,,,Sucursal,cliente2153@hotmail.com,02254-479168
C3155,Residencial,Valeria del Mar,P03,2021-12-01,,,Web,cliente2154@gmail.com,02254-432060
C3156,Residencial,PINAMAR,P01,2022-12-21,2024-11-27,Precio,Web,cliente2155@hotmail.com,02254-423664
C3157,Residencial,  Valeria del Mar ,P01,2020-01-03,,,Sucursal,,02254-484958
C3158,Residencial,ostende,P02,2023-10-04,2025-08-02,Se muda,Sucursal,cliente2157@yahoo.com.ar,+54 2254 480874
C3159,Residencial,Mar de Ostende,P02,2022-01-26,2024-08-22,Precio,Web,cliente2158@gmail.com,02254-418705
C3160,Residencial,Pinamar,P02,2023-01-10,,,Vendedor,cliente2159@hotmail.com,2254431324
C3161,Residencial,Ostende,P02,2019-07-11,,,Sucursal,cliente2160@hotmail.com,
C3162,Residencial,Ostende,P03,2023-01-10,,,Sucursal,,02254-492005
C3163,Residencial,Ostende,P01,2018-12-31,,,Web,cliente2162@hotmail.com,02254-416105
C3164,Residencial,Valeria del Mar,P01,2020-03-06,,,Web,cliente2163@hotmail.com,02254-452569
C3165,residencial,Pinamar,P03,2023-02-11,,,Referido,cliente2164@gmail.com,02254-429959
C3166,Residencial,Valeria del Mar,P03,2018-04-26,,,Sucursal,cliente2165@hotmail.com,
C3167,Residencial,  Ostende ,P05,2023-10-13,,,Sucursal,cliente2166@gmail.com,2254420307
C3168,Residencial,Valeria del Mar,P01,2021-12-26,,,Sucursal,cliente2167@gmail.com,+54 2254 417971
C3169,Residencial,Ostende,P02,2021-08-23,,,Sucursal,cliente2168@gmail.com,02254-468845
C3170,Residencial,Pinamar,P02,2023-12-14,,,Web,cliente2169@gmail.com,+54 2254 437027
C3171,Residencial,Ostende,P02,2020-07-30,,,Sucursal,cliente2170@yahoo.com.ar,2254459088
C3172,Residencial,Pinamar,P01,2021-06-07,,,Sucursal,cliente2171@gmail.com,+54 2254 472184
C3173,Residencial,Cariló,P02,2016-10-12,2025-09-07,Se muda,Sucursal,cliente2172@gmail.com,2254410869
C3174,Residencial,Ostende,P03,2023-06-20,,,Web,cliente2173@gmail.com,2254491109
C3175,Residencial,Ostende,P03,2022-06-21,,,Telefónico,,+54 2254 437003
C3176,Residencial,Ostende,P03,2023-10-04,,,Web,cliente2175@gmail.com,2254479989
C3177,Residencial,Pinamar,P03,2020-08-30,,,Sucursal,,2254415073
C3178,RESIDENCIAL,Mar de Ostende,P03,2021-09-02,,,Telefónico,,02254-482057
C3179,Residencial,Ostende,P02,2024-01-17,,,Web,cliente2178@telpin.com.ar,+54 2254 416411
C3180,Comercial,Mar de Ostende,P06,2020-01-14,2026-01-22,Falta de pago,Web,cliente2179@gmail.com,
C3181,Residencial,Mar de Ostende,P02,2020-04-20,,,Sucursal,cliente2180@gmail.com,2254446165
C3182,Comercial,Pinamar,P06,2019-11-01,,,Sucursal,cliente2181@telpin.com.ar,2254460116
C3183,Residencial,Valeria del Mar,P02,2022-12-18,,,Sucursal,cliente2182@gmail.com,2254475741
C3184,Residencial,Ostende,P03,2020-10-02,2025-04-04,Disconformidad con el servicio,Web,cliente2183@gmail.com,+54 2254 451022
C3185,comercial,Cariló,P05,2021-09-24,2025-03-05,Disconformidad con el servicio,Sucursal,cliente2184@hotmail.com,+54 2254 439753
C3186,Residencial,Ostende,P01,2020-10-28,,,Telefónico,cliente2185@telpin.com.ar,2254406048
C3187,residencial,Ostende,P02,2020-12-25,,,Sucursal,cliente2186@hotmail.com,02254-461522
C3188,Residencial,Valeria del Mar,P02,2020-08-14,2026-02-18,Se muda,Telefónico,cliente2187@hotmail.com,+54 2254 400144
C3189,RESIDENCIAL,Valeria del Mar,P01,2022-01-14,,,Referido,cliente2188@gmail.com,02254-443896
C3190,Residencial,Ostende,P01,2019-07-16,,,Web,cliente2189@hotmail.com,
C3191,Residencial,Pinamar,P01,2021-03-16,2025-02-23,Precio,Sucursal,cliente2190@hotmail.com,02254-467370
C3192,Residencial,Pinamar,P02,2021-06-24,2025-08-25,Falta de pago,Sucursal,cliente2191@hotmail.com,
C3193,Residencial,MAR DE OSTENDE,P03,2022-05-06,2024-12-31,Precio,Sucursal,cliente2192@telpin.com.ar,+54 2254 499155
C3194,Residencial,Valeria del Mar,P01,2019-12-23,,,Vendedor,cliente2193@hotmail.com,
C3195,Residencial,PINAMAR,P02,2023-09-15,,,Telefónico,cliente2194@gmail.com,+54 2254 404855
C3196,Residencial,Pinamar,P04,2023-04-21,2026-02-24,Precio,Sucursal,cliente2195@telpin.com.ar,
C3197,Residencial,Ostende,P02,2022-06-18,2024-09-07,Competencia,Sucursal,cliente2196@gmail.com,+54 2254 469497
C3198,Residencial,PINAMAR,P05,2022-04-17,,,Vendedor,cliente2197@gmail.com,+54 2254 414563
C3199,Residencial,Valeria del Mar,P03,2019-05-15,,,Telefónico,,2254496427
C3200,Residencial,Pinamar,P01,2020-11-27,,,Referido,cliente2199@hotmail.com,+54 2254 422760
C3201,RESIDENCIAL,Pinamar,P04,2023-12-18,2025-02-05,Precio,Telefónico,cliente2200@hotmail.com,+54 2254 489081
C3202,Residencial,Pinamar,P04,2023-08-25,,,Sucursal,cliente2201@hotmail.com,02254-439183
C3203,RESIDENCIAL,Pinamar,P01,2022-05-14,,,Sucursal,cliente2202@hotmail.com,
C3204,Residencial,Pinamar,P04,2019-07-01,,,Sucursal,cliente2203@hotmail.com,2254460101
C3205,Residencial,  Cariló ,P02,2024-04-17,,,Sucursal,cliente2204@gmail.com,+54 2254 490723
C3206,RESIDENCIAL,Pinamar,P01,2019-04-12,,,Sucursal,cliente2205@telpin.com.ar,+54 2254 471904
C3207,Residencial,Pinamar,P03,2022-09-19,,,Telefónico,,+54 2254 431847
C3208,Comercial,Mar de Ostende,P06,2022-04-15,,,Sucursal,cliente2207@telpin.com.ar,2254425871
C3209,Residencial,Pinamar,P03,2022-01-10,,,Sucursal,cliente2208@gmail.com,+54 2254 484399
C3210,Comercial,mar de ostende,P06,2021-10-23,,,Referido,,02254-447038
C3211,Residencial,Pinamar,P03,2023-08-15,,,Telefónico,cliente2210@hotmail.com,+54 2254 456667
C3212,Residencial,Pinamar,P01,2013-05-24,,,Vendedor,cliente2211@gmail.com,2254466285
C3213,RESIDENCIAL,Valeria del Mar,P04,2023-01-07,,,Vendedor,cliente2212@hotmail.com,+54 2254 438207
C3214,Residencial,Pinamar,P05,2020-08-24,,,Sucursal,cliente2213@telpin.com.ar,02254-456291
C3215,Residencial,Mar de Ostende,P01,2022-02-01,,,Referido,cliente2214@telpin.com.ar,2254462764
C3216,Residencial,Valeria del Mar,P02,2021-08-29,,,Telefónico,cliente2215@hotmail.com,+54 2254 416457
C3217,Residencial,Pinamar,P01,2021-03-07,,,Telefónico,cliente2216@hotmail.com,
C3218,Residencial,  Ostende ,P01,2021-06-24,2024-12-25,Sin motivo declarado,Sucursal,cliente2217@hotmail.com,02254-491578
C3219,Residencial,Cariló,P02,2022-01-18,,,Vendedor,cliente2218@telpin.com.ar,+54 2254 413969
C3220,Residencial,Cariló,P01,2020-12-31,,,Sucursal,cliente2219@gmail.com,+54 2254 467895
C3221,Residencial,Pinamar,P02,2021-04-02,,,Sucursal,cliente2220@gmail.com,02254-447279
C3222,Residencial,Pinamar,P02,2022-04-05,,,Telefónico,cliente2221@hotmail.com,02254-441186
C3223,Residencial,Mar de Ostende,P02,2023-05-22,,,Sucursal,cliente2222@gmail.com,+54 2254 409055
C3224,Residencial,Pinamar,P01,2024-01-19,2024-12-03,Falta de pago,Sucursal,cliente2223@gmail.com,2254475640
C3225,Residencial,Pinamar,P01,2022-11-07,,,Vendedor,cliente2224@hotmail.com,2254420926
C3226,RESIDENCIAL,Mar de Ostende,P05,2023-10-19,,,Sucursal,,2254422444
C3227,Residencial,Valeria del Mar,P02,2018-11-15,,,Sucursal,cliente2226@hotmail.com,+54 2254 477740
C3228,Residencial,OSTENDE,P01,2020-12-02,,,Sucursal,cliente2227@telpin.com.ar,
C3229,Residencial,Pinamar,P03,2022-07-19,,,Telefónico,cliente2228@gmail.com,2254496271
C3230,Residencial,  Pinamar ,P04,2021-08-26,2026-07-03,Precio,Web,cliente2229@gmail.com,02254-495076
C3231,Residencial,Valeria del Mar,P02,2021-07-24,2025-03-21,Fin de temporada,Referido,cliente2230@gmail.com,2254433609
C3232,Residencial,Valeria del Mar,P04,2018-12-10,2025-09-05,Precio,Telefónico,cliente2231@hotmail.com,+54 2254 461422
C3233,Comercial,Cariló,P06,2022-07-29,,,Telefónico,cliente2232@telpin.com.ar,+54 2254 409014
C3234,Residencial,Pinamar,P01,2021-09-19,,,Referido,cliente2233@gmail.com,2254477761
C3235,Residencial,Valeria del Mar,P02,2023-05-24,2025-05-13,Disconformidad con el servicio,Sucursal,cliente2234@gmail.com,+54 2254 490346
C3236,Residencial,Valeria del Mar,P01,2014-10-20,,,Sucursal,cliente2235@hotmail.com,02254-463269
C3237,residencial,General Madariaga,P03,2022-09-24,,,Web,cliente2236@gmail.com,+54 2254 443295
C3238,Residencial,Pinamar,P04,2023-06-03,,,Sucursal,cliente2237@gmail.com,02254-407631
C3239,Residencial,Mar de Ostende,P02,2023-09-18,,,Web,cliente2238@hotmail.com,+54 2254 420136
C3240,Residencial,PINAMAR,P01,2022-06-25,2026-06-26,Precio,Sucursal,,2254431598
C3241,Residencial,Pinamar,P05,2020-12-06,,,Vendedor,cliente2240@hotmail.com,
C3242,COMERCIAL,Ostende,P06,2022-04-29,2025-02-27,Falta de pago,Sucursal,cliente2241@gmail.com,
C3243,Residencial,Pinamar,P05,2017-06-22,,,Web,cliente2242@telpin.com.ar,+54 2254 466498
C3244,Residencial,Cariló,P03,2021-09-05,,,Sucursal,cliente2243@gmail.com,
C3245,Residencial,Mar de Ostende,P01,2021-10-31,,,Telefónico,cliente2244@gmail.com,2254443137
C3246,Residencial,General Madariaga,P02,2020-08-23,,,Sucursal,cliente2245@gmail.com,+54 2254 400887
C3247,COMERCIAL,Pinamar,P06,2023-07-29,,,Sucursal,cliente2246@telpin.com.ar,+54 2254 447494
C3248,Residencial,Mar de Ostende,P01,2023-03-23,,,Web,cliente2247@telpin.com.ar,2254449999
C3249,Residencial,Pinamar,P01,2022-04-10,,,Web,cliente2248@gmail.com,02254-460671
C3250,Residencial,Ostende,P04,2020-09-10,,,Web,,+54 2254 484097
C3251,Residencial,Pinamar,P03,2022-07-03,,,Referido,cliente2250@gmail.com,02254-443865
C3252,Residencial,Mar de Ostende,P03,2024-01-31,,,Sucursal,cliente2251@gmail.com,2254450101
C3253,Residencial,Pinamar,P02,2021-11-11,,,Telefónico,cliente2252@telpin.com.ar,02254-425408
C3254,Residencial,Valeria del Mar,P01,2021-07-10,,,Referido,cliente2253@hotmail.com,
C3255,Comercial,Pinamar,P06,2018-03-18,,,Vendedor,cliente2254@gmail.com,
C3256,Comercial,Ostende,P06,2017-01-04,2026-04-26,Se muda,Telefónico,cliente2255@telpin.com.ar,2254421213
C3257,Residencial,General Madariaga,P03,2023-10-12,2025-05-24,Se muda,Telefónico,cliente2256@hotmail.com,2254471703
C3258,residencial,Valeria del Mar,P05,2022-03-05,2024-10-11,Fin de temporada,Referido,cliente2257@hotmail.com,+54 2254 426195
C3259,Residencial,Valeria del Mar,P03,2022-05-08,,,Web,cliente2258@hotmail.com,02254-451084
C3260,Residencial,Pinamar,P04,2017-06-21,,,Telefónico,cliente2259@telpin.com.ar,2254456226
C3261,Residencial,Pinamar,P02,2021-07-19,2026-07-17,Se muda,Web,cliente2260@gmail.com,2254476761
C3262,Comercial,Valeria del Mar,P06,2021-04-25,,,Sucursal,cliente2261@telpin.com.ar,+54 2254 471856
C3263,Residencial,General Madariaga,P01,2021-08-28,,,Sucursal,cliente2262@yahoo.com.ar,2254459216
C3264,Comercial,Pinamar,P06,2021-09-14,,,Telefónico,cliente2263@telpin.com.ar,02254-447109
C3265,Comercial,valeria del mar,P06,2019-10-21,,,Vendedor,cliente2264@gmail.com,02254-465344
C3266,Residencial,Ostende,P02,2016-02-05,2026-01-20,Sin motivo declarado,Referido,cliente2265@telpin.com.ar,2254434931
C3267,Residencial,Pinamar,P01,2019-10-11,,,Web,cliente2266@telpin.com.ar,02254-467371
C3268,Residencial,Ostende,P01,2020-11-02,,,Sucursal,cliente2267@hotmail.com,02254-472567
C3269,Residencial,Ostende,P01,2023-01-08,,,Sucursal,cliente2268@yahoo.com.ar,+54 2254 403499
C3270,Residencial,Carilo,P01,2020-01-09,,,Sucursal,cliente2269@gmail.com,2254419550
C3271,Residencial,Pinamar,P03,2023-01-22,,,Telefónico,,2254440677
C3272,Residencial,Ostende,P01,2021-05-27,,,Sucursal,cliente2271@gmail.com,2254464613
C3273,Residencial,Cariló,P01,2024-01-15,2024-10-20,Se muda,Web,cliente2272@yahoo.com.ar,+54 2254 435794
C3274,Residencial,Ostende,P01,2023-03-02,2026-06-15,Sin motivo declarado,Web,cliente2273@gmail.com,2254424565
C3275,Residencial,Cariló,P01,2018-12-18,,,Vendedor,cliente2274@gmail.com,+54 2254 463106
C3276,Residencial,  Valeria del Mar ,P03,2023-03-08,,,Sucursal,cliente2275@hotmail.com,+54 2254 447785
C3277,Residencial,Pinamar,P04,2024-04-26,,,Web,cliente2276@gmail.com,02254-442638
C3278,Residencial,Ostende,P03,2022-05-11,2024-11-20,Se muda,Web,cliente2277@gmail.com,
C3279,Residencial,Pinamar,P04,2020-09-19,,,Sucursal,cliente2278@hotmail.com,02254-468290
C3280,Residencial,Cariló,P01,2021-04-05,,,Sucursal,cliente2279@hotmail.com,02254-458624
C3281,Residencial,  Ostende ,P02,2023-08-02,2026-03-20,Competencia,Vendedor,cliente2280@gmail.com,2254418561
C3282,Residencial,Valeria del Mar,P02,2022-08-02,,,Sucursal,cliente2281@gmail.com,02254-402859
C3283,Comercial,VALERIA DEL MAR,P06,2022-07-31,,,Vendedor,cliente2282@gmail.com,02254-490004
C3284,Residencial,Ostende,P02,2021-10-08,2025-10-11,Se muda,Telefónico,cliente2283@yahoo.com.ar,2254480118
C3285,Residencial,Valeria del Mar,P02,2022-10-21,,,Telefónico,cliente2284@gmail.com,02254-412700
C3286,Residencial,Pinamar,P01,2020-02-23,,,Sucursal,cliente2285@gmail.com,+54 2254 427124
C3287,Residencial,Pinamar,P01,2023-08-07,,,Telefónico,cliente2286@hotmail.com,2254425167
C3288,Residencial,Cariló,P02,2022-07-01,,,Web,cliente2287@hotmail.com,02254-471355
C3289,Residencial,Pinamar,P05,2022-06-24,2026-07-01,Competencia,Sucursal,cliente2288@gmail.com,2254400583
C3290,Residencial,Pinamar,P05,2023-03-15,,,Sucursal,cliente2289@hotmail.com,+54 2254 423750
C3291,Residencial,Ostende,P02,2020-07-01,,,Web,cliente2290@yahoo.com.ar,02254-490670
C3292,Residencial,Mar de Ostende,P02,2021-03-17,2025-06-29,Se muda,Telefónico,cliente2291@gmail.com,+54 2254 400878
C3293,Residencial,Pinamar,P05,2023-05-03,,,Web,cliente2292@gmail.com,2254453163
C3294,Residencial,Cariló,P01,2020-07-03,,,Vendedor,cliente2293@gmail.com,
C3295,Residencial,Pinamar,P01,2016-12-16,2026-02-04,Sin motivo declarado,Telefónico,cliente2294@gmail.com,
C3296,Residencial,PINAMAR,P02,2020-10-05,,,Vendedor,cliente2295@gmail.com,+54 2254 430069
C3297,Residencial,Pinamar,P04,2017-12-09,,,Web,cliente2296@gmail.com,+54 2254 484516
C3298,Residencial,Cariló,P01,2022-12-23,,,Telefónico,cliente2297@gmail.com,+54 2254 436006
C3299,COMERCIAL,Cariló,P06,2017-07-25,,,Web,cliente2298@yahoo.com.ar,
C3300,Residencial,Pinamar,P01,2022-07-15,,,Sucursal,,2254496946
C3301,Comercial,Ostende,P06,2023-04-12,,,Sucursal,cliente2300@gmail.com,+54 2254 489613
C3302,Residencial,Valeria del Mar,P02,2016-02-07,2026-03-08,Fin de temporada,Telefónico,cliente2301@gmail.com,
C3303,residencial,CARILÓ,P03,2023-06-06,,,Sucursal,,2254494064
C3304,Residencial,Cariló,P02,2022-12-13,,,Web,cliente2303@hotmail.com,
C3305,Residencial,General Madariaga,P05,2022-12-01,2025-05-26,Sin motivo declarado,Telefónico,cliente2304@hotmail.com,02254-445371
C3306,Residencial,General Madariaga,P03,2023-12-01,,,Sucursal,cliente2305@gmail.com,2254475163
C3307,Residencial,Pinamar,P04,2021-12-14,,,Telefónico,cliente2306@telpin.com.ar,02254-457163
C3308,Residencial,Pinamar,P04,2021-09-13,,,Sucursal,cliente2307@hotmail.com,2254465380
C3309,residencial,Cariló,P04,2021-12-30,,,Telefónico,cliente2308@gmail.com,+54 2254 438379
C3310,Residencial,Ostende,P02,2021-12-20,,,Web,cliente2309@gmail.com,2254432667
C3311,Comercial,Pinamar,P06,2021-05-07,,,Telefónico,cliente2310@gmail.com,+54 2254 487731
C3312,Residencial,Ostende,P02,2021-01-28,2026-06-20,Disconformidad con el servicio,Web,cliente2311@yahoo.com.ar,+54 2254 458207
C3313,Residencial,Valeria del Mar,P05,2018-04-10,,,Web,cliente2312@hotmail.com,02254-463916
C3314,Residencial,Ostende,P03,2023-08-04,,,Referido,cliente2313@gmail.com,2254476586
C3315,Residencial,Ostende,P03,2020-04-02,,,Referido,,+54 2254 403004
C3316,Residencial,Valeria del Mar,P04,2023-06-18,2024-11-02,Fin de temporada,Vendedor,cliente2315@hotmail.com,
C3317,residencial,Pinamar,P04,2023-04-01,2025-06-12,Se muda,Telefónico,cliente2316@hotmail.com,+54 2254 460051
C3318,Residencial,Cariló,P01,2021-04-14,,,Telefónico,cliente2317@gmail.com,+54 2254 495752
C3319,Comercial,Valeria del Mar,P05,2015-08-05,,,Referido,cliente2318@hotmail.com,2254410864
C3320,Residencial,Ostende,P01,2021-04-02,,,Referido,cliente2319@gmail.com,
C3321,Residencial,Cariló,P03,2023-03-23,,,Referido,cliente2320@telpin.com.ar,
C3322,Residencial,Pinamar,P01,2021-08-14,,,Sucursal,cliente2321@hotmail.com,+54 2254 404025
C3323,Residencial,Mar de Ostende,P01,2022-12-12,,,Sucursal,cliente2322@telpin.com.ar,2254452993
C3324,RESIDENCIAL,Pinamar,P03,2023-09-13,,,Sucursal,cliente2323@hotmail.com,+54 2254 490895
C3325,Residencial,Ostende,P01,2018-04-14,2025-08-04,Falta de pago,Vendedor,cliente2324@gmail.com,02254-459531
C3326,Residencial,Pinamar,P01,2024-02-12,,,Vendedor,cliente2325@telpin.com.ar,+54 2254 462850
C3327,Residencial,Ostende,P02,2022-05-10,2024-08-16,Sin motivo declarado,Telefónico,cliente2326@yahoo.com.ar,
C3328,Residencial,Valeria del Mar,P02,2018-10-20,,,Vendedor,cliente2327@telpin.com.ar,+54 2254 427429
C3329,Comercial,Ostende,P06,2019-08-01,,,Sucursal,cliente2328@gmail.com,
C3330,Residencial,Mar de Ostende,P04,2023-08-03,,,Referido,cliente2329@gmail.com,2254472948
C3331,Residencial,Valeria del Mar,P03,2023-02-03,,,Sucursal,cliente2330@telpin.com.ar,2254487628
C3332,Residencial,Ostende,P01,2023-05-14,,,Vendedor,cliente2331@telpin.com.ar,
C3333,Residencial,CARILÓ,P04,2023-07-24,,,Sucursal,cliente2332@gmail.com,02254-421838
C3334,Residencial,  Pinamar ,P01,2023-04-23,,,Web,cliente2333@gmail.com,02254-496662
C3335,Residencial,Pinamar,P02,2023-11-08,,,Vendedor,cliente2334@gmail.com,+54 2254 459068
C3336,Residencial,Ostende,P03,2022-10-30,2025-06-10,Sin motivo declarado,Referido,cliente2335@telpin.com.ar,02254-437247
C3337,Residencial,Mar de Ostende,P02,2023-02-06,,,Referido,cliente2336@hotmail.com,2254403186
C3338,Residencial,Valeria del Mar,P02,2022-10-07,2026-01-23,Precio,Telefónico,cliente2337@yahoo.com.ar,02254-476184
C3339,Residencial,OSTENDE,P02,2023-01-16,2025-07-02,Precio,Telefónico,cliente2338@hotmail.com,2254409809
C3340,Residencial,Pinamar,P01,2022-11-10,,,Referido,cliente2339@hotmail.com,+54 2254 429567
C3341,Residencial,Pinamar,P04,2022-04-25,,,Telefónico,cliente2340@gmail.com,2254466202
C3342,Residencial,Pinamar,P02,2022-06-09,,,Sucursal,cliente2341@hotmail.com,2254482357
C3343,residencial,PINAMAR,P03,2023-01-25,2026-04-01,Se muda,Web,,+54 2254 479449
C3344,Residencial,CARILÓ,P03,2019-10-04,,,Web,cliente2343@gmail.com,
C3345,Residencial,Pinamar,P01,2024-03-15,2024-08-12,Disconformidad con el servicio,Web,cliente2344@telpin.com.ar,+54 2254 476284
C3346,Residencial,Ostende,P03,2021-05-15,,,Sucursal,cliente2345@hotmail.com,02254-441370
C3347,Residencial,Pinamar,P02,2023-12-27,2024-12-12,Competencia,Telefónico,cliente2346@gmail.com,2254410484
C3348,Residencial,Pinamar,P02,2019-08-12,,,Vendedor,cliente2347@telpin.com.ar,
C3349,Residencial,General Madariaga,P03,2022-07-02,2026-01-22,Precio,Telefónico,,2254448306
C3350,Residencial,Cariló,P01,2021-12-22,,,Telefónico,cliente2349@telpin.com.ar,+54 2254 494616
C3351,Residencial,Ostende,P03,2023-02-05,2026-04-17,Sin motivo declarado,Vendedor,cliente2350@gmail.com,2254413918
C3352,Residencial,Pinamar,P03,2022-11-24,2026-03-11,Precio,Vendedor,cliente2351@gmail.com,
C3353,Residencial,Mar de Ostende,P03,2021-11-11,2026-03-06,Fin de temporada,Sucursal,cliente2352@gmail.com,2254443078
C3354,Residencial,CARILÓ,P02,2021-07-18,,,Vendedor,cliente2353@gmail.com,02254-426040
C3355,Residencial,MAR DE OSTENDE,P02,2021-09-27,2025-09-26,Sin motivo declarado,Telefónico,,02254-425050
C3356,Residencial,Pinamar,P02,2023-01-21,,,Web,cliente2355@yahoo.com.ar,
C3357,Comercial,Mar de Ostende,P06,2022-04-03,,,Sucursal,cliente2356@yahoo.com.ar,
C3358,Residencial,pinamar,P02,2021-11-23,2024-12-19,Se muda,Sucursal,cliente2357@hotmail.com,2254478268
C3359,Residencial,Pinamar,P03,2021-07-22,,,Sucursal,,2254429063
C3360,Residencial,Mar de Ostende,P01,2019-11-09,,,Referido,cliente2359@gmail.com,02254-437916
C3361,Residencial,Mar de Ostende,P01,2023-01-16,,,Telefónico,,02254-406057
C3362,Residencial,Cariló,P01,2021-01-09,,,Vendedor,cliente2361@hotmail.com,2254491863
C3363,Residencial,Pinamar,P01,2017-12-05,,,Sucursal,cliente2362@hotmail.com,+54 2254 479315
C3364,Residencial,Valeria del Mar,P01,2022-04-15,,,Referido,cliente2363@hotmail.com,02254-416071
C3365,Residencial,General Madariaga,P01,2018-03-04,,,Vendedor,cliente2364@hotmail.com,2254418244
C3366,Residencial,General Madariaga,P01,2021-05-11,,,Vendedor,cliente2365@hotmail.com,
C3367,RESIDENCIAL,Pinamar,P02,2019-11-20,,,Web,cliente2366@gmail.com,02254-411952
C3368,Residencial,Pinamar,P02,2023-01-17,,,Sucursal,cliente2367@gmail.com,02254-485082
C3369,Residencial,Pinamar,P02,2022-01-28,2025-11-20,Competencia,Vendedor,cliente2368@hotmail.com,+54 2254 408861
C3370,Residencial,Pinamar,P03,2022-09-01,,,Vendedor,cliente2369@gmail.com,+54 2254 428116
C3371,Residencial,Pinamar,P05,2024-02-23,,,Vendedor,cliente2370@hotmail.com,+54 2254 452598
C3372,Residencial,Pinamar,P03,2021-04-18,,,Telefónico,cliente2371@gmail.com,02254-419365
C3373,Residencial,CARILÓ,P01,2023-08-16,2026-07-05,Fin de temporada,Vendedor,,
C3374,Residencial,Ostende,P02,2022-07-22,,,Telefónico,cliente2373@hotmail.com,2254417939
C3375,Comercial,Pinamar,P06,2023-09-23,,,Sucursal,cliente2374@gmail.com,+54 2254 482411
C3376,Residencial,general madariaga,P01,2021-11-23,2025-07-15,Competencia,Vendedor,cliente2375@telpin.com.ar,02254-454806
C3377,Residencial,Mar de Ostende,P01,2024-04-19,,,Web,cliente2376@hotmail.com,2254411487
C3378,Residencial,Mar de Ostende,P03,2023-06-14,,,Telefónico,cliente2377@gmail.com,
C3379,Residencial,Valeria del Mar,P03,2023-04-08,2024-12-21,Precio,Sucursal,cliente2378@yahoo.com.ar,2254475198
C3380,Residencial,Pinamar,P04,2023-05-10,,,Telefónico,cliente2379@gmail.com,02254-408533
C3381,Residencial,Ostende,P02,2022-06-09,2026-06-13,Competencia,Telefónico,cliente2380@gmail.com,2254413310
C3382,Residencial,Pinamar,P01,2023-10-24,2025-10-24,Sin motivo declarado,Web,cliente2381@yahoo.com.ar,+54 2254 486209
C3383,Residencial,Ostende,P04,2023-02-17,,,Telefónico,cliente2382@hotmail.com,
C3384,Residencial,  Valeria del Mar ,P01,2020-09-23,,,Vendedor,cliente2383@gmail.com,02254-439768
C3385,Residencial,Mar de Ostende,P02,2020-09-13,,,Vendedor,cliente2384@gmail.com,2254404254
C3386,Residencial,Mar de Ostende,P01,2023-06-01,,,Sucursal,cliente2385@telpin.com.ar,2254466846
C3387,Residencial,Mar de Ostende,P02,2024-02-02,,,Web,cliente2386@gmail.com,+54 2254 434801
C3388,Residencial,pinamar,P05,2019-10-16,,,Sucursal,cliente2387@yahoo.com.ar,+54 2254 419655
C3389,residencial,Pinamar,P02,2021-03-16,,,Sucursal,cliente2388@yahoo.com.ar,2254453261
C3390,RESIDENCIAL,Pinamar,P03,2022-05-22,2026-01-23,Disconformidad con el servicio,Telefónico,cliente2389@gmail.com,2254411961
C3391,residencial,Pinamar,P01,2022-05-05,,,Vendedor,cliente2390@gmail.com,2254446723
C3392,Comercial,Ostende,P06,2021-02-05,,,Web,cliente2391@gmail.com,+54 2254 417798
C3393,Residencial,Pinamar,P03,2023-12-19,,,Sucursal,cliente2392@hotmail.com,2254478188
C3394,Residencial,Cariló,P04,2023-07-04,,,Sucursal,cliente2393@gmail.com,2254442784
C3395,Residencial,pinamar,P04,2020-06-03,,,Web,,2254448039
C3396,Residencial,Cariló,P03,2021-12-25,,,Sucursal,cliente2395@gmail.com,
C3397,Residencial,Pinamar,P01,2021-11-20,,,Sucursal,,+54 2254 454053
C3398,Residencial,Pinamar,P02,2021-12-25,2026-05-19,Precio,Vendedor,cliente2397@hotmail.com,
C3399,Comercial,GENERAL MADARIAGA,P06,2021-10-29,,,Web,cliente2398@gmail.com,+54 2254 428128
C3400,Residencial,Pinamar,P04,2024-02-21,,,Sucursal,cliente2399@hotmail.com,+54 2254 434447
C3401,Residencial,Cariló,P02,2022-07-05,,,Vendedor,cliente2400@hotmail.com,
C3402,Residencial,Cariló,P02,2021-10-07,,,Referido,cliente2401@gmail.com,02254-439647
C3403,Residencial,Pinamar,P03,2023-02-16,,,Sucursal,,02254-421499
C3404,Residencial,General Madariaga,P03,2017-02-07,,,Vendedor,cliente2403@gmail.com,2254403628
C3405,RESIDENCIAL,Cariló,P01,2023-08-07,2024-10-22,Disconformidad con el servicio,Referido,cliente2404@telpin.com.ar,02254-438320
C3406,Residencial,Cariló,P01,2022-07-27,2025-05-16,Competencia,Referido,,+54 2254 441299
C3407,Residencial,pinamar,P02,2021-11-12,,,Sucursal,cliente2406@hotmail.com,+54 2254 498618
C3408,Residencial,cariló,P03,2022-07-27,,,Sucursal,cliente2407@gmail.com,2254433495
C3409,Residencial,General Madariaga,P02,2023-05-31,,,Referido,cliente2408@gmail.com,+54 2254 452837
C3410,Residencial,Pinamar,P03,2021-08-19,,,Referido,cliente2409@telpin.com.ar,+54 2254 465818
C3411,Residencial,Pinamar,P03,2020-10-21,,,Telefónico,cliente2410@hotmail.com,+54 2254 427602
C3412,Residencial,Cariló,P05,2023-01-16,2024-08-06,Precio,Sucursal,cliente2411@telpin.com.ar,+54 2254 477245
C3413,Residencial,Pinamar,P04,2021-06-23,,,Telefónico,cliente2412@gmail.com,
C3414,Residencial,CARILÓ,P02,2022-05-02,2026-04-20,Se muda,Web,cliente2413@hotmail.com,
C3415,Residencial,Cariló,P01,2022-10-18,2025-05-14,Fin de temporada,Web,cliente2414@gmail.com,2254470142
C3416,Residencial,Pinamar,P02,2020-05-05,,,Web,cliente2415@gmail.com,02254-439115
C3417,Residencial,Ostende,P02,2019-04-10,,,Web,cliente2416@hotmail.com,02254-479269
C3418,Comercial,Pinamar,P06,2018-09-10,,,Sucursal,cliente2417@gmail.com,02254-426128
C3419,Comercial,Ostende,P06,2019-04-11,,,Telefónico,,02254-452346
C3420,Residencial,Valeria del Mar,P02,2015-08-24,,,Web,cliente2419@gmail.com,2254474006
C3421,Residencial,Pinamar,P03,2022-01-26,2024-11-08,Precio,Web,cliente2420@gmail.com,02254-499047
C3422,Residencial,Mar de Ostende,P04,2019-10-13,,,Web,cliente2421@hotmail.com,+54 2254 459798
C3423,Residencial,Pinamar,P01,2018-09-04,,,Telefónico,cliente2422@gmail.com,02254-453853
C3424,Residencial,Cariló,P05,2023-06-21,,,Sucursal,cliente2423@yahoo.com.ar,02254-414390
C3425,Residencial,Ostende,P04,2023-09-25,2025-04-22,Precio,Web,,+54 2254 484034
C3426,Residencial,Pinamar,P04,2020-02-11,,,Sucursal,cliente2425@hotmail.com,
C3427,Residencial,Pinamar,P05,2021-05-01,,,Telefónico,cliente2426@hotmail.com,2254443179
C3428,Residencial,General Madariaga,P02,2021-11-20,2026-05-06,Se muda,Sucursal,cliente2427@hotmail.com,2254406975
C3429,Residencial,Pinamar,P03,2021-11-30,,,Sucursal,cliente2428@hotmail.com,+54 2254 455711
C3430,Comercial,Pinamar,P06,2016-01-17,2024-08-18,Sin motivo declarado,Referido,cliente2429@hotmail.com,02254-459027
C3431,Comercial,Ostende,P06,2022-11-05,,,Referido,cliente2430@gmail.com,+54 2254 471550
C3432,Residencial,Pinamar,P04,2019-09-22,,,Referido,cliente2431@gmail.com,2254432761
C3433,Comercial,Pinamar,P05,2022-11-22,,,Telefónico,cliente2432@yahoo.com.ar,
C3434,Residencial,Pinamar,P02,2023-02-02,,,Sucursal,cliente2433@gmail.com,+54 2254 473046
C3435,Residencial,Pinamar,P02,2021-10-29,,,Vendedor,cliente2434@hotmail.com,
C3436,Residencial,Pinamar,P03,2017-09-26,,,Telefónico,cliente2435@gmail.com,2254457861
C3437,Residencial,  Pinamar ,P01,2021-03-14,,,Sucursal,cliente2436@telpin.com.ar,
C3438,Residencial,Pinamar,P03,2023-01-26,2026-05-21,Sin motivo declarado,Telefónico,cliente2437@telpin.com.ar,02254-458315
C3439,Residencial,  Ostende ,P01,2017-05-21,,,Vendedor,cliente2438@yahoo.com.ar,02254-471202
C3440,Comercial,Pinamar,P06,2023-09-08,,,Referido,cliente2439@gmail.com,2254478175
C3441,Residencial,Pinamar,P03,2022-07-13,,,Referido,cliente2440@telpin.com.ar,+54 2254 490926
C3442,Residencial,General Madariaga,P02,2023-05-21,,,Referido,cliente2441@telpin.com.ar,2254433317
C3443,Comercial,Valeria del Mar,P06,2024-03-07,,,Vendedor,cliente2442@gmail.com,2254487433
C3444,Residencial,Cariló,P02,2022-06-23,2025-10-17,Se muda,Sucursal,cliente2443@yahoo.com.ar,+54 2254 469093
C3445,Residencial,Valeria del Mar,P02,2021-08-19,2025-03-30,Disconformidad con el servicio,Web,,02254-420875
C3446,Residencial,Pinamar,P02,2023-07-30,,,Vendedor,,02254-476653
C3447,Residencial,Valeria del Mar,P04,2021-03-02,2026-05-24,Se muda,Sucursal,cliente2446@gmail.com,02254-486146
C3448,Residencial,Pinamar,P01,2022-12-02,2024-09-26,Se muda,Telefónico,,+54 2254 410536
C3449,Residencial,General Madariaga,P02,2020-05-12,2025-02-18,Precio,Web,cliente2448@hotmail.com,02254-490168
C3450,Comercial,Valeria del Mar,P06,2022-01-28,,,Sucursal,cliente2449@gmail.com,2254400819
C3451,COMERCIAL,General Madariaga,P06,2023-05-25,,,Vendedor,cliente2450@gmail.com,+54 2254 473554
C3452,Residencial,Pinamar,P03,2022-07-03,,,Telefónico,cliente2451@gmail.com,2254442994
C3453,RESIDENCIAL,Pinamar,P01,2021-06-17,2025-02-15,Se muda,Sucursal,cliente2452@telpin.com.ar,2254422104
C3454,Comercial,Pinamar,P06,2020-01-21,2025-05-06,Disconformidad con el servicio,Web,cliente2453@gmail.com,2254475943
C3455,Residencial,Pinamar,P03,2021-03-20,,,Web,cliente2454@hotmail.com,+54 2254 498546
C3456,Comercial,Valeria del Mar,P06,2020-12-22,,,Sucursal,cliente2455@hotmail.com,+54 2254 428310
C3457,Residencial,valeria del mar,P01,2024-02-02,2025-04-22,Fin de temporada,Telefónico,cliente2456@telpin.com.ar,2254442683
C3458,Comercial,Pinamar,P05,2020-11-09,,,Vendedor,cliente2457@gmail.com,02254-495249
C3459,Residencial,Cariló,P01,2023-02-18,,,Vendedor,cliente2458@gmail.com,+54 2254 401998
C3460,Residencial,Ostende,P04,2022-02-04,2025-07-09,Precio,Web,cliente2459@gmail.com,+54 2254 419666
C3461,Residencial,Ostende,P02,2012-09-24,,,Vendedor,cliente2460@gmail.com,+54 2254 441027
C3462,residencial,Pinamar,P01,2023-08-22,,,Telefónico,cliente2461@gmail.com,+54 2254 409805
C3463,Residencial,Valeria del Mar,P02,2023-02-04,2024-09-23,Precio,Web,cliente2462@gmail.com,2254449756
C3464,Residencial,Pinamar,P04,2018-06-09,2026-04-01,Sin motivo declarado,Referido,cliente2463@hotmail.com,02254-425945
C3465,Residencial,Pinamar,P01,2023-06-28,2024-09-06,Se muda,Sucursal,cliente2464@gmail.com,02254-419713
C3466,Residencial,Mar de Ostende,P04,2023-02-13,,,Telefónico,cliente2465@telpin.com.ar,
C3467,Comercial,General Madariaga,P06,2021-01-06,,,Vendedor,cliente2466@gmail.com,2254402455
C3468,Residencial,Pinamar,P01,2020-08-07,,,Vendedor,cliente2467@yahoo.com.ar,02254-400265
C3469,Residencial,Pinamar,P02,2019-09-30,,,Sucursal,,+54 2254 472218
C3470,Residencial,Pinamar,P03,2022-05-04,,,Web,cliente2469@gmail.com,+54 2254 462206
C3471,Residencial,Mar de Ostende,P02,2020-05-30,,,Vendedor,cliente2470@gmail.com,02254-412777
C3472,Comercial,Valeria del Mar,P06,2022-02-03,,,Web,,02254-470640
C3473,Residencial,Pinamar,P03,2023-06-02,,,Sucursal,cliente2472@gmail.com,
C3474,RESIDENCIAL,Pinamar,P04,2022-11-27,,,Vendedor,cliente2473@gmail.com,02254-491886
C3475,Residencial,Pinamar,P04,2023-05-23,2026-05-19,Se muda,Referido,cliente2474@gmail.com,2254481668
C3476,Residencial,general madariaga,P01,2018-11-18,,,Sucursal,cliente2475@yahoo.com.ar,02254-480545
C3477,Residencial,  Mar de Ostende ,P03,2022-01-25,,,Telefónico,cliente2476@hotmail.com,2254441207
C3478,Residencial,cariló,P02,2022-05-13,,,Web,,+54 2254 483154
C3479,Comercial,General Madariaga,P06,2021-04-07,,,Telefónico,cliente2478@telpin.com.ar,
C3480,Residencial,Pinamar,P05,2020-09-04,,,Web,cliente2479@telpin.com.ar,2254447821
C3481,comercial,Pinamar,P06,2023-02-20,,,Sucursal,cliente2480@yahoo.com.ar,02254-473581
C3482,Residencial,  Pinamar ,P03,2022-10-08,2026-03-11,Falta de pago,Web,cliente2481@gmail.com,02254-486263
C3483,Residencial,Pinamar,P04,2020-12-01,,,Web,cliente2482@gmail.com,+54 2254 425569
C3484,residencial,OSTENDE,P01,2016-12-25,2025-02-27,Precio,Web,cliente2483@gmail.com,02254-486661
C3485,Residencial,Pinamar,P02,2024-03-29,,,Web,cliente2484@gmail.com,+54 2254 439597
C3486,Comercial,Valeria del Mar,P06,2018-10-19,,,Vendedor,cliente2485@telpin.com.ar,
C3487,Residencial,Valeria del Mar,P01,2023-04-11,2026-04-19,Disconformidad con el servicio,Sucursal,cliente2486@hotmail.com,02254-489079
C3488,Residencial,Mar de Ostende,P03,2017-08-31,,,Vendedor,cliente2487@telpin.com.ar,02254-451280
C3489,Residencial,Pinamar,P02,2014-10-14,2026-07-15,Falta de pago,Sucursal,cliente2488@gmail.com,02254-477578
C3490,Residencial,Pinamar,P03,2020-11-15,,,Sucursal,cliente2489@gmail.com,02254-454913
C3491,Residencial,Cariló,P02,2023-11-02,2025-01-23,Fin de temporada,Sucursal,cliente2490@gmail.com,02254-402487
C3492,Residencial,Pinamar,P01,2023-05-27,,,Telefónico,cliente2491@hotmail.com,+54 2254 475983
C3493,Comercial,Ostende,P06,2019-08-27,,,Telefónico,cliente2492@yahoo.com.ar,2254429299
C3494,Residencial,Ostende,P01,2022-05-10,,,Sucursal,cliente2493@gmail.com,
C3495,Residencial,General Madariaga,P04,2023-04-07,2024-12-12,Falta de pago,Vendedor,cliente2494@gmail.com,+54 2254 418138
C3496,Residencial,Valeria del Mar,P02,2023-11-21,,,Telefónico,cliente2495@hotmail.com,
C3497,Residencial,MAR DE OSTENDE,P04,2018-09-02,,,Sucursal,cliente2496@telpin.com.ar,2254478312
C3498,Residencial,Mar de Ostende,P03,2019-09-20,,,Vendedor,cliente2497@gmail.com,
C3499,Residencial,Pinamar,P02,2022-06-23,,,Telefónico,cliente2498@hotmail.com,2254444660
C3500,Residencial,Pinamar,P01,2023-03-10,,,Telefónico,cliente2499@hotmail.com,+54 2254 489831
C3501,Residencial,Pinamar,P05,2023-12-16,,,Sucursal,cliente2500@hotmail.com,02254-428289
C3502,Residencial,General Madariaga,P03,2023-09-10,2026-03-13,Sin motivo declarado,Web,,2254427328
C3503,Residencial,Pinamar,P02,2022-02-03,,,Vendedor,cliente2502@gmail.com,+54 2254 437654
C3504,RESIDENCIAL,Valeria del Mar,P02,2021-12-05,,,Referido,cliente2503@gmail.com,+54 2254 416265
C3505,Residencial,Pinamar,P04,2022-08-14,,,Referido,cliente2504@hotmail.com,+54 2254 485488
C3506,Residencial,Cariló,P01,2023-10-29,,,Web,cliente2505@telpin.com.ar,02254-426070
C3507,RESIDENCIAL,Pinamar,P03,2021-09-16,2026-06-13,Competencia,Referido,cliente2506@yahoo.com.ar,+54 2254 426093
C3508,Residencial,Valeria del Mar,P02,2022-08-29,,,Telefónico,cliente2507@gmail.com,+54 2254 496787
C3509,Residencial,Ostende,P03,2023-08-11,,,Sucursal,cliente2508@gmail.com,02254-440453
C3510,Residencial,Cariló,P01,2021-03-30,,,Telefónico,cliente2509@gmail.com,2254415594
C3511,Residencial,Pinamar,P02,2023-08-22,,,Web,,2254462212
C3512,Residencial,Mar de Ostende,P01,2021-12-07,2026-03-11,Fin de temporada,Sucursal,cliente2511@gmail.com,+54 2254 477493
C3513,Residencial,Cariló,P03,2024-01-13,,,Web,cliente2512@gmail.com,02254-490307
C3514,comercial,Ostende,P06,2023-08-08,,,Web,cliente2513@hotmail.com,
C3515,Residencial,Valeria del Mar,P05,2020-02-20,2025-02-15,Disconformidad con el servicio,Sucursal,cliente2514@telpin.com.ar,2254441415
C3516,Residencial,ostende,P04,2019-01-20,,,Vendedor,cliente2515@gmail.com,02254-451747
C3517,Residencial,Cariló,P03,2022-01-13,,,Telefónico,,02254-437549
C3518,Residencial,Valeria del Mar,P02,2017-05-25,,,Referido,cliente2517@hotmail.com,2254491230
C3519,Residencial,Pinamar,P02,2024-03-19,,,Sucursal,cliente2518@hotmail.com,02254-459160
C3520,Residencial,Valeria del Mar,P02,2022-07-11,,,Referido,cliente2519@gmail.com,+54 2254 456652
C3521,Residencial,Valeria del Mar,P01,2020-01-26,,,Sucursal,cliente2520@hotmail.com,2254421970
C3522,Comercial,Pinamar,P06,2023-04-07,,,Sucursal,cliente2521@gmail.com,+54 2254 403744
C3523,Residencial,Pinamar,P03,2022-10-08,,,Vendedor,cliente2522@gmail.com,2254488602
C3524,Residencial,Ostende,P03,2020-01-05,,,Vendedor,cliente2523@gmail.com,2254407758
C3525,Residencial,Pinamar,P03,2023-01-15,,,Sucursal,cliente2524@hotmail.com,02254-443521
C3526,Residencial,Cariló,P05,2021-06-11,,,Telefónico,cliente2525@gmail.com,
C3527,residencial,Valeria del Mar,P03,2022-08-25,,,Vendedor,cliente2526@telpin.com.ar,02254-497497
C3528,Residencial,Pinamar,P02,2022-09-25,,,Vendedor,cliente2527@gmail.com,2254440367
C3529,Residencial,Valeria del Mar,P02,2021-11-21,,,Sucursal,cliente2528@gmail.com,02254-498155
C3530,Residencial,Valeria del Mar,P03,2022-08-24,,,Web,cliente2529@gmail.com,+54 2254 471666
C3531,Residencial,Mar de Ostende,P03,2019-08-30,,,Web,cliente2530@gmail.com,+54 2254 467209
C3532,Residencial,General Madariaga,P01,2018-11-16,,,Sucursal,cliente2531@hotmail.com,2254418083
C3533,Residencial,Pinamar,P01,2023-03-19,2024-08-30,Precio,Sucursal,cliente2532@gmail.com,+54 2254 454822
C3534,Residencial,Mar de Ostende,P01,2023-11-23,,,Sucursal,cliente2533@yahoo.com.ar,2254430404
C3535,Residencial,Pinamar,P03,2022-05-30,,,Web,cliente2534@gmail.com,+54 2254 425501
C3536,Comercial,Pinamar,P06,2022-11-18,,,Sucursal,cliente2535@gmail.com,02254-449101
C3537,Residencial,Pinamar,P01,2021-09-20,,,Telefónico,cliente2536@gmail.com,
C3538,Residencial,  Pinamar ,P01,2020-12-29,,,Sucursal,cliente2537@hotmail.com,+54 2254 477153
C3539,Residencial,  Pinamar ,P05,2023-10-06,,,Telefónico,cliente2538@gmail.com,2254425385
C3540,Residencial,Cariló,P03,2018-03-22,,,Sucursal,cliente2539@telpin.com.ar,2254438186
C3541,Residencial,Mar de Ostende,P05,2020-10-29,,,Web,cliente2540@gmail.com,02254-420724
C3542,Comercial,Cariló,P06,2023-02-19,,,Telefónico,cliente2541@telpin.com.ar,+54 2254 482854
C3543,Residencial,Cariló,P04,2023-10-14,,,Sucursal,,2254426503
C3544,Residencial,Pinamar,P02,2021-08-14,2024-11-02,Disconformidad con el servicio,Sucursal,cliente2543@yahoo.com.ar,02254-490801
C3545,Residencial,Pinamar,P01,2023-09-28,,,Sucursal,cliente2544@hotmail.com,2254448098
C3546,Residencial,General Madariaga,P01,2021-07-21,2025-02-27,Competencia,Vendedor,cliente2545@gmail.com,+54 2254 405548
C3547,Residencial,Mar de Ostende,P05,2020-10-26,,,Web,cliente2546@gmail.com,+54 2254 445210
C3548,residencial,Ostende,P02,2019-10-07,,,Telefónico,cliente2547@hotmail.com,02254-423865
C3549,Residencial,Ostende,P01,2014-05-31,,,Web,cliente2548@hotmail.com,+54 2254 464110
C3550,Residencial,Cariló,P03,2019-10-29,,,Sucursal,cliente2549@gmail.com,02254-427224
C3551,Residencial,General Madariaga,P03,2024-02-04,,,Sucursal,,2254403740
C3552,Residencial,Pinamar,P02,2021-05-10,2026-04-20,Precio,Web,cliente2551@telpin.com.ar,02254-495425
C3553,Residencial,Ostende,P03,2020-01-10,2025-03-28,Precio,Web,cliente2552@hotmail.com,2254415495
C3554,Residencial,Cariló,P02,2023-05-03,,,Referido,cliente2553@hotmail.com,02254-419685
C3555,Residencial,Pinamar,P02,2022-12-26,,,Sucursal,cliente2554@gmail.com,02254-428611
C3556,Comercial,Pinamar,P05,2020-10-16,,,Sucursal,cliente2555@telpin.com.ar,02254-415948
C3557,Residencial,Pinamar,P03,2023-10-20,,,Sucursal,cliente2556@gmail.com,2254428338
C3558,Comercial,Pinamar,P06,2022-03-02,,,Sucursal,cliente2557@hotmail.com,+54 2254 411460
C3559,Residencial,Cariló,P02,2021-09-26,2026-05-17,Competencia,Sucursal,cliente2558@gmail.com,02254-413516
C3560,Comercial,GENERAL MADARIAGA,P06,2023-04-25,,,Sucursal,cliente2559@gmail.com,+54 2254 406446
C3561,RESIDENCIAL,Valeria del Mar,P03,2019-01-06,,,Telefónico,,02254-412322
C3562,Residencial,Ostende,P03,2022-08-21,,,Sucursal,cliente2561@hotmail.com,2254426561
C3563,Residencial,Pinamar,P02,2022-07-20,,,Vendedor,,2254450341
C3564,Residencial,Mar de Ostende,P03,2022-02-27,,,Vendedor,cliente2563@hotmail.com,+54 2254 410195
C3565,Residencial,Cariló,P01,2021-03-30,,,Vendedor,cliente2564@yahoo.com.ar,2254405071
C3566,Residencial,Valeria del Mar,P02,2022-12-05,,,Sucursal,cliente2565@gmail.com,
C3567,Residencial,General Madariaga,P03,2022-03-29,2025-01-17,Se muda,Vendedor,cliente2566@hotmail.com,2254459838
C3568,residencial,Cariló,P01,2019-10-20,2025-04-24,Fin de temporada,Web,cliente2567@hotmail.com,+54 2254 475514
C3569,Residencial,General Madariaga,P03,2021-03-14,,,Sucursal,cliente2568@telpin.com.ar,+54 2254 412418
C3570,Residencial,Valeria del Mar,P02,2024-02-05,2026-06-15,Competencia,Telefónico,cliente2569@hotmail.com,+54 2254 431761
C3571,Residencial,  Cariló ,P03,2023-04-20,,,Telefónico,cliente2570@hotmail.com,2254479711
C3572,Residencial,Pinamar,P04,2021-04-07,,,Sucursal,,
C3573,Residencial,Valeria del Mar,P01,2022-03-08,,,Telefónico,cliente2572@hotmail.com,
C3574,Residencial,pinamar,P01,2019-12-27,,,Sucursal,cliente2573@hotmail.com,02254-415681
C3575,residencial,Valeria del Mar,P02,2015-11-01,,,Vendedor,cliente2574@gmail.com,
C3576,Residencial,Mar de Ostende,P03,2021-10-05,2026-04-12,Falta de pago,Web,cliente2575@hotmail.com,2254497234
C3577,Residencial,Pinamar,P02,2017-12-09,,,Sucursal,cliente2576@telpin.com.ar,2254405903
C3578,Residencial,Pinamar,P03,2015-07-26,,,Referido,cliente2577@hotmail.com,
C3579,Comercial,PINAMAR,P06,2020-09-30,,,Vendedor,cliente2578@hotmail.com,
C3580,Residencial,Pinamar,P04,2020-02-02,,,Web,cliente2579@gmail.com,2254425502
C3581,Residencial,Pinamar,P02,2021-09-01,,,Vendedor,cliente2580@hotmail.com,2254442439
C3582,Residencial,Valeria del Mar,P01,2023-03-09,,,Telefónico,cliente2581@hotmail.com,
C3583,Residencial,Valeria del Mar,P05,2023-06-14,2025-03-02,Fin de temporada,Sucursal,cliente2582@gmail.com,02254-493680
C3584,Residencial,Pinamar,P02,2023-07-19,,,Vendedor,cliente2583@gmail.com,+54 2254 430225
C3585,Residencial,Mar de Ostende,P03,2019-12-05,2026-05-25,Fin de temporada,Telefónico,cliente2584@gmail.com,02254-436145
C3586,Residencial,Mar de Ostende,P04,2014-12-23,,,Vendedor,cliente2585@gmail.com,
C3587,Residencial,Ostende,P01,2022-10-13,,,Vendedor,,02254-430881
C3588,Residencial,Valeria del Mar,P04,2019-08-05,,,Sucursal,cliente2587@hotmail.com,02254-422043
C3589,Residencial,Pinamar,P01,2021-06-19,,,Sucursal,cliente2588@yahoo.com.ar,+54 2254 425582
C3590,Residencial,Pinamar,P01,2022-01-29,,,Sucursal,cliente2589@gmail.com,2254494810
C3591,Residencial,Pinamar,P03,2022-11-27,,,Telefónico,cliente2590@hotmail.com,02254-459402
C3592,Residencial,Pinamar,P02,2020-02-07,,,Telefónico,cliente2591@hotmail.com,02254-430807
C3593,COMERCIAL,Mar de Ostende,P06,2023-12-28,,,Web,cliente2592@hotmail.com,2254448793
C3594,Residencial,Mar de Ostende,P03,2023-02-28,,,Vendedor,cliente2593@hotmail.com,+54 2254 407043
C3595,Residencial,PINAMAR,P01,2023-10-07,,,Sucursal,cliente2594@gmail.com,
C3596,Comercial,Ostende,P06,2024-02-25,,,Sucursal,cliente2595@gmail.com,2254467089
C3597,Residencial,Pinamar,P01,2021-06-06,,,Telefónico,cliente2596@hotmail.com,02254-490375
C3598,RESIDENCIAL,Ostende,P03,2023-12-05,,,Referido,cliente2597@gmail.com,02254-402324
C3599,Comercial,Pinamar,P05,2012-09-18,,,Sucursal,,+54 2254 466127
C3600,Residencial,Pinamar,P02,2024-01-25,,,Telefónico,,
C3601,Residencial,Pinamar,P04,2023-02-13,,,Sucursal,cliente2600@hotmail.com,+54 2254 451727
C3602,Comercial,Valeria del Mar,P06,2022-11-15,,,Vendedor,cliente2601@yahoo.com.ar,+54 2254 446529
C3603,comercial,Ostende,P06,2020-07-24,,,Sucursal,cliente2602@gmail.com,2254493780
C3604,residencial,Ostende,P03,2018-03-27,2026-05-05,Se muda,Sucursal,cliente2603@hotmail.com,02254-476608
C3605,Residencial,PINAMAR,P03,2016-11-08,,,Telefónico,cliente2604@gmail.com,+54 2254 440066
C3606,Residencial,Valeria del Mar,P02,2023-10-18,,,Telefónico,cliente2605@telpin.com.ar,02254-431384
C3607,Residencial,Ostende,P05,2018-02-13,,,Telefónico,,02254-485716
C3608,Residencial,Cariló,P01,2022-03-05,2025-08-24,Sin motivo declarado,Sucursal,cliente2607@gmail.com,
C3609,Residencial,Valeria del Mar,P02,2024-03-16,2025-04-27,Fin de temporada,Telefónico,cliente2608@telpin.com.ar,+54 2254 414981
C3610,Residencial,Cariló,P04,2016-02-20,2026-06-01,Disconformidad con el servicio,Referido,cliente2609@gmail.com,2254482871
C3611,Residencial,Cariló,P01,2023-12-07,,,Sucursal,cliente2610@hotmail.com,2254436383
C3612,Residencial,Pinamar,P03,2022-12-04,,,Sucursal,cliente2611@gmail.com,+54 2254 470000
C3613,RESIDENCIAL,Pinamar,P02,2021-01-24,,,Referido,cliente2612@hotmail.com,+54 2254 484135
C3614,Residencial,Ostende,P04,2023-05-08,,,Sucursal,cliente2613@hotmail.com,+54 2254 405481
C3615,Residencial,Valeria del Mar,P04,2023-09-25,,,Telefónico,cliente2614@yahoo.com.ar,+54 2254 433867
C3616,Residencial,  Pinamar ,P01,2019-12-04,,,Referido,cliente2615@gmail.com,+54 2254 499695
C3617,Residencial,ostende,P03,2022-03-06,,,Vendedor,cliente2616@gmail.com,02254-481050
C3618,Residencial,Pinamar,P05,2024-02-29,,,Web,cliente2617@telpin.com.ar,02254-490721
C3619,Residencial,Cariló,P02,2022-09-17,2025-02-14,Competencia,Sucursal,cliente2618@gmail.com,02254-450072
C3620,Residencial,Pinamar,P04,2021-09-18,,,Vendedor,cliente2619@telpin.com.ar,+54 2254 425578
C3621,Residencial,Ostende,P02,2013-06-03,,,Sucursal,cliente2620@gmail.com,2254446664
C3622,Residencial,Cariló,P04,2021-04-26,,,Vendedor,cliente2621@yahoo.com.ar,2254442609
C3623,RESIDENCIAL,Ostende,P02,2022-12-08,,,Telefónico,cliente2622@yahoo.com.ar,+54 2254 402149
C3624,Residencial,General Madariaga,P02,2022-01-15,,,Vendedor,,2254454712
C3625,Residencial,  Valeria del Mar ,P01,2023-08-29,,,Web,cliente2624@gmail.com,+54 2254 466834
C3626,Residencial,General Madariaga,P01,2016-11-20,,,Web,cliente2625@hotmail.com,2254470671
C3627,Residencial,Ostende,P02,2023-04-14,2024-12-08,Disconformidad con el servicio,Telefónico,cliente2626@telpin.com.ar,02254-484407
C3628,Residencial,VALERIA DEL MAR,P01,2023-05-09,,,Sucursal,,2254434515
C3629,Residencial,Pinamar,P03,2022-09-06,,,Telefónico,cliente2628@telpin.com.ar,+54 2254 413557
C3630,Residencial,Pinamar,P02,2023-11-27,,,Sucursal,cliente2629@hotmail.com,2254473534
C3631,Residencial,Ostende,P01,2021-02-08,,,Telefónico,cliente2630@yahoo.com.ar,02254-491519
C3632,Comercial,PINAMAR,P06,2023-11-22,,,Sucursal,cliente2631@gmail.com,02254-483755
C3633,Residencial,Pinamar,P02,2020-10-22,2025-09-22,Precio,Web,cliente2632@hotmail.com,02254-417950
C3634,Residencial,Valeria del Mar,P02,2021-03-03,,,Telefónico,cliente2633@hotmail.com,+54 2254 408625
C3635,Residencial,General Madariaga,P03,2024-05-16,2025-01-27,Sin motivo declarado,Web,cliente2634@hotmail.com,02254-434753
C3636,Residencial,Valeria del Mar,P04,2022-10-01,,,Telefónico,cliente2635@hotmail.com,2254495857
C3637,Residencial,Mar de Ostende,P05,2020-07-26,,,Web,cliente2636@hotmail.com,+54 2254 416013
C3638,Residencial,  Mar de Ostende ,P03,2017-04-18,,,Web,,2254478002
C3639,Residencial,Mar de Ostende,P02,2021-05-14,2025-02-24,Precio,Vendedor,cliente2638@hotmail.com,
C3640,Residencial,Mar de Ostende,P02,2019-06-10,2026-07-26,Falta de pago,Vendedor,cliente2639@gmail.com,+54 2254 456433
C3641,Residencial,Cariló,P01,2021-07-26,,,Referido,cliente2640@gmail.com,02254-460005
C3642,Comercial,Cariló,P06,2023-03-15,,,Vendedor,cliente2641@gmail.com,+54 2254 489098
C3643,residencial,Ostende,P01,2023-07-18,,,Vendedor,cliente2642@gmail.com,02254-445536
C3644,Residencial,Ostende,P03,2021-06-12,,,Web,cliente2643@telpin.com.ar,+54 2254 469081
C3645,Comercial,Ostende,P06,2023-08-31,2024-10-06,Falta de pago,Telefónico,cliente2644@gmail.com,02254-401299
C3646,RESIDENCIAL,Pinamar,P04,2019-05-29,2024-12-09,Sin motivo declarado,Telefónico,cliente2645@gmail.com,+54 2254 462024
C3647,Residencial,Pinamar,P01,2023-08-22,,,Sucursal,cliente2646@gmail.com,2254485496
C3648,Comercial,Cariló,P06,2017-08-15,,,Sucursal,,2254444919
C3649,Residencial,  Pinamar ,P01,2023-11-25,,,Vendedor,cliente2648@gmail.com,+54 2254 446241
C3650,Residencial,Ostende,P02,2022-03-10,,,Telefónico,cliente2649@gmail.com,2254419226
C3651,Residencial,Ostende,P02,2022-11-28,,,Sucursal,cliente2650@telpin.com.ar,2254463811
C3652,Residencial,Mar de Ostende,P05,2021-12-10,2026-05-29,Fin de temporada,Sucursal,cliente2651@gmail.com,+54 2254 492919
C3653,Residencial,Cariló,P01,2023-11-03,,,Telefónico,cliente2652@telpin.com.ar,02254-452471
C3654,Residencial,Valeria del Mar,P04,2022-07-26,2025-03-05,Disconformidad con el servicio,Sucursal,cliente2653@gmail.com,02254-425790
C3655,Residencial,Pinamar,P01,2022-08-19,,,Telefónico,cliente2654@hotmail.com,+54 2254 472052
C3656,COMERCIAL,Pinamar,P06,2022-01-28,,,Web,cliente2655@gmail.com,2254416008
C3657,Residencial,Pinamar,P02,2021-10-11,,,Sucursal,cliente2656@gmail.com,+54 2254 411560
C3658,Residencial,Pinamar,P02,2019-01-26,,,Web,cliente2657@hotmail.com,
C3659,Residencial,Pinamar,P02,2023-07-24,,,Telefónico,cliente2658@gmail.com,02254-447595
C3660,Residencial,pinamar,P02,2023-02-19,,,Vendedor,cliente2659@hotmail.com,
C3661,Residencial,Pinamar,P03,2023-01-04,2024-08-27,Competencia,Vendedor,cliente2660@gmail.com,+54 2254 475441
C3662,Residencial,Ostende,P01,2016-05-09,,,Sucursal,cliente2661@gmail.com,+54 2254 474683
C3663,Residencial,Pinamar,P02,2023-05-08,,,Sucursal,cliente2662@telpin.com.ar,
C3664,Residencial,Pinamar,P02,2024-02-05,,,Vendedor,cliente2663@gmail.com,+54 2254 469801
C3665,Residencial,Pinamar,P04,2024-01-12,2025-12-04,Competencia,Sucursal,cliente2664@telpin.com.ar,02254-426041
C3666,Residencial,Pinamar,P03,2022-06-19,,,Referido,,+54 2254 494588
C3667,Residencial,General Madariaga,P02,2020-08-31,2026-03-01,Disconformidad con el servicio,Telefónico,cliente2666@gmail.com,+54 2254 400498
C3668,Residencial,Carilo,P03,2020-07-07,,,Referido,cliente2667@gmail.com,+54 2254 430841
C3669,Residencial,Valeria del Mar,P03,2022-02-27,2024-11-23,Se muda,Referido,cliente2668@hotmail.com,02254-442854
C3670,Residencial,Valeria del Mar,P04,2021-03-22,,,Telefónico,cliente2669@gmail.com,+54 2254 480826
C3671,residencial,Pinamar,P03,2022-03-18,2025-01-22,Disconformidad con el servicio,Web,,02254-437930
C3672,Comercial,General Madariaga,P06,2022-05-16,2025-02-26,Competencia,Telefónico,cliente2671@gmail.com,02254-420389
C3673,residencial,Ostende,P03,2023-07-31,,,Referido,cliente2672@hotmail.com,02254-466852
C3674,Residencial,Valeria del Mar,P01,2022-11-03,,,Telefónico,cliente2673@gmail.com,02254-492121
C3675,Residencial,Mar de Ostende,P02,2022-11-22,,,Telefónico,cliente2674@yahoo.com.ar,
C3676,Residencial,Pinamar,P01,2022-01-26,,,Vendedor,cliente2675@gmail.com,
C3677,Residencial,Ostende,P02,2020-12-11,2026-01-25,Se muda,Web,,2254460515
C3678,Residencial,Ostende,P02,2022-11-20,,,Vendedor,cliente2677@hotmail.com,2254413021
C3679,Residencial,Pinamar,P02,2019-07-07,,,Telefónico,cliente2678@telpin.com.ar,+54 2254 406262
C3680,Comercial,Pinamar,P06,2021-05-06,,,Sucursal,cliente2679@gmail.com,2254468500
C3681,Residencial,Ostende,P03,2021-08-01,,,Telefónico,cliente2680@hotmail.com,02254-455810
C3682,Residencial,Pinamar,P04,2023-04-29,,,Sucursal,cliente2681@hotmail.com,+54 2254 405373
C3683,Residencial,Valeria del Mar,P02,2022-08-04,,,Web,cliente2682@gmail.com,+54 2254 434400
C3684,Residencial,Ostende,P01,2022-10-04,2025-03-16,Disconformidad con el servicio,Sucursal,cliente2683@gmail.com,+54 2254 412817
C3685,Comercial,Pinamar,P06,2024-01-25,,,Web,cliente2684@hotmail.com,02254-481671
C3686,Residencial,Pinamar,P03,2023-09-23,,,Sucursal,cliente2685@gmail.com,
C3687,Residencial,Cariló,P04,2021-06-11,,,Telefónico,cliente2686@telpin.com.ar,+54 2254 432086
C3688,Residencial,Ostende,P01,2023-02-26,,,Telefónico,cliente2687@hotmail.com,2254478128
C3689,Residencial,Cariló,P01,2019-10-18,,,Sucursal,cliente2688@gmail.com,2254454859
C3690,Residencial,Valeria del Mar,P03,2022-04-20,,,Sucursal,,2254438605
C3691,Residencial,General Madariaga,P04,2021-06-09,,,Vendedor,cliente2690@yahoo.com.ar,02254-443801
C3692,Residencial,Pinamar,P03,2020-09-17,,,Web,cliente2691@hotmail.com,02254-499699
C3693,Residencial,Pinamar,P04,2018-05-04,,,Vendedor,cliente2692@hotmail.com,2254436554
C3694,Comercial,Cariló,P06,2023-06-08,,,Sucursal,cliente2693@yahoo.com.ar,
C3695,Residencial,Cariló,P02,2021-03-05,2026-01-12,Falta de pago,Vendedor,cliente2694@hotmail.com,+54 2254 401970
C3696,Residencial,Valeria del Mar,P03,2020-11-02,,,Sucursal,cliente2695@hotmail.com,2254427048
C3697,Residencial,valeria del mar,P02,2024-01-29,2026-06-24,Falta de pago,Sucursal,cliente2696@hotmail.com,02254-431176
C3698,Residencial,Pinamar,P02,2021-09-20,,,Telefónico,cliente2697@gmail.com,2254416040
C3699,Residencial,Pinamar,P03,2021-12-01,,,Sucursal,cliente2698@hotmail.com,02254-456127
C3700,Residencial,General Madariaga,P01,2023-06-23,2024-10-21,Competencia,Sucursal,cliente2699@gmail.com,
C3701,Residencial,Pinamar,P03,2022-02-24,,,Vendedor,cliente2700@gmail.com,02254-405120
C3702,residencial,Pinamar,P02,2022-09-11,,,Web,cliente2701@hotmail.com,02254-451864
C3703,residencial,Valeria del Mar,P02,2022-03-21,,,Sucursal,cliente2702@yahoo.com.ar,2254455927
C3704,Residencial,Pinamar,P03,2022-06-03,2025-11-24,Falta de pago,Web,cliente2703@hotmail.com,+54 2254 473180
C3705,RESIDENCIAL,Ostende,P04,2024-03-17,,,Telefónico,cliente2704@gmail.com,02254-416737
C3706,Residencial,Pinamar,P02,2023-07-04,2024-09-22,Se muda,Telefónico,cliente2705@gmail.com,+54 2254 417151
C3707,Residencial,Ostende,P02,2023-05-28,,,Vendedor,cliente2706@gmail.com,02254-494554
C3708,Residencial,Cariló,P02,2021-05-25,,,Telefónico,cliente2707@gmail.com,
C3709,Residencial,Mar de Ostende,P01,2019-07-23,,,Web,cliente2708@hotmail.com,
C3710,Residencial,Valeria del Mar,P05,2019-02-09,2026-07-28,Fin de temporada,Web,cliente2709@gmail.com,2254400069
C3711,RESIDENCIAL,Mar de Ostende,P01,2012-05-08,2026-02-21,Disconformidad con el servicio,Sucursal,cliente2710@gmail.com,+54 2254 400925
C3712,Residencial,Pinamar,P02,2022-08-18,,,Vendedor,cliente2711@gmail.com,+54 2254 499713
C3713,Residencial,Valeria del Mar,P02,2021-04-16,,,Vendedor,,
C3714,Residencial,Pinamar,P05,2024-01-22,2026-04-26,Precio,Sucursal,cliente2713@telpin.com.ar,
C3715,Residencial,PINAMAR,P02,2020-03-30,,,Vendedor,cliente2714@hotmail.com,+54 2254 491511
C3716,Residencial,Pinamar,P03,2021-01-18,,,Vendedor,cliente2715@gmail.com,+54 2254 472102
C3717,Residencial,Pinamar,P05,2023-09-22,2024-08-17,Se muda,Sucursal,cliente2716@hotmail.com,02254-426139
C3718,Residencial,General Madariaga,P05,2020-02-01,,,Sucursal,cliente2717@hotmail.com,2254437662
C3719,Residencial,Pinamar,P04,2020-03-31,2025-11-18,Competencia,Web,cliente2718@yahoo.com.ar,
C3720,Residencial,Pinamar,P01,2023-05-11,2025-04-22,Precio,Sucursal,cliente2719@hotmail.com,+54 2254 407094
C3721,residencial,Valeria del Mar,P01,2023-07-29,,,Vendedor,cliente2720@gmail.com,02254-433631
C3722,Residencial,Mar de Ostende,P03,2017-11-06,,,Sucursal,cliente2721@hotmail.com,+54 2254 478509
C3723,Comercial,valeria del mar,P06,2022-12-31,,,Referido,cliente2722@gmail.com,
C3724,Residencial,mar de ostende,P01,2023-01-03,2025-10-29,Sin motivo declarado,Vendedor,cliente2723@gmail.com,+54 2254 428281
C3725,Residencial,valeria del mar,P03,2023-11-05,,,Telefónico,cliente2724@yahoo.com.ar,02254-435195
C3726,Residencial,Valeria del Mar,P02,2022-08-03,2025-06-03,Se muda,Web,cliente2725@yahoo.com.ar,+54 2254 457426
C3727,Residencial,PINAMAR,P04,2016-12-18,,,Sucursal,cliente2726@telpin.com.ar,02254-436324
C3728,Residencial,Pinamar,P01,2021-06-01,,,Web,,+54 2254 448880
C3729,Residencial,Valeria del Mar,P04,2019-09-03,,,Sucursal,cliente2728@gmail.com,02254-474740
C3730,Residencial,Pinamar,P02,2020-12-15,,,Web,cliente2729@gmail.com,2254439519
C3731,Comercial,  Cariló ,P05,2021-05-12,,,Web,,+54 2254 407052
C3732,Residencial,Cariló,P02,2020-09-19,,,Sucursal,cliente2731@gmail.com,02254-416663
C3733,RESIDENCIAL,Mar de Ostende,P01,2020-06-16,2025-03-03,Precio,Sucursal,cliente2732@hotmail.com,02254-411422
C3734,Residencial,Pinamar,P01,2023-01-15,,,Telefónico,cliente2733@gmail.com,2254491423
C3735,Residencial,Pinamar,P01,2024-05-06,,,Sucursal,cliente2734@telpin.com.ar,2254439406
C3736,Residencial,Pinamar,P01,2023-01-30,,,Sucursal,cliente2735@telpin.com.ar,02254-475612
C3737,Residencial,Cariló,P02,2016-01-30,,,Web,cliente2736@gmail.com,+54 2254 449423
C3738,comercial,Valeria del Mar,P06,2023-06-16,,,Sucursal,cliente2737@yahoo.com.ar,2254420935
C3739,Residencial,Pinamar,P01,2022-03-21,,,Sucursal,cliente2738@gmail.com,+54 2254 479336
C3740,Residencial,Pinamar,P03,2022-12-16,,,Web,cliente2739@hotmail.com,+54 2254 430232
C3741,Residencial,Valeria del Mar,P03,2023-05-02,,,Vendedor,cliente2740@gmail.com,2254480519
C3742,residencial,Pinamar,P04,2021-08-25,,,Web,cliente2741@gmail.com,+54 2254 474046
C3743,Residencial,Ostende,P03,2022-01-14,2024-09-08,Competencia,Web,,2254408434
C3744,Residencial,Cariló,P02,2022-03-20,,,Web,cliente2743@gmail.com,2254426279
C3745,Residencial,Pinamar,P04,2023-10-28,,,Sucursal,cliente2744@gmail.com,+54 2254 470673
C3746,Residencial,Pinamar,P02,2022-02-17,2026-03-31,Competencia,Sucursal,cliente2745@telpin.com.ar,02254-498223
C3747,Residencial,Valeria del Mar,P04,2021-03-22,,,Sucursal,cliente2746@gmail.com,2254418053
C3748,Comercial,Valeria del Mar,P06,2022-01-12,2024-12-31,Precio,Vendedor,cliente2747@gmail.com,+54 2254 429020
C3749,Residencial,Ostende,P04,2024-01-17,,,Web,cliente2748@gmail.com,02254-400608
C3750,Residencial,OSTENDE,P03,2020-08-08,2024-11-08,Disconformidad con el servicio,Telefónico,cliente2749@gmail.com,
C3751,Residencial,General Madariaga,P01,2022-06-28,2025-10-09,Competencia,Sucursal,cliente2750@hotmail.com,2254496588
C3752,Residencial,VALERIA DEL MAR,P04,2022-02-02,,,Web,cliente2751@telpin.com.ar,+54 2254 463704
C3753,Residencial,Pinamar,P02,2021-03-02,,,Telefónico,cliente2752@gmail.com,2254487907
C3754,Residencial,Pinamar,P03,2021-03-05,2026-04-16,Se muda,Referido,cliente2753@gmail.com,2254426666
C3755,Residencial,Cariló,P01,2021-07-15,2025-03-30,Falta de pago,Sucursal,cliente2754@telpin.com.ar,2254491879
C3756,Residencial,Mar de Ostende,P01,2022-12-16,,,Web,cliente2755@telpin.com.ar,+54 2254 434990
C3757,Comercial,Pinamar,P05,2019-11-19,,,Telefónico,cliente2756@yahoo.com.ar,02254-447844
C3758,residencial,Valeria del Mar,P01,2023-03-30,,,Web,cliente2757@telpin.com.ar,02254-420659
C3759,Residencial,Valeria del Mar,P02,2019-09-15,,,Sucursal,cliente2758@hotmail.com,02254-463280
C3760,Residencial,ostende,P04,2022-12-29,2024-08-09,Precio,Telefónico,cliente2759@yahoo.com.ar,02254-426568
C3761,residencial,Pinamar,P03,2023-04-20,,,Vendedor,cliente2760@gmail.com,2254422529
C3762,Residencial,Ostende,P02,2022-06-09,,,Telefónico,cliente2761@gmail.com,
C3763,Residencial,Valeria del Mar,P02,2021-05-18,,,Vendedor,cliente2762@hotmail.com,02254-462545
C3764,Residencial,Mar de Ostende,P04,2024-02-29,,,Telefónico,cliente2763@hotmail.com,02254-415957
C3765,Residencial,Pinamar,P04,2020-04-28,,,Sucursal,cliente2764@hotmail.com,+54 2254 470991
C3766,Residencial,Ostende,P02,2012-08-11,,,Web,cliente2765@gmail.com,02254-449135
C3767,Residencial,Ostende,P01,2020-12-22,,,Sucursal,cliente2766@hotmail.com,2254419342
C3768,Residencial,General Madariaga,P03,2021-12-17,2024-08-31,Precio,Vendedor,cliente2767@telpin.com.ar,+54 2254 404514
C3769,Residencial,Ostende,P01,2021-04-09,,,Sucursal,cliente2768@hotmail.com,+54 2254 478615
C3770,Residencial,Ostende,P04,2019-07-23,2025-06-04,Competencia,Referido,cliente2769@gmail.com,02254-442323
C3771,Comercial,Valeria del Mar,P06,2017-01-27,,,Sucursal,cliente2770@gmail.com,
C3772,Residencial,Mar de Ostende,P01,2022-02-08,,,Referido,cliente2771@yahoo.com.ar,02254-412876
C3773,Residencial,Pinamar,P05,2022-06-04,,,Sucursal,cliente2772@gmail.com,+54 2254 426452
C3774,Residencial,PINAMAR,P01,2022-11-05,,,Sucursal,cliente2773@gmail.com,02254-410706
C3775,Comercial,Valeria del Mar,P05,2022-05-24,,,Referido,cliente2774@gmail.com,02254-409505
C3776,Residencial,Mar de Ostende,P02,2017-06-07,2025-09-25,Precio,Web,cliente2775@telpin.com.ar,02254-439080
C3777,RESIDENCIAL,Ostende,P04,2022-05-04,2025-08-16,Disconformidad con el servicio,Telefónico,,+54 2254 434123
C3778,Residencial,Ostende,P03,2021-05-09,,,Sucursal,cliente2777@hotmail.com,02254-442495
C3779,Residencial,General Madariaga,P04,2021-05-14,2025-02-09,Disconformidad con el servicio,Telefónico,cliente2778@hotmail.com,+54 2254 448940
C3780,Residencial,General Madariaga,P01,2021-09-05,,,Web,cliente2779@gmail.com,
C3781,Comercial,Ostende,P06,2022-04-27,,,Sucursal,cliente2780@telpin.com.ar,+54 2254 419890
C3782,Residencial,VALERIA DEL MAR,P01,2021-11-11,,,Vendedor,cliente2781@gmail.com,2254494922
C3783,RESIDENCIAL,Ostende,P03,2019-08-28,,,Sucursal,,+54 2254 440805
C3784,Residencial,Pinamar,P02,2020-01-08,,,Web,cliente2783@hotmail.com,02254-485308
C3785,Residencial,Pinamar,P01,2020-09-19,2024-11-26,Precio,Vendedor,cliente2784@gmail.com,+54 2254 432040
C3786,Residencial,Valeria del Mar,P03,2023-11-16,,,Sucursal,cliente2785@hotmail.com,+54 2254 454213
C3787,Comercial,Mar de Ostende,P06,2019-08-25,2024-10-04,Falta de pago,Vendedor,cliente2786@hotmail.com,
C3788,Residencial,Ostende,P04,2023-04-11,,,Sucursal,cliente2787@hotmail.com,+54 2254 472615
C3789,Residencial,  Cariló ,P03,2022-12-29,,,Vendedor,cliente2788@gmail.com,
C3790,Residencial,Pinamar,P02,2023-08-18,,,Sucursal,cliente2789@hotmail.com,02254-466051
C3791,Residencial,Valeria del Mar,P03,2024-02-15,2025-05-29,Se muda,Sucursal,cliente2790@hotmail.com,
C3792,Residencial,Pinamar,P02,2018-08-18,,,Referido,cliente2791@gmail.com,+54 2254 411328
C3793,Residencial,General Madariaga,P01,2022-05-03,2025-12-08,Disconformidad con el servicio,Web,cliente2792@gmail.com,2254434079
C3794,Residencial,Ostende,P01,2019-10-26,,,Vendedor,cliente2793@hotmail.com,02254-465994
C3795,Residencial,Mar de Ostende,P01,2023-08-03,,,Telefónico,cliente2794@hotmail.com,2254400391
C3796,Residencial,PINAMAR,P02,2019-03-24,2026-05-20,Disconformidad con el servicio,Referido,,02254-477466
C3797,Residencial,Pinamar,P02,2023-02-09,,,Sucursal,cliente2796@hotmail.com,
C3798,Residencial,Cariló,P03,2022-12-13,2025-01-03,Se muda,Web,,+54 2254 452227
C3799,Residencial,Pinamar,P02,2024-05-28,,,Telefónico,cliente2798@hotmail.com,2254497329
C3800,Residencial,Pinamar,P04,2019-01-20,,,Telefónico,cliente2799@gmail.com,2254490065
C3801,RESIDENCIAL,Pinamar,P05,2022-04-16,,,Referido,cliente2800@yahoo.com.ar,2254411321
C3802,Residencial,Pinamar,P05,2023-09-02,,,Referido,cliente2801@gmail.com,+54 2254 490814
C3803,Residencial,Cariló,P01,2021-12-03,,,Telefónico,cliente2802@gmail.com,02254-430179
C3804,Residencial,Ostende,P04,2023-09-03,,,Sucursal,cliente2803@hotmail.com,2254436703
C3805,Residencial,Mar de Ostende,P02,2023-01-25,,,Web,cliente2804@hotmail.com,02254-475566
C3806,Residencial,Pinamar,P02,2024-01-12,,,Vendedor,cliente2805@hotmail.com,+54 2254 451864
C3807,Residencial,Ostende,P02,2022-09-11,,,Referido,cliente2806@telpin.com.ar,+54 2254 445589
C3808,Residencial,Valeria del Mar,P03,2020-11-01,,,Vendedor,cliente2807@telpin.com.ar,2254403122
C3809,Residencial,Ostende,P01,2023-11-29,,,Sucursal,cliente2808@gmail.com,+54 2254 435315
C3810,residencial,Cariló,P04,2021-05-03,2024-11-24,Se muda,Sucursal,cliente2809@gmail.com,+54 2254 494634
C3811,Residencial,Pinamar,P01,2023-08-11,,,Telefónico,cliente2810@gmail.com,2254406632
C3812,Residencial,Ostende,P03,2021-02-16,,,Web,cliente2811@gmail.com,2254489454
C3813,Comercial,Ostende,P06,2023-02-07,,,Referido,,2254436507
C3814,Residencial,MAR DE OSTENDE,P05,2022-12-08,,,Vendedor,cliente2813@hotmail.com,2254463284
C3815,Residencial,PINAMAR,P02,2024-03-04,,,Vendedor,cliente2814@hotmail.com,+54 2254 467279
C3816,Comercial,Valeria del Mar,P06,2023-09-26,,,Vendedor,cliente2815@telpin.com.ar,+54 2254 406869
C3817,Residencial,Pinamar,P05,2021-05-08,,,Web,cliente2816@hotmail.com,2254450372
C3818,Residencial,General Madariaga,P03,2024-03-06,2024-12-18,Competencia,Web,cliente2817@gmail.com,+54 2254 457415
C3819,Residencial,Ostende,P03,2023-01-02,,,Referido,cliente2818@gmail.com,
C3820,Residencial,Pinamar,P02,2020-10-19,,,Telefónico,,02254-434188
C3821,Residencial,valeria del mar,P02,2023-12-21,,,Telefónico,cliente2820@yahoo.com.ar,02254-444364
C3822,Residencial,Pinamar,P02,2022-08-06,,,Web,cliente2821@gmail.com,+54 2254 493048
C3823,Comercial,Pinamar,P06,2023-08-12,,,Vendedor,cliente2822@hotmail.com,2254459700
C3824,residencial,Pinamar,P03,2023-07-26,,,Telefónico,cliente2823@telpin.com.ar,
C3825,Residencial,Pinamar,P02,2023-07-27,,,Telefónico,cliente2824@gmail.com,2254475565
C3826,Residencial,OSTENDE,P05,2018-06-25,2024-11-27,Competencia,Sucursal,cliente2825@gmail.com,02254-441638
C3827,Residencial,Pinamar,P01,2023-11-02,,,Sucursal,cliente2826@gmail.com,+54 2254 447512
C3828,residencial,Ostende,P04,2023-03-31,,,Vendedor,cliente2827@hotmail.com,2254492505
C3829,Residencial,Pinamar,P02,2023-11-06,2026-05-08,Precio,Sucursal,cliente2828@gmail.com,2254436276
C3830,Residencial,Pinamar,P01,2021-01-29,2024-11-27,Disconformidad con el servicio,Sucursal,cliente2829@gmail.com,
C3831,Residencial,MAR DE OSTENDE,P02,2021-08-27,,,Telefónico,cliente2830@gmail.com,+54 2254 476854
C3832,Residencial,General Madariaga,P02,2016-05-26,,,Telefónico,cliente2831@hotmail.com,02254-427873
C3833,Comercial,General Madariaga,P06,2022-09-19,,,Web,cliente2832@telpin.com.ar,02254-468082
C3834,residencial,Pinamar,P04,2023-10-19,,,Sucursal,cliente2833@hotmail.com,+54 2254 447482
C3835,RESIDENCIAL,Valeria del Mar,P05,2019-06-11,,,Web,cliente2834@gmail.com,
C3836,Residencial,Valeria del Mar,P02,2023-06-11,,,Sucursal,cliente2835@hotmail.com,+54 2254 441030
C3837,Residencial,Pinamar,P03,2019-08-27,,,Web,,+54 2254 412293
C3838,Residencial,VALERIA DEL MAR,P02,2021-06-29,,,Sucursal,cliente2837@gmail.com,+54 2254 413859
C3839,Residencial,Cariló,P03,2023-05-29,2025-11-03,Falta de pago,Sucursal,cliente2838@gmail.com,
C3840,Residencial,general madariaga,P02,2023-01-18,2024-09-07,Se muda,Web,cliente2839@hotmail.com,2254432495
C3841,Residencial,Pinamar,P02,2020-09-14,,,Sucursal,cliente2840@hotmail.com,02254-438325
C3842,Residencial,Mar de Ostende,P02,2021-10-01,,,Vendedor,cliente2841@gmail.com,
C3843,Residencial,Mar de Ostende,P04,2021-12-15,,,Referido,cliente2842@gmail.com,+54 2254 440415
C3844,Residencial,Mar de Ostende,P01,2021-10-04,,,Vendedor,cliente2843@gmail.com,2254461732
C3845,Residencial,  Pinamar ,P02,2019-11-25,,,Sucursal,,2254485428
C3846,Comercial,Pinamar,P06,2023-05-02,,,Telefónico,cliente2845@gmail.com,+54 2254 468869
C3847,Residencial,General Madariaga,P03,2023-05-18,,,Web,,+54 2254 414077
C3848,Residencial,Pinamar,P01,2023-03-18,2025-01-29,Disconformidad con el servicio,Sucursal,,+54 2254 400118
C3849,Residencial,Mar de Ostende,P05,2017-11-02,,,Vendedor,cliente2848@hotmail.com,2254447642
C3850,Residencial,  Cariló ,P02,2021-08-13,,,Sucursal,cliente2849@hotmail.com,2254404366
C3851,Residencial,Pinamar,P03,2020-10-23,,,Web,cliente2850@gmail.com,+54 2254 400001
C3852,RESIDENCIAL,Valeria del Mar,P04,2021-03-08,,,Sucursal,cliente2851@gmail.com,02254-496441
C3853,Comercial,Cariló,P06,2022-04-06,,,Web,cliente2852@gmail.com,+54 2254 430505
C3854,Residencial,Valeria del Mar,P04,2022-09-03,,,Sucursal,cliente2853@telpin.com.ar,02254-490019
C3855,Residencial,Ostende,P03,2020-09-29,,,Sucursal,,2254430022
C3856,Residencial,Cariló,P03,2020-04-26,2026-03-07,Falta de pago,Web,cliente2855@yahoo.com.ar,2254456387
C3857,RESIDENCIAL,Pinamar,P01,2024-01-01,,,Sucursal,cliente2856@gmail.com,2254490987
C3858,Residencial,Pinamar,P05,2021-10-21,,,Vendedor,cliente2857@gmail.com,+54 2254 422734
C3859,Residencial,Ostende,P05,2020-02-03,,,Sucursal,,+54 2254 460754
C3860,Residencial,Valeria del Mar,P04,2021-08-25,,,Web,cliente2859@gmail.com,2254495560
C3861,Residencial,Ostende,P03,2019-09-22,,,Sucursal,,+54 2254 402683
C3862,Residencial,Pinamar,P04,2018-11-21,,,Telefónico,cliente2861@hotmail.com,02254-439205
C3863,RESIDENCIAL,Pinamar,P03,2022-06-28,,,Telefónico,cliente2862@gmail.com,2254432333
C3864,Residencial,Pinamar,P02,2022-04-12,,,Vendedor,cliente2863@gmail.com,2254497250
C3865,Residencial,Pinamar,P02,2023-01-25,2025-01-26,Falta de pago,Referido,cliente2864@hotmail.com,02254-416585
C3866,Residencial,Pinamar,P01,2018-05-07,,,Sucursal,cliente2865@gmail.com,02254-433167
C3867,Residencial,Pinamar,P03,2023-05-22,2025-07-22,Disconformidad con el servicio,Telefónico,cliente2866@gmail.com,02254-406501
C3868,Residencial,Valeria del Mar,P01,2020-07-07,,,Web,cliente2867@telpin.com.ar,02254-400831
C3869,Residencial,cariló,P04,2023-07-22,2025-03-12,Falta de pago,Sucursal,cliente2868@hotmail.com,02254-478625
C3870,Residencial,Pinamar,P02,2018-08-06,2026-05-24,Precio,Sucursal,cliente2869@gmail.com,+54 2254 468923
C3871,Residencial,General Madariaga,P05,2022-09-15,,,Sucursal,cliente2870@gmail.com,2254444146
C3872,RESIDENCIAL,Pinamar,P02,2023-09-26,,,Web,cliente2871@gmail.com,02254-441706
C3873,Residencial,Ostende,P04,2023-10-23,2025-04-20,Disconformidad con el servicio,Referido,cliente2872@hotmail.com,2254412671
C3874,Residencial,Pinamar,P01,2023-12-27,,,Telefónico,cliente2873@gmail.com,2254416548
C3875,Residencial,Pinamar,P01,2018-06-07,2025-01-31,Sin motivo declarado,Sucursal,cliente2874@gmail.com,02254-465583
C3876,Residencial,Valeria del Mar,P02,2023-12-12,2026-06-14,Fin de temporada,Vendedor,cliente2875@hotmail.com,02254-476004
C3877,Residencial,  General Madariaga ,P02,2021-02-19,2024-08-18,Competencia,Sucursal,cliente2876@hotmail.com,02254-417248
C3878,RESIDENCIAL,MAR DE OSTENDE,P05,2017-02-17,,,Vendedor,cliente2877@gmail.com,
C3879,RESIDENCIAL,Pinamar,P02,2023-11-10,,,Web,cliente2878@gmail.com,02254-495754
C3880,Residencial,Cariló,P02,2019-03-03,2025-03-03,Fin de temporada,Sucursal,,
C3881,Residencial,Valeria del Mar,P03,2018-09-15,2025-03-17,Se muda,Web,cliente2880@gmail.com,
C3882,Residencial,General Madariaga,P02,2019-12-12,,,Sucursal,,02254-418195
C3883,Residencial,Ostende,P02,2021-08-01,,,Web,cliente2882@gmail.com,02254-403251
C3884,Comercial,General Madariaga,P06,2023-02-09,2024-11-01,Competencia,Vendedor,cliente2883@telpin.com.ar,
C3885,Residencial,Pinamar,P03,2021-05-26,,,Telefónico,cliente2884@hotmail.com,
C3886,RESIDENCIAL,Valeria del Mar,P02,2024-05-20,,,Telefónico,cliente2885@telpin.com.ar,02254-486076
C3887,RESIDENCIAL,Ostende,P01,2023-01-27,2026-01-20,Competencia,Sucursal,cliente2886@gmail.com,+54 2254 487863
C3888,Residencial,Pinamar,P01,2023-12-18,,,Referido,cliente2887@gmail.com,+54 2254 457602
C3889,Residencial,Cariló,P01,2022-12-02,,,Vendedor,cliente2888@gmail.com,2254468671
C3890,Residencial,General Madariaga,P02,2022-12-08,2024-12-29,Disconformidad con el servicio,Vendedor,,02254-405554
C3891,Residencial,Ostende,P02,2023-06-22,,,Sucursal,,
C3892,Residencial,Cariló,P04,2022-11-17,,,Web,cliente2891@yahoo.com.ar,2254404594
C3893,Residencial,Pinamar,P02,2020-06-07,,,Telefónico,cliente2892@hotmail.com,02254-478341
C3894,RESIDENCIAL,Cariló,P01,2022-09-15,,,Telefónico,cliente2893@hotmail.com,2254424270
C3895,Comercial,Valeria del Mar,P06,2022-01-15,2024-08-12,Se muda,Referido,,+54 2254 406709
C3896,RESIDENCIAL,Pinamar,P04,2020-04-29,,,Vendedor,cliente2895@gmail.com,02254-422063
C3897,Residencial,Pinamar,P01,2016-06-09,,,Referido,cliente2896@telpin.com.ar,+54 2254 475790
C3898,Residencial,Pinamar,P02,2023-01-13,,,Telefónico,cliente2897@telpin.com.ar,+54 2254 449117
C3899,Residencial,valeria del mar,P01,2019-03-07,2026-04-06,Fin de temporada,Vendedor,cliente2898@hotmail.com,2254432280
C3900,Residencial,Mar de Ostende,P01,2024-04-15,2026-03-10,Fin de temporada,Sucursal,cliente2899@hotmail.com,02254-487949
C3901,Residencial,Valeria del Mar,P01,2021-08-13,2024-08-18,Precio,Referido,cliente2900@hotmail.com,02254-438206
C3902,Residencial,Cariló,P05,2022-12-23,,,Referido,cliente2901@hotmail.com,02254-412752
C3903,Residencial,General Madariaga,P04,2023-08-07,2025-03-22,Competencia,Web,cliente2902@hotmail.com,
C3904,Residencial,OSTENDE,P03,2022-10-22,,,Vendedor,cliente2903@hotmail.com,+54 2254 448298
C3905,Residencial,Cariló,P02,2021-12-18,,,Vendedor,cliente2904@gmail.com,02254-446340
C3906,Residencial,Pinamar,P05,2023-05-22,,,Web,cliente2905@gmail.com,2254459582
C3907,Residencial,Ostende,P03,2023-11-11,,,Telefónico,cliente2906@hotmail.com,+54 2254 432309
C3908,Residencial,Pinamar,P01,2022-03-01,,,Vendedor,cliente2907@hotmail.com,2254405611
C3909,Residencial,Valeria del Mar,P03,2021-12-26,2025-03-14,Fin de temporada,Web,cliente2908@gmail.com,2254458431
C3910,Residencial,Cariló,P04,2022-02-28,2025-06-07,Fin de temporada,Referido,cliente2909@hotmail.com,02254-493908
C3911,Residencial,PINAMAR,P05,2020-01-23,2025-02-23,Falta de pago,Telefónico,cliente2910@gmail.com,
C3912,Residencial,Valeria del Mar,P02,2022-03-05,,,Telefónico,cliente2911@gmail.com,
C3913,Residencial,Pinamar,P01,2022-07-15,,,Telefónico,cliente2912@yahoo.com.ar,2254435595
C3914,Residencial,Carilo,P04,2021-11-22,,,Sucursal,cliente2913@gmail.com,+54 2254 409749
C3915,Residencial,Ostende,P02,2022-08-10,,,Sucursal,cliente2914@telpin.com.ar,2254431058
C3916,Residencial,Pinamar,P01,2022-03-25,,,Telefónico,cliente2915@hotmail.com,
C3917,Residencial,Cariló,P01,2023-03-04,,,Telefónico,cliente2916@gmail.com,+54 2254 497709
C3918,residencial,Mar de Ostende,P02,2021-03-19,,,Referido,,02254-411290
C3919,Comercial,Ostende,P06,2024-02-14,,,Web,cliente2918@gmail.com,02254-421508
C3920,Residencial,Ostende,P01,2023-05-16,,,Sucursal,cliente2919@hotmail.com,2254415823
C3921,RESIDENCIAL,Valeria del Mar,P02,2022-07-14,,,Vendedor,cliente2920@gmail.com,02254-414641
C3922,Comercial,Ostende,P06,2023-11-22,,,Sucursal,cliente2921@gmail.com,2254475133
C3923,Residencial,Valeria del Mar,P01,2018-12-31,,,Sucursal,cliente2922@gmail.com,+54 2254 413305
C3924,Residencial,Pinamar,P04,2022-04-21,2024-10-15,Sin motivo declarado,Telefónico,cliente2923@hotmail.com,
C3925,RESIDENCIAL,Ostende,P01,2023-02-09,,,Sucursal,cliente2924@yahoo.com.ar,2254404960
C3926,Residencial,Ostende,P01,2024-03-27,,,Sucursal,cliente2925@gmail.com,
C3927,Residencial,Pinamar,P03,2023-06-29,,,Web,cliente2926@gmail.com,02254-446956
C3928,Comercial,Pinamar,P06,2021-02-04,,,Vendedor,cliente2927@gmail.com,02254-453202
C3929,Residencial,Ostende,P01,2022-02-26,,,Sucursal,cliente2928@gmail.com,02254-482767
C3930,Comercial,Pinamar,P06,2020-05-10,,,Sucursal,cliente2929@gmail.com,
C3931,Residencial,Pinamar,P02,2017-11-11,,,Web,cliente2930@hotmail.com,
C3932,residencial,Pinamar,P01,2017-07-11,,,Sucursal,cliente2931@yahoo.com.ar,02254-496736
C3933,Residencial,pinamar,P01,2023-10-19,2024-11-09,Falta de pago,Vendedor,cliente2932@telpin.com.ar,
C3934,Residencial,Pinamar,P02,2023-02-18,,,Vendedor,cliente2933@hotmail.com,+54 2254 430693
C3935,Residencial,General Madariaga,P03,2023-04-17,2026-05-11,Competencia,Sucursal,cliente2934@telpin.com.ar,+54 2254 436120
C3936,Residencial,Cariló,P01,2023-04-10,2025-03-30,Se muda,Web,cliente2935@gmail.com,02254-481469
C3937,Residencial,Valeria del Mar,P02,2022-09-18,2025-02-18,Competencia,Vendedor,cliente2936@gmail.com,+54 2254 495333
C3938,Residencial,Pinamar,P02,2017-07-21,,,Vendedor,cliente2937@telpin.com.ar,02254-405948
C3939,Residencial,Cariló,P02,2020-06-08,2026-06-20,Fin de temporada,Vendedor,cliente2938@yahoo.com.ar,02254-477950
C3940,RESIDENCIAL,Pinamar,P03,2019-08-21,,,Telefónico,cliente2939@gmail.com,2254452543
C3941,Residencial,valeria del mar,P03,2022-09-28,,,Web,cliente2940@hotmail.com,2254403822
C3942,Residencial,Pinamar,P02,2023-09-28,,,Web,cliente2941@gmail.com,2254475339
C3943,Residencial,Pinamar,P02,2021-12-18,,,Vendedor,cliente2942@hotmail.com,+54 2254 498135
C3944,Residencial,Mar de Ostende,P03,2021-06-08,,,Sucursal,cliente2943@gmail.com,2254466535
C3945,Residencial,Pinamar,P03,2022-12-02,,,Referido,cliente2944@hotmail.com,+54 2254 447389
C3946,Residencial,Pinamar,P02,2022-04-17,,,Telefónico,cliente2945@gmail.com,2254459376
C3947,Residencial,General Madariaga,P01,2022-09-11,,,Referido,cliente2946@gmail.com,02254-451017
C3948,Residencial,Cariló,P02,2020-12-12,,,Telefónico,cliente2947@gmail.com,+54 2254 426923
C3949,Residencial,Valeria del Mar,P02,2021-10-18,,,Web,cliente2948@gmail.com,02254-493970
C3950,Residencial,Mar de Ostende,P04,2021-11-15,2025-03-11,Fin de temporada,Sucursal,cliente2949@gmail.com,+54 2254 433591
C3951,Residencial,Valeria del Mar,P04,2016-04-29,,,Sucursal,,+54 2254 467376
C3952,Residencial,Ostende,P02,2022-10-23,,,Sucursal,cliente2951@hotmail.com,2254404898
C3953,Residencial,Pinamar,P01,2019-09-15,,,Web,cliente2952@gmail.com,+54 2254 437551
C3954,Residencial,Pinamar,P02,2018-04-10,,,Sucursal,,+54 2254 431609
C3955,Residencial,Valeria del Mar,P03,2021-02-08,,,Vendedor,cliente2954@gmail.com,2254495590
C3956,COMERCIAL,Valeria del Mar,P06,2023-08-15,,,Web,cliente2955@gmail.com,02254-444897
C3957,Residencial,Pinamar,P04,2022-07-04,,,Web,cliente2956@gmail.com,02254-423300
C3958,Residencial,Cariló,P01,2022-01-09,,,Sucursal,cliente2957@hotmail.com,2254405502
C3959,comercial,Pinamar,P06,2022-09-18,,,Vendedor,cliente2958@gmail.com,
C3960,Residencial,Ostende,P04,2022-10-04,2024-10-12,Competencia,Sucursal,cliente2959@gmail.com,2254408433
C3961,Residencial,Pinamar,P04,2022-06-06,,,Sucursal,cliente2960@gmail.com,
C3962,Residencial,Pinamar,P03,2022-02-08,2024-11-02,Falta de pago,Telefónico,cliente2961@gmail.com,2254459840
C3963,Residencial,Pinamar,P03,2023-09-28,2024-11-20,Sin motivo declarado,Telefónico,,
C3964,Residencial,Cariló,P04,2021-12-23,,,Telefónico,cliente2963@telpin.com.ar,02254-430681
C3965,Comercial,Cariló,P06,2023-02-16,,,Sucursal,cliente2964@gmail.com,02254-469645
C3966,Comercial,Ostende,P06,2021-05-21,,,Telefónico,cliente2965@gmail.com,02254-486878
C3967,RESIDENCIAL,Pinamar,P01,2020-06-16,,,Sucursal,cliente2966@gmail.com,+54 2254 463177
C3968,residencial,Pinamar,P01,2022-08-29,,,Sucursal,cliente2967@telpin.com.ar,02254-490035
C3969,Residencial,Ostende,P01,2023-05-11,,,Sucursal,cliente2968@hotmail.com,+54 2254 422825
C3970,Residencial,Ostende,P02,2021-12-08,,,Web,cliente2969@telpin.com.ar,
C3971,Residencial,Mar de Ostende,P03,2022-09-23,,,Sucursal,cliente2970@gmail.com,+54 2254 424750
C3972,RESIDENCIAL,Pinamar,P03,2019-03-30,,,Vendedor,cliente2971@gmail.com,02254-470010
C3973,Residencial,Valeria del Mar,P02,2023-03-14,,,Referido,cliente2972@gmail.com,02254-497935
C3974,Residencial,CARILÓ,P04,2022-07-27,2024-11-24,Precio,Sucursal,cliente2973@telpin.com.ar,02254-449926
C3975,Residencial,VALERIA DEL MAR,P02,2021-03-05,2025-06-09,Precio,Referido,cliente2974@gmail.com,2254481193
C3976,residencial,Ostende,P01,2018-03-17,,,Web,cliente2975@gmail.com,+54 2254 416950
C3977,residencial,Valeria del Mar,P02,2022-04-21,,,Web,cliente2976@telpin.com.ar,
C3978,Residencial,Pinamar,P05,2023-06-28,,,Telefónico,cliente2977@yahoo.com.ar,+54 2254 490983
C3979,Residencial,Valeria del Mar,P02,2022-05-19,,,Telefónico,cliente2978@hotmail.com,+54 2254 424519
C3980,Residencial,Ostende,P02,2023-01-22,,,Referido,cliente2979@telpin.com.ar,+54 2254 496281
C3981,Residencial,Pinamar,P03,2022-09-13,,,Vendedor,cliente2980@gmail.com,+54 2254 438454
C3982,Residencial,Mar de Ostende,P01,2023-08-30,2025-03-06,Fin de temporada,Telefónico,cliente2981@gmail.com,+54 2254 427980
C3983,Residencial,Pinamar,P03,2022-06-08,2025-08-24,Falta de pago,Sucursal,cliente2982@hotmail.com,02254-442754
C3984,Residencial,Valeria del Mar,P01,2020-04-01,2025-04-13,Fin de temporada,Referido,cliente2983@yahoo.com.ar,2254460493
C3985,Residencial,Pinamar,P01,2022-03-20,,,Telefónico,cliente2984@hotmail.com,+54 2254 473247
C3986,Residencial,GENERAL MADARIAGA,P02,2012-07-27,,,Web,cliente2985@yahoo.com.ar,02254-487221
C3987,residencial,Valeria del Mar,P02,2020-02-03,,,Sucursal,cliente2986@hotmail.com,+54 2254 430589
C3988,Residencial,Cariló,P02,2021-10-05,,,Referido,cliente2987@telpin.com.ar,+54 2254 432570
C3989,RESIDENCIAL,Cariló,P03,2021-11-04,,,Vendedor,cliente2988@hotmail.com,02254-408775
C3990,Residencial,Valeria del Mar,P01,2023-06-18,,,Referido,cliente2989@gmail.com,02254-403060
C3991,Residencial,Valeria del Mar,P03,2023-01-01,,,Vendedor,cliente2990@hotmail.com,+54 2254 445315
C3992,Residencial,Valeria del Mar,P03,2016-03-10,,,Telefónico,cliente2991@telpin.com.ar,2254484009
C3993,residencial,Pinamar,P01,2021-05-07,,,Vendedor,cliente2992@hotmail.com,+54 2254 464716
C3994,Residencial,Pinamar,P02,2023-09-25,,,Telefónico,cliente2993@gmail.com,02254-446438
C3995,Residencial,Pinamar,P02,2022-10-18,,,Vendedor,cliente2994@gmail.com,+54 2254 401603
C3996,Residencial,Valeria del Mar,P02,2022-12-16,,,Referido,cliente2995@yahoo.com.ar,2254419121
C3997,Residencial,Valeria del Mar,P02,2023-04-15,,,Telefónico,cliente2996@gmail.com,02254-477094
C3998,Comercial,Mar de Ostende,P06,2022-07-09,,,Web,cliente2997@gmail.com,+54 2254 437820
C3999,Residencial,General Madariaga,P04,2020-09-29,,,Sucursal,cliente2998@yahoo.com.ar,+54 2254 449572
C4000,Residencial,Cariló,P03,2021-08-04,,,Sucursal,cliente2999@gmail.com,02254-437536
C4001,Residencial,Valeria del Mar,P03,2018-08-12,,,Referido,cliente3000@gmail.com,2254463397
C4002,Residencial,Cariló,P04,2021-05-11,,,Telefónico,cliente3001@hotmail.com,+54 2254 441821
C4003,Residencial,Pinamar,P02,2020-12-04,,,Sucursal,cliente3002@hotmail.com,+54 2254 408864
C4004,Residencial,Valeria del Mar,P04,2022-10-21,,,Vendedor,cliente3003@hotmail.com,
C4005,Residencial,Pinamar,P03,2017-04-27,,,Sucursal,cliente3004@yahoo.com.ar,2254420369
C4006,Residencial,Valeria del Mar,P05,2015-05-14,2024-11-10,Falta de pago,Sucursal,cliente3005@gmail.com,+54 2254 423471
C4007,Residencial,Mar de Ostende,P02,2020-08-23,,,Telefónico,cliente3006@hotmail.com,+54 2254 417983
C4008,Residencial,Pinamar,P05,2020-04-23,,,Sucursal,cliente3007@hotmail.com,2254463411
C4009,Comercial,Ostende,P05,2022-02-21,,,Telefónico,cliente3008@gmail.com,+54 2254 466483
C4010,Residencial,Valeria del Mar,P01,2021-06-08,,,Sucursal,cliente3009@telpin.com.ar,2254434653
C4011,Residencial,Pinamar,P02,2022-04-12,,,Vendedor,cliente3010@telpin.com.ar,+54 2254 427972
C4012,Residencial,Pinamar,P01,2022-06-24,,,Sucursal,cliente3011@gmail.com,
C4013,Residencial,Pinamar,P01,2020-01-23,,,Telefónico,,+54 2254 440127
C4014,Residencial,Valeria del Mar,P05,2023-01-01,2024-08-20,Competencia,Sucursal,cliente3013@gmail.com,02254-409007
C4015,Residencial,Valeria del Mar,P05,2017-09-01,,,Vendedor,cliente3014@hotmail.com,2254410797
C4016,Residencial,Ostende,P03,2020-12-08,,,Vendedor,cliente3015@telpin.com.ar,+54 2254 462830
C4017,Residencial,Pinamar,P01,2020-02-15,,,Sucursal,,+54 2254 460303
C4018,RESIDENCIAL,Pinamar,P03,2023-08-22,,,Referido,,02254-488258
C4019,RESIDENCIAL,Pinamar,P02,2019-09-05,2025-07-02,Competencia,Web,cliente3018@telpin.com.ar,2254419524
C4020,Residencial,Cariló,P02,2020-12-09,2025-03-16,Se muda,Web,cliente3019@hotmail.com,02254-464174
C4021,Residencial,Pinamar,P02,2018-09-20,,,Sucursal,cliente3020@hotmail.com,2254491314
C4022,Residencial,Pinamar,P02,2018-12-31,,,Vendedor,cliente3021@gmail.com,2254428329
C4023,comercial,Valeria del Mar,P06,2018-12-03,2025-03-11,Se muda,Referido,cliente3022@telpin.com.ar,2254425939
C4024,Residencial,Pinamar,P04,2023-02-06,2025-10-07,Sin motivo declarado,Sucursal,,2254443734
C4025,Residencial,General Madariaga,P03,2021-03-05,,,Telefónico,cliente3024@gmail.com,
C4026,Residencial,Pinamar,P03,2023-10-16,,,Sucursal,cliente3025@hotmail.com,2254494682
C4027,Residencial,Pinamar,P03,2022-01-18,,,Referido,cliente3026@gmail.com,2254428828
C4028,Residencial,Pinamar,P02,2023-03-27,,,Sucursal,cliente3027@gmail.com,2254430516
C4029,RESIDENCIAL,Cariló,P03,2023-12-08,,,Web,cliente3028@gmail.com,+54 2254 452726
C4030,Residencial,Pinamar,P03,2023-03-17,,,Referido,cliente3029@gmail.com,02254-452677
C4031,Residencial,Pinamar,P01,2022-01-02,,,Referido,cliente3030@gmail.com,2254470881
C4032,Residencial,Mar de Ostende,P01,2020-06-26,,,Sucursal,cliente3031@hotmail.com,+54 2254 410631
C4033,Residencial,Ostende,P01,2024-03-06,2025-12-27,Competencia,Sucursal,cliente3032@telpin.com.ar,2254499169
C4034,Residencial,Ostende,P02,2022-09-12,,,Referido,cliente3033@telpin.com.ar,+54 2254 451398
C4035,Residencial,Pinamar,P02,2022-05-29,,,Vendedor,cliente3034@gmail.com,2254416705
C4036,Residencial,Pinamar,P01,2024-05-06,,,Sucursal,cliente3035@telpin.com.ar,02254-426808
C4037,Residencial,Pinamar,P01,2024-01-08,2026-03-06,Se muda,Telefónico,cliente3036@hotmail.com,2254436475
C4038,Residencial,  Pinamar ,P05,2020-03-28,,,Referido,cliente3037@gmail.com,02254-455090
C4039,Residencial,General Madariaga,P01,2022-11-15,,,Web,cliente3038@gmail.com,2254424140
C4040,Comercial,Pinamar,P06,2019-02-12,,,Web,cliente3039@telpin.com.ar,
C4041,Residencial,VALERIA DEL MAR,P01,2023-02-27,2025-04-10,Sin motivo declarado,Sucursal,cliente3040@hotmail.com,2254420133
C4042,Residencial,Pinamar,P05,2018-08-20,,,Web,cliente3041@gmail.com,2254488631
C4043,Residencial,Pinamar,P02,2023-09-20,2025-10-23,Competencia,Sucursal,cliente3042@hotmail.com,
C4044,Residencial,Valeria del Mar,P03,2020-07-28,,,Vendedor,cliente3043@hotmail.com,+54 2254 434963
C4045,Residencial,Ostende,P03,2024-02-22,2025-01-22,Falta de pago,Referido,cliente3044@hotmail.com,02254-459598
C4046,Residencial,Pinamar,P02,2024-05-14,,,Web,cliente3045@yahoo.com.ar,2254442780
C4047,Residencial,Valeria del Mar,P01,2021-05-18,2025-02-08,Competencia,Vendedor,cliente3046@hotmail.com,+54 2254 452579
C4048,Residencial,Ostende,P03,2022-10-04,,,Vendedor,cliente3047@yahoo.com.ar,2254490233
C4049,Residencial,Valeria del Mar,P04,2022-03-11,,,Telefónico,,+54 2254 416099
C4050,Residencial,Ostende,P02,2019-12-25,,,Sucursal,cliente3049@hotmail.com,02254-498069
C4051,Residencial,Cariló,P02,2023-10-20,2025-05-23,Fin de temporada,Sucursal,cliente3050@gmail.com,2254431431
C4052,Residencial,GENERAL MADARIAGA,P02,2023-07-12,,,Sucursal,cliente3051@hotmail.com,2254465048
C4053,residencial,Pinamar,P03,2023-07-29,2026-04-14,Competencia,Sucursal,cliente3052@yahoo.com.ar,+54 2254 486467
C4054,Residencial,Mar de Ostende,P04,2022-12-09,,,Sucursal,cliente3053@gmail.com,02254-443115
C4055,Comercial,General Madariaga,P06,2020-11-22,,,Sucursal,cliente3054@gmail.com,+54 2254 476772
C4056,Residencial,Pinamar,P01,2022-02-03,,,Vendedor,cliente3055@gmail.com,+54 2254 491596
C4057,Residencial,Pinamar,P01,2023-01-18,,,Vendedor,cliente3056@gmail.com,+54 2254 455768
C4058,Residencial,Mar de Ostende,P02,2023-12-05,2026-03-31,Fin de temporada,Web,cliente3057@hotmail.com,+54 2254 466669
C4059,Residencial,ostende,P02,2019-08-06,,,Sucursal,cliente3058@telpin.com.ar,02254-467551
C4060,Residencial,  Cariló ,P01,2021-02-21,2026-05-15,Precio,Telefónico,cliente3059@hotmail.com,+54 2254 469126
C4061,Residencial,Mar de Ostende,P05,2021-08-10,2024-11-16,Precio,Vendedor,cliente3060@gmail.com,2254479451
C4062,Residencial,Valeria del Mar,P02,2022-02-18,,,Sucursal,cliente3061@gmail.com,+54 2254 436560
C4063,Residencial,Valeria del Mar,P02,2022-08-27,,,Web,cliente3062@gmail.com,
C4064,Residencial,Ostende,P03,2023-07-03,,,Telefónico,cliente3063@gmail.com,
C4065,Residencial,General Madariaga,P04,2023-08-14,,,Sucursal,cliente3064@gmail.com,2254403540
C4066,Residencial,CARILÓ,P02,2019-06-12,,,Sucursal,cliente3065@yahoo.com.ar,2254483529
C4067,Residencial,General Madariaga,P02,2023-01-02,,,Telefónico,cliente3066@yahoo.com.ar,2254490435
C4068,Residencial,Pinamar,P04,2022-01-06,,,Vendedor,cliente3067@gmail.com,02254-467071
C4069,Residencial,Mar de Ostende,P01,2020-07-25,,,Sucursal,cliente3068@gmail.com,+54 2254 458414
C4070,Comercial,Ostende,P06,2016-10-22,,,Web,cliente3069@hotmail.com,+54 2254 410477
C4071,Residencial,Pinamar,P01,2018-11-07,,,Sucursal,cliente3070@gmail.com,+54 2254 418685
C4072,COMERCIAL,Ostende,P06,2022-05-15,,,Telefónico,cliente3071@gmail.com,+54 2254 422195
C4073,Comercial,Ostende,P06,2021-09-24,,,Referido,cliente3072@gmail.com,2254450817
C4074,Residencial,Valeria del Mar,P01,2016-11-01,2025-03-17,Fin de temporada,Telefónico,cliente3073@telpin.com.ar,+54 2254 410456
C4075,Residencial,Pinamar,P02,2019-05-31,,,Sucursal,cliente3074@hotmail.com,02254-403753
C4076,residencial,Cariló,P02,2020-10-29,,,Vendedor,cliente3075@yahoo.com.ar,2254481473
C4077,Residencial,Pinamar,P03,2022-06-26,,,Sucursal,cliente3076@gmail.com,+54 2254 400774
C4078,Residencial,Pinamar,P01,2023-10-02,,,Telefónico,cliente3077@hotmail.com,02254-494259
C4079,Residencial,Valeria del Mar,P01,2022-08-04,2025-06-19,Se muda,Vendedor,cliente3078@hotmail.com,2254441187
C4080,Residencial,Pinamar,P05,2019-06-13,,,Web,cliente3079@yahoo.com.ar,02254-460519
C4081,Residencial,Pinamar,P03,2022-09-06,2024-08-03,Se muda,Sucursal,cliente3080@telpin.com.ar,2254473343
C4082,Residencial,Valeria del Mar,P04,2021-07-03,,,Web,cliente3081@gmail.com,+54 2254 486643
C4083,Residencial,Mar de Ostende,P04,2022-10-14,,,Referido,cliente3082@gmail.com,+54 2254 439318
C4084,Residencial,Pinamar,P03,2023-05-16,,,Telefónico,cliente3083@gmail.com,02254-424700
C4085,Residencial,Pinamar,P02,2021-12-20,,,Sucursal,cliente3084@gmail.com,02254-401426
C4086,Residencial,Pinamar,P02,2022-09-28,,,Web,cliente3085@gmail.com,02254-443538
C4087,Residencial,Pinamar,P02,2020-03-02,2024-10-22,Sin motivo declarado,Vendedor,cliente3086@hotmail.com,+54 2254 417290
C4088,Residencial,General Madariaga,P01,2019-08-28,,,Referido,cliente3087@gmail.com,+54 2254 449594
C4089,Residencial,Cariló,P05,2023-05-05,,,Sucursal,cliente3088@hotmail.com,2254426081
C4090,Comercial,Valeria del Mar,P06,2023-08-04,,,Sucursal,cliente3089@gmail.com,+54 2254 428630
C4091,Residencial,Ostende,P04,2023-07-15,,,Sucursal,cliente3090@gmail.com,2254479015
C4092,comercial,Pinamar,P06,2022-03-28,2026-03-04,Sin motivo declarado,Sucursal,cliente3091@gmail.com,02254-484217
C4093,Residencial,valeria del mar,P02,2023-09-26,,,Vendedor,,+54 2254 437679
C4094,Residencial,Cariló,P03,2023-07-16,,,Sucursal,cliente3093@yahoo.com.ar,02254-451159
C4095,Residencial,Mar de Ostende,P02,2021-12-16,,,Web,cliente3094@gmail.com,+54 2254 445758
C4096,RESIDENCIAL,Cariló,P01,2019-09-24,2026-04-16,Fin de temporada,Vendedor,cliente3095@hotmail.com,02254-481668
C4097,Residencial,Pinamar,P04,2019-05-30,,,Vendedor,cliente3096@gmail.com,02254-440051
C4098,RESIDENCIAL,Valeria del Mar,P01,2023-08-16,2025-11-19,Competencia,Referido,cliente3097@gmail.com,02254-451549
C4099,Residencial,  Valeria del Mar ,P04,2022-11-23,,,Vendedor,cliente3098@hotmail.com,02254-428107
C4100,Residencial,Pinamar,P01,2023-09-23,,,Sucursal,cliente3099@gmail.com,+54 2254 463317
C4101,residencial,General Madariaga,P01,2019-03-29,,,Sucursal,cliente3100@hotmail.com,
C4102,Residencial,General Madariaga,P01,2023-07-08,,,Web,,+54 2254 404478
C4103,residencial,  Valeria del Mar ,P01,2019-06-03,2026-03-23,Disconformidad con el servicio,Sucursal,cliente3102@gmail.com,02254-487929
C4104,Residencial,Pinamar,P04,2022-11-21,,,Referido,cliente3103@hotmail.com,+54 2254 479247
C4105,Residencial,Cariló,P05,2022-06-20,,,Sucursal,cliente3104@yahoo.com.ar,02254-427719
C4106,Residencial,Ostende,P03,2022-09-23,,,Referido,cliente3105@hotmail.com,2254418759
C4107,Residencial,Pinamar,P02,2021-05-10,,,Referido,cliente3106@gmail.com,
C4108,Comercial,Valeria del Mar,P06,2022-12-14,2026-05-19,Disconformidad con el servicio,Sucursal,cliente3107@hotmail.com,
C4109,Residencial,Pinamar,P01,2018-08-17,,,Referido,cliente3108@telpin.com.ar,02254-451747
C4110,Residencial,Valeria del Mar,P03,2022-05-28,,,Web,cliente3109@hotmail.com,02254-461293
C4111,Comercial,Pinamar,P05,2022-02-18,,,Sucursal,cliente3110@yahoo.com.ar,2254406334
C4112,Residencial,Valeria del Mar,P01,2020-02-24,,,Web,cliente3111@gmail.com,2254458914
C4113,Residencial,General Madariaga,P03,2021-07-12,,,Web,cliente3112@gmail.com,2254457350
C4114,Residencial,Pinamar,P02,2024-04-28,2025-01-04,Competencia,Sucursal,cliente3113@gmail.com,02254-471007
C4115,Residencial,Pinamar,P01,2021-03-06,,,Vendedor,cliente3114@hotmail.com,2254436115
C4116,Residencial,Cariló,P04,2022-09-02,2025-06-20,Precio,Vendedor,cliente3115@gmail.com,2254406411
C4117,Residencial,cariló,P02,2023-12-13,,,Sucursal,cliente3116@gmail.com,02254-497502
C4118,Residencial,Mar de Ostende,P02,2020-10-13,,,Sucursal,cliente3117@yahoo.com.ar,+54 2254 488263
C4119,Residencial,PINAMAR,P04,2017-04-26,,,Vendedor,cliente3118@hotmail.com,02254-410775
C4120,residencial,pinamar,P04,2024-03-07,,,Sucursal,cliente3119@gmail.com,+54 2254 422362
C4121,Residencial,Valeria del Mar,P04,2023-06-14,,,Vendedor,cliente3120@hotmail.com,2254433924
C4122,Residencial,Valeria del Mar,P01,2015-03-12,,,Web,cliente3121@gmail.com,02254-438815
C4123,Residencial,Pinamar,P01,2020-08-08,,,Telefónico,cliente3122@telpin.com.ar,2254496977
C4124,Residencial,General Madariaga,P01,2022-08-28,,,Vendedor,cliente3123@telpin.com.ar,
C4125,Comercial,Mar de Ostende,P06,2022-04-10,,,Web,cliente3124@hotmail.com,02254-407357
C4126,Residencial,Ostende,P02,2021-08-08,,,Sucursal,cliente3125@gmail.com,+54 2254 479823
C4127,residencial,cariló,P02,2024-02-29,,,Sucursal,cliente3126@gmail.com,02254-498667
C4128,Residencial,Pinamar,P02,2014-01-15,,,Sucursal,cliente3127@gmail.com,
C4129,Residencial,General Madariaga,P03,2023-05-04,2024-08-15,Se muda,Web,cliente3128@gmail.com,02254-411794
C4130,Residencial,Cariló,P02,2014-04-15,2025-04-13,Fin de temporada,Vendedor,cliente3129@gmail.com,2254488588
C4131,Comercial,Valeria del Mar,P06,2020-02-03,,,Referido,cliente3130@hotmail.com,02254-405127
C4132,Residencial,Valeria del Mar,P03,2019-03-28,,,Web,cliente3131@hotmail.com,+54 2254 439573
C4133,Residencial,Pinamar,P03,2017-05-05,,,Vendedor,,+54 2254 475280
C4134,Residencial,Pinamar,P02,2022-11-21,,,Sucursal,cliente3133@hotmail.com,2254434275
C4135,Residencial,PINAMAR,P02,2023-05-08,,,Vendedor,,2254491991
C4136,residencial,Valeria del Mar,P03,2021-08-07,2025-10-12,Fin de temporada,Referido,cliente3135@gmail.com,02254-401923
C4137,Residencial,Mar de Ostende,P03,2020-10-22,2025-12-26,Precio,Telefónico,cliente3136@gmail.com,+54 2254 439432
C4138,Residencial,Pinamar,P01,2023-04-10,,,Telefónico,cliente3137@gmail.com,
C4139,Residencial,Ostende,P03,2019-06-19,,,Referido,,
C4140,residencial,Cariló,P04,2022-01-21,2024-10-24,Falta de pago,Web,cliente3139@yahoo.com.ar,+54 2254 410656
C4141,Residencial,Ostende,P01,2022-08-05,,,Sucursal,cliente3140@gmail.com,+54 2254 440845
C4142,Residencial,Pinamar,P04,2023-03-23,2025-02-22,Se muda,Web,cliente3141@hotmail.com,2254423055
C4143,Residencial,Pinamar,P01,2021-12-23,,,Sucursal,cliente3142@yahoo.com.ar,+54 2254 455145
C4144,Residencial,Mar de Ostende,P01,2019-01-03,,,Vendedor,cliente3143@telpin.com.ar,02254-442105
C4145,Comercial,General Madariaga,P06,2021-05-20,,,Telefónico,cliente3144@gmail.com,+54 2254 434620
C4146,Residencial,Ostende,P02,2022-07-05,,,Sucursal,cliente3145@hotmail.com,02254-401708
C4147,Residencial,Valeria del Mar,P01,2021-07-15,2025-11-13,Precio,Telefónico,cliente3146@gmail.com,2254432684
C4148,Residencial,Pinamar,P03,2020-07-26,,,Vendedor,cliente3147@telpin.com.ar,2254438772
C4149,Residencial,Pinamar,P01,2023-04-05,,,Vendedor,cliente3148@gmail.com,02254-446665
C4150,residencial,Pinamar,P02,2023-12-27,,,Sucursal,cliente3149@gmail.com,+54 2254 494957
C4151,Residencial,Pinamar,P02,2022-03-31,,,Telefónico,cliente3150@hotmail.com,02254-440662
C4152,Residencial,Pinamar,P03,2023-04-30,,,Referido,cliente3151@yahoo.com.ar,2254454290
C4153,Residencial,Valeria del Mar,P04,2021-07-24,,,Sucursal,cliente3152@telpin.com.ar,2254446877
C4154,Residencial,Pinamar,P04,2024-02-05,,,Sucursal,cliente3153@gmail.com,+54 2254 418440
C4155,Residencial,Mar de Ostende,P02,2023-10-06,,,Vendedor,cliente3154@hotmail.com,+54 2254 426959
C4156,Residencial,Valeria del Mar,P01,2017-09-23,,,Sucursal,cliente3155@telpin.com.ar,02254-446156
C4157,Residencial,Pinamar,P02,2022-04-05,,,Referido,cliente3156@telpin.com.ar,+54 2254 497685
C4158,Residencial,Mar de Ostende,P01,2022-02-22,,,Web,,02254-448076
C4159,Residencial,Ostende,P01,2022-03-15,,,Sucursal,cliente3158@gmail.com,02254-406518
C4160,RESIDENCIAL,Pinamar,P02,2023-09-01,,,Sucursal,cliente3159@gmail.com,02254-410175
C4161,Residencial,Pinamar,P02,2023-05-10,,,Web,,2254491280
C4162,Residencial,ostende,P02,2022-05-15,,,Sucursal,cliente3161@gmail.com,2254470029
C4163,Comercial,Pinamar,P05,2014-02-16,,,Sucursal,cliente3162@hotmail.com,+54 2254 471668
C4164,Residencial,Valeria del Mar,P04,2023-09-29,,,Sucursal,cliente3163@telpin.com.ar,2254447409
C4165,Comercial,PINAMAR,P05,2023-09-04,,,Web,cliente3164@gmail.com,2254427547
C4166,Residencial,Pinamar,P03,2024-03-30,,,Vendedor,cliente3165@gmail.com,2254484257
C4167,Residencial,General Madariaga,P03,2021-06-06,,,Sucursal,cliente3166@hotmail.com,2254420137
C4168,Residencial,Pinamar,P05,2021-05-24,,,Sucursal,cliente3167@gmail.com,+54 2254 455969
C4169,Residencial,Ostende,P01,2018-09-18,,,Referido,cliente3168@hotmail.com,2254431661
C4170,comercial,Cariló,P06,2021-03-27,,,Web,cliente3169@hotmail.com,02254-487851
C4171,RESIDENCIAL,Pinamar,P04,2021-12-27,,,Web,cliente3170@gmail.com,2254458139
C4172,Residencial,Ostende,P03,2020-05-12,,,Web,cliente3171@gmail.com,+54 2254 443031
C4173,Residencial,Pinamar,P03,2024-01-11,,,Sucursal,cliente3172@gmail.com,+54 2254 466165
C4174,Residencial,Pinamar,P03,2022-09-03,,,Sucursal,cliente3173@hotmail.com,02254-499851
C4175,Residencial,General Madariaga,P02,2015-10-29,,,Vendedor,cliente3174@hotmail.com,+54 2254 456479
C4176,Residencial,ostende,P05,2016-09-06,2025-09-10,Sin motivo declarado,Sucursal,cliente3175@telpin.com.ar,
C4177,Residencial,Cariló,P02,2022-03-12,,,Web,cliente3176@gmail.com,+54 2254 482325
C4178,Residencial,general madariaga,P01,2022-12-01,,,Sucursal,cliente3177@gmail.com,+54 2254 443905
C4179,Residencial,Pinamar,P04,2021-11-07,2025-10-03,Falta de pago,Sucursal,cliente3178@gmail.com,
C4180,Residencial,Pinamar,P02,2023-02-28,,,Sucursal,cliente3179@gmail.com,+54 2254 408732
C4181,Residencial,Pinamar,P02,2023-05-24,,,Referido,cliente3180@telpin.com.ar,2254480890
C4182,Comercial,Pinamar,P06,2023-03-13,2024-10-02,Falta de pago,Sucursal,cliente3181@gmail.com,02254-428064
C4183,residencial,General Madariaga,P02,2021-06-22,,,Web,cliente3182@gmail.com,2254479427
C4184,Comercial,Pinamar,P06,2019-08-14,,,Sucursal,,
C4185,Residencial,mar de ostende,P02,2021-04-18,,,Sucursal,cliente3184@telpin.com.ar,+54 2254 458808
C4186,Residencial,Mar de Ostende,P02,2020-08-28,,,Sucursal,cliente3185@telpin.com.ar,+54 2254 486696
C4187,Residencial,Pinamar,P02,2020-10-23,,,Sucursal,cliente3186@hotmail.com,+54 2254 474814
C4188,Residencial,  Valeria del Mar ,P01,2023-02-17,2026-07-12,Falta de pago,Telefónico,cliente3187@hotmail.com,+54 2254 484412
C4189,Residencial,  Pinamar ,P01,2023-01-15,,,Web,cliente3188@hotmail.com,+54 2254 451466
C4190,Residencial,Pinamar,P02,2023-04-23,,,Web,cliente3189@hotmail.com,2254498822
C4191,Residencial,Pinamar,P01,2023-04-08,2026-06-28,Sin motivo declarado,Sucursal,cliente3190@hotmail.com,2254419276
C4192,Residencial,Pinamar,P01,2023-09-30,,,Sucursal,cliente3191@hotmail.com,2254484289
C4193,Residencial,ostende,P01,2022-08-21,2025-02-27,Se muda,Telefónico,cliente3192@gmail.com,
C4194,RESIDENCIAL,Cariló,P03,2017-11-28,2025-02-21,Se muda,Vendedor,cliente3193@gmail.com,+54 2254 430770
C4195,Residencial,Ostende,P02,2022-05-28,,,Telefónico,cliente3194@hotmail.com,+54 2254 494654
C4196,Residencial,Pinamar,P03,2022-07-21,,,Referido,cliente3195@gmail.com,2254401179
C4197,Residencial,Pinamar,P02,2020-12-22,,,Referido,cliente3196@hotmail.com,2254445229
C4198,Residencial,Mar de Ostende,P02,2017-05-31,2025-04-23,Fin de temporada,Referido,cliente3197@hotmail.com,+54 2254 461786
C4199,Residencial,Cariló,P02,2023-04-09,,,Telefónico,cliente3198@hotmail.com,+54 2254 447260
C4200,Residencial,Pinamar,P03,2020-05-26,,,Vendedor,cliente3199@gmail.com,+54 2254 490470
C4201,Residencial,Ostende,P01,2024-01-10,,,Telefónico,cliente3200@hotmail.com,2254471185
C4202,Residencial,Ostende,P02,2021-05-23,,,Sucursal,cliente3201@hotmail.com,2254431370
C4203,Residencial,Pinamar,P02,2022-11-14,2024-10-04,Sin motivo declarado,Vendedor,cliente3202@yahoo.com.ar,2254477903
C4204,Residencial,Valeria del Mar,P01,2021-05-19,,,Sucursal,cliente3203@yahoo.com.ar,2254420433
C4205,Residencial,Valeria del Mar,P01,2022-08-25,,,Telefónico,cliente3204@gmail.com,2254496733
C4206,Residencial,pinamar,P01,2022-10-04,,,Telefónico,,02254-493832
C4207,Residencial,Pinamar,P03,2010-10-20,,,Sucursal,cliente3206@yahoo.com.ar,2254450707
C4208,Residencial,Ostende,P01,2023-01-07,2026-01-30,Disconformidad con el servicio,Sucursal,cliente3207@gmail.com,+54 2254 491869
C4209,Residencial,Mar de Ostende,P03,2020-05-17,,,Sucursal,cliente3208@telpin.com.ar,+54 2254 448669
C4210,Comercial,Mar de Ostende,P05,2021-02-12,,,Sucursal,cliente3209@yahoo.com.ar,2254406991
C4211,RESIDENCIAL,Pinamar,P01,2023-02-19,2025-03-25,Se muda,Sucursal,cliente3210@gmail.com,2254469895
C4212,Residencial,Pinamar,P03,2023-03-30,,,Sucursal,cliente3211@hotmail.com,+54 2254 485291
C4213,RESIDENCIAL,general madariaga,P04,2023-07-11,,,Telefónico,cliente3212@gmail.com,+54 2254 446381
C4214,Residencial,Mar de Ostende,P01,2021-01-21,2025-04-10,Precio,Vendedor,cliente3213@hotmail.com,2254467340
C4215,Comercial,General Madariaga,P06,2022-05-27,,,Sucursal,cliente3214@gmail.com,2254410131
C4216,RESIDENCIAL,Pinamar,P02,2021-07-30,,,Telefónico,cliente3215@gmail.com,+54 2254 426111
C4217,Residencial,Pinamar,P02,2022-01-30,,,Vendedor,cliente3216@hotmail.com,2254492845
C4218,Residencial,Cariló,P03,2016-09-29,,,Vendedor,cliente3217@telpin.com.ar,+54 2254 421013
C4219,Residencial,Valeria del Mar,P03,2017-03-04,,,Telefónico,cliente3218@gmail.com,2254439875
C4220,Residencial,CARILÓ,P01,2019-01-13,,,Vendedor,cliente3219@telpin.com.ar,+54 2254 420780
C4221,Residencial,Ostende,P01,2023-03-20,,,Web,cliente3220@telpin.com.ar,
C4222,Residencial,Valeria del Mar,P05,2023-11-10,,,Vendedor,cliente3221@telpin.com.ar,02254-470170
C4223,Residencial,Pinamar,P01,2023-06-09,,,Sucursal,cliente3222@hotmail.com,02254-405060
C4224,Residencial,Mar de Ostende,P02,2020-06-24,,,Telefónico,cliente3223@gmail.com,02254-406172
C4225,RESIDENCIAL,Valeria del Mar,P01,2023-11-22,2025-11-14,Sin motivo declarado,Sucursal,cliente3224@telpin.com.ar,2254415397
C4226,Residencial,Pinamar,P05,2023-06-18,,,Web,cliente3225@hotmail.com,+54 2254 433866
C4227,Residencial,Pinamar,P05,2019-11-27,,,Web,cliente3226@hotmail.com,+54 2254 434733
C4228,RESIDENCIAL,Pinamar,P01,2023-07-27,,,Web,cliente3227@telpin.com.ar,+54 2254 491436
C4229,Residencial,Cariló,P01,2020-02-21,,,Sucursal,cliente3228@gmail.com,+54 2254 410047
C4230,Residencial,Valeria del Mar,P03,2022-09-04,,,Web,cliente3229@yahoo.com.ar,2254488186
C4231,Residencial,Cariló,P03,2021-07-02,,,Sucursal,cliente3230@gmail.com,02254-407627
C4232,comercial,Pinamar,P06,2022-10-27,,,Vendedor,cliente3231@telpin.com.ar,2254490156
C4233,residencial,Mar de Ostende,P03,2022-08-08,,,Telefónico,cliente3232@gmail.com,2254490550
C4234,Residencial,Ostende,P02,2015-05-09,2025-06-28,Competencia,Web,cliente3233@telpin.com.ar,02254-436401
C4235,COMERCIAL,Ostende,P06,2023-07-28,2026-02-27,Competencia,Telefónico,cliente3234@hotmail.com,+54 2254 415827
C4236,Residencial,Valeria del Mar,P03,2018-12-24,2024-11-02,Fin de temporada,Sucursal,cliente3235@gmail.com,02254-481091
C4237,residencial,Cariló,P04,2022-10-01,2024-12-23,Se muda,Web,cliente3236@gmail.com,+54 2254 484641
C4238,Residencial,Pinamar,P03,2021-12-23,,,Telefónico,cliente3237@gmail.com,02254-440406
C4239,Residencial,Cariló,P03,2021-07-17,,,Sucursal,cliente3238@gmail.com,02254-421368
C4240,Residencial,Pinamar,P02,2023-03-03,,,Telefónico,cliente3239@gmail.com,
C4241,Residencial,General Madariaga,P01,2021-12-16,2025-12-28,Precio,Telefónico,cliente3240@hotmail.com,02254-492724
C4242,Residencial,Pinamar,P02,2022-10-31,,,Sucursal,cliente3241@hotmail.com,02254-491587
C4243,Residencial,Pinamar,P02,2019-09-30,2025-03-01,Se muda,Sucursal,cliente3242@hotmail.com,
C4244,Residencial,  Ostende ,P02,2021-12-20,,,Sucursal,cliente3243@gmail.com,+54 2254 420532
C4245,Residencial,Pinamar,P02,2023-09-23,,,Sucursal,cliente3244@gmail.com,+54 2254 462713
C4246,Residencial,Valeria del Mar,P01,2017-12-17,,,Vendedor,cliente3245@hotmail.com,
C4247,comercial,Valeria del Mar,P05,2023-08-14,,,Sucursal,cliente3246@gmail.com,2254418965
C4248,residencial,Valeria del Mar,P02,2021-09-30,,,Sucursal,,+54 2254 430090
C4249,comercial,Valeria del Mar,P05,2020-07-09,,,Sucursal,cliente3248@gmail.com,2254420051
C4250,Residencial,pinamar,P03,2022-09-19,,,Telefónico,cliente3249@gmail.com,
C4251,RESIDENCIAL,Pinamar,P01,2023-01-20,,,Referido,cliente3250@gmail.com,+54 2254 449537
C4252,Residencial,Pinamar,P03,2023-12-28,,,Sucursal,cliente3251@gmail.com,
C4253,Residencial,pinamar,P01,2022-07-13,,,Sucursal,cliente3252@hotmail.com,02254-412498
C4254,Comercial,Valeria del Mar,P06,2023-05-22,,,Web,cliente3253@gmail.com,02254-458645
C4255,Residencial,Pinamar,P01,2023-01-08,2025-04-11,Falta de pago,Telefónico,cliente3254@gmail.com,2254422912
C4256,Residencial,Carilo,P02,2022-06-21,2025-12-14,Competencia,Sucursal,cliente3255@hotmail.com,2254455545
C4257,Residencial,Ostende,P02,2023-08-02,,,Web,cliente3256@gmail.com,
C4258,Residencial,Ostende,P01,2022-08-28,2026-01-07,Falta de pago,Sucursal,cliente3257@telpin.com.ar,2254455315
C4259,Residencial,Ostende,P05,2023-07-29,,,Referido,cliente3258@yahoo.com.ar,02254-450665
C4260,Residencial,Ostende,P02,2022-12-05,,,Vendedor,cliente3259@hotmail.com,02254-455565
C4261,Residencial,Pinamar,P02,2020-10-08,,,Vendedor,cliente3260@gmail.com,2254494358
C4262,Comercial,Pinamar,P06,2022-01-11,2024-10-02,Falta de pago,Web,cliente3261@gmail.com,+54 2254 403503
C4263,Residencial,Ostende,P05,2016-02-06,,,Sucursal,cliente3262@hotmail.com,+54 2254 432585
C4264,Residencial,Cariló,P01,2023-10-21,2024-12-04,Precio,Vendedor,cliente3263@gmail.com,2254452149
C4265,Residencial,Cariló,P01,2023-11-07,2025-10-21,Fin de temporada,Web,cliente3264@telpin.com.ar,
C4266,RESIDENCIAL,Pinamar,P01,2016-09-26,,,Sucursal,,2254411757
C4267,Residencial,  Pinamar ,P02,2023-09-07,2025-11-17,Se muda,Telefónico,cliente3266@yahoo.com.ar,02254-498374
C4268,Residencial,Pinamar,P03,2023-05-02,,,Web,cliente3267@telpin.com.ar,
C4269,Residencial,Valeria del Mar,P03,2022-04-23,2025-03-15,Se muda,Telefónico,cliente3268@telpin.com.ar,02254-413948
C4270,Residencial,Pinamar,P05,2022-09-14,2025-04-01,Precio,Sucursal,cliente3269@gmail.com,+54 2254 480888
C4271,COMERCIAL,Cariló,P06,2021-12-30,,,Referido,cliente3270@telpin.com.ar,02254-475559
C4272,Residencial,Pinamar,P01,2019-04-03,,,Web,cliente3271@gmail.com,+54 2254 460434
C4273,RESIDENCIAL,Mar de Ostende,P01,2022-03-26,,,Vendedor,cliente3272@gmail.com,
C4274,Comercial,Mar de Ostende,P06,2021-01-17,,,Sucursal,cliente3273@hotmail.com,+54 2254 420913
C4275,Residencial,Valeria del Mar,P01,2021-01-22,,,Telefónico,,
C4276,Residencial,General Madariaga,P01,2023-10-29,,,Vendedor,cliente3275@hotmail.com,
C4277,Residencial,Pinamar,P03,2019-05-03,,,Web,cliente3276@hotmail.com,2254489755
C4278,Comercial,Pinamar,P06,2022-06-19,,,Sucursal,cliente3277@hotmail.com,02254-493745
C4279,Residencial,Pinamar,P02,2021-10-08,2026-04-26,Disconformidad con el servicio,Telefónico,cliente3278@gmail.com,+54 2254 490618
C4280,Residencial,Pinamar,P02,2020-03-31,,,Sucursal,cliente3279@gmail.com,
C4281,residencial,VALERIA DEL MAR,P01,2022-11-01,2025-03-26,Fin de temporada,Telefónico,cliente3280@gmail.com,+54 2254 484892
C4282,RESIDENCIAL,Ostende,P02,2022-12-25,,,Sucursal,cliente3281@hotmail.com,+54 2254 472446
C4283,RESIDENCIAL,Cariló,P02,2019-10-19,,,Vendedor,cliente3282@gmail.com,+54 2254 485969
C4284,Residencial,General Madariaga,P03,2021-12-15,2025-10-27,Se muda,Telefónico,cliente3283@gmail.com,02254-465370
C4285,Comercial,ostende,P06,2022-12-01,,,Sucursal,cliente3284@hotmail.com,02254-484450
C4286,Residencial,General Madariaga,P04,2022-11-29,2026-03-09,Sin motivo declarado,Telefónico,cliente3285@gmail.com,2254410671
C4287,Residencial,Pinamar,P02,2022-02-21,,,Sucursal,cliente3286@telpin.com.ar,+54 2254 488781
C4288,Residencial,Valeria del Mar,P05,2024-02-09,,,Sucursal,cliente3287@gmail.com,02254-483308
C4289,Residencial,Valeria del Mar,P04,2022-04-22,,,Sucursal,cliente3288@hotmail.com,
C4290,Residencial,Pinamar,P02,2020-02-27,,,Web,cliente3289@hotmail.com,+54 2254 474154
C4291,residencial,General Madariaga,P01,2021-10-15,,,Referido,cliente3290@gmail.com,02254-479073
C4292,Residencial,Mar de Ostende,P02,2023-02-08,,,Referido,cliente3291@gmail.com,02254-424795
C4293,Comercial,General Madariaga,P06,2022-05-09,,,Referido,cliente3292@yahoo.com.ar,+54 2254 459535
C4294,Residencial,Pinamar,P04,2023-10-07,,,Referido,cliente3293@gmail.com,2254410166
C4295,Comercial,Ostende,P05,2017-11-05,,,Sucursal,cliente3294@gmail.com,02254-477853
C4296,Residencial,Pinamar,P04,2019-06-23,,,Web,cliente3295@gmail.com,+54 2254 453362
C4297,Residencial,Valeria del Mar,P02,2022-06-21,,,Sucursal,cliente3296@hotmail.com,+54 2254 454583
C4298,Residencial,Valeria del Mar,P01,2022-11-15,2025-11-06,Precio,Sucursal,cliente3297@gmail.com,
C4299,Residencial,Cariló,P01,2021-09-11,,,Sucursal,cliente3298@gmail.com,+54 2254 440719
C4300,comercial,PINAMAR,P06,2023-03-21,,,Vendedor,cliente3299@yahoo.com.ar,2254467266
C4301,RESIDENCIAL,Ostende,P01,2023-07-12,,,Telefónico,cliente3300@hotmail.com,+54 2254 450239
C4302,Residencial,Cariló,P01,2017-12-27,,,Sucursal,cliente3301@telpin.com.ar,+54 2254 451340
C4303,Residencial,general madariaga,P02,2020-01-10,,,Vendedor,cliente3302@telpin.com.ar,02254-436872
C4304,Residencial,mar de ostende,P05,2021-11-17,2026-07-01,Fin de temporada,Sucursal,,02254-417525
C4305,Residencial,Valeria del Mar,P03,2022-12-28,,,Vendedor,cliente3304@hotmail.com,+54 2254 451467
C4306,Residencial,Ostende,P02,2023-09-04,,,Telefónico,cliente3305@gmail.com,2254405206
C4307,Residencial,Pinamar,P01,2022-04-23,,,Web,,
C4308,Residencial,Mar de Ostende,P01,2022-11-08,,,Telefónico,cliente3307@hotmail.com,+54 2254 459784
C4309,Residencial,Cariló,P01,2021-05-30,,,Telefónico,cliente3308@hotmail.com,02254-465738
C4310,Residencial,Ostende,P04,2020-07-13,,,Telefónico,cliente3309@hotmail.com,+54 2254 444606
C4311,Residencial,Pinamar,P01,2023-06-03,,,Sucursal,cliente3310@hotmail.com,
C4312,Residencial,Ostende,P03,2023-08-28,2024-11-23,Disconformidad con el servicio,Web,,
C4313,RESIDENCIAL,Ostende,P02,2022-08-03,2025-01-16,Precio,Vendedor,cliente3312@gmail.com,2254496416
C4314,Residencial,Pinamar,P01,2019-10-30,,,Sucursal,cliente3313@hotmail.com,02254-453774
C4315,Residencial,  General Madariaga ,P03,2021-11-04,2025-03-31,Se muda,Web,cliente3314@hotmail.com,
C4316,Residencial,Valeria del Mar,P01,2024-01-17,,,Referido,cliente3315@hotmail.com,02254-464070
C4317,Residencial,Pinamar,P05,2022-07-18,,,Telefónico,cliente3316@gmail.com,02254-444786
C4318,Comercial,Mar de Ostende,P06,2021-04-12,,,Referido,,
C4319,RESIDENCIAL,valeria del mar,P02,2021-10-13,2026-05-04,Se muda,Sucursal,cliente3318@gmail.com,2254409007
C4320,Residencial,Pinamar,P02,2022-06-04,,,Telefónico,cliente3319@hotmail.com,+54 2254 419460
C4321,Residencial,Mar de Ostende,P03,2022-03-29,,,Sucursal,cliente3320@hotmail.com,02254-410574
C4322,Residencial,Cariló,P02,2022-06-25,,,Telefónico,cliente3321@hotmail.com,02254-465387
C4323,Residencial,Pinamar,P02,2019-07-22,2025-12-16,Sin motivo declarado,Sucursal,cliente3322@gmail.com,02254-423674
C4324,Residencial,CARILÓ,P02,2022-12-17,,,Referido,cliente3323@telpin.com.ar,02254-406703
C4325,Residencial,Ostende,P03,2024-03-18,,,Vendedor,cliente3324@hotmail.com,
C4326,Residencial,General Madariaga,P01,2023-08-08,2024-09-04,Precio,Telefónico,cliente3325@gmail.com,+54 2254 444952
C4327,RESIDENCIAL,Pinamar,P02,2021-01-09,,,Web,cliente3326@hotmail.com,02254-465401
C4328,Residencial,Ostende,P02,2022-07-21,,,Sucursal,,2254431435
C4329,Comercial,valeria del mar,P06,2023-12-21,,,Vendedor,cliente3328@gmail.com,02254-454114
C4330,Residencial,Pinamar,P02,2016-07-27,,,Vendedor,cliente3329@telpin.com.ar,02254-487774
C4331,Residencial,Ostende,P02,2022-12-27,,,Sucursal,cliente3330@hotmail.com,+54 2254 424640
C4332,Residencial,Pinamar,P03,2018-03-26,,,Vendedor,cliente3331@gmail.com,+54 2254 417555
C4333,Residencial,Pinamar,P02,2017-08-29,,,Referido,cliente3332@hotmail.com,+54 2254 424673
C4334,Residencial,PINAMAR,P05,2023-03-22,2026-01-14,Disconformidad con el servicio,Referido,cliente3333@hotmail.com,02254-425892
C4335,Residencial,Pinamar,P02,2023-08-08,,,Vendedor,cliente3334@gmail.com,2254475196
C4336,Residencial,Ostende,P03,2019-09-22,,,Telefónico,cliente3335@gmail.com,02254-423297
C4337,Residencial,Pinamar,P01,2017-11-27,,,Sucursal,cliente3336@gmail.com,02254-435809
C4338,COMERCIAL,Cariló,P06,2019-09-04,,,Sucursal,,+54 2254 425739
C4339,Residencial,Cariló,P03,2023-12-10,2025-04-07,Precio,Web,cliente3338@hotmail.com,02254-482294
C4340,Comercial,Pinamar,P05,2023-11-07,,,Telefónico,cliente3339@gmail.com,02254-442863
C4341,RESIDENCIAL,Ostende,P03,2023-01-10,,,Referido,cliente3340@telpin.com.ar,2254444645
C4342,Comercial,Pinamar,P06,2024-02-03,2026-03-29,Precio,Sucursal,,2254413649
C4343,Residencial,PINAMAR,P02,2023-02-25,2025-06-04,Sin motivo declarado,Sucursal,cliente3342@hotmail.com,2254490322
C4344,Residencial,Ostende,P05,2020-02-27,,,Telefónico,cliente3343@hotmail.com,2254498695
C4345,Residencial,Ostende,P02,2019-02-23,,,Telefónico,cliente3344@gmail.com,02254-413430
C4346,Residencial,Cariló,P03,2022-10-31,,,Vendedor,cliente3345@telpin.com.ar,+54 2254 466188
C4347,COMERCIAL,MAR DE OSTENDE,P06,2022-09-04,2025-03-04,Sin motivo declarado,Referido,cliente3346@gmail.com,+54 2254 496515
C4348,Residencial,Valeria del Mar,P01,2022-11-25,,,Sucursal,cliente3347@gmail.com,2254455246
C4349,Residencial,General Madariaga,P01,2016-06-22,2024-11-15,Disconformidad con el servicio,Sucursal,,2254428343
C4350,Residencial,Cariló,P03,2022-10-11,,,Sucursal,,2254420607
C4351,Residencial,Mar de Ostende,P02,2022-07-20,,,Sucursal,cliente3350@gmail.com,02254-415040
C4352,Residencial,Ostende,P03,2021-10-18,,,Web,,
C4353,RESIDENCIAL,Pinamar,P02,2024-03-27,,,Vendedor,,02254-415121
C4354,Comercial,Ostende,P06,2023-01-03,,,Sucursal,cliente3353@hotmail.com,02254-457114
C4355,Residencial,cariló,P01,2020-06-28,2025-04-14,Fin de temporada,Sucursal,cliente3354@telpin.com.ar,2254440831
C4356,residencial,Pinamar,P05,2022-01-08,,,Vendedor,cliente3355@gmail.com,02254-444312
C4357,Comercial,Pinamar,P06,2022-05-31,,,Sucursal,cliente3356@gmail.com,2254463458
C4358,Residencial,Mar de Ostende,P01,2023-07-26,2025-04-07,Fin de temporada,Telefónico,cliente3357@gmail.com,02254-421352
C4359,Residencial,Valeria del Mar,P05,2018-01-12,,,Sucursal,cliente3358@gmail.com,02254-481383
C4360,Residencial,General Madariaga,P02,2018-08-25,,,Sucursal,cliente3359@gmail.com,2254414509
C4361,Residencial,Pinamar,P03,2024-03-23,,,Sucursal,cliente3360@hotmail.com,2254498736
C4362,Residencial,Pinamar,P01,2022-04-07,2026-04-11,Precio,Web,cliente3361@gmail.com,2254442883
C4363,Residencial,Pinamar,P02,2022-03-08,,,Sucursal,cliente3362@gmail.com,02254-431830
C4364,Comercial,Ostende,P06,2023-10-25,,,Telefónico,cliente3363@gmail.com,02254-482264
C4365,Residencial,Valeria del Mar,P04,2023-03-17,,,Referido,cliente3364@yahoo.com.ar,
C4366,Residencial,Valeria del Mar,P02,2018-09-14,,,Telefónico,,+54 2254 411581
C4367,Residencial,Pinamar,P02,2022-08-24,,,Sucursal,cliente3366@gmail.com,2254469784
C4368,Residencial,Mar de Ostende,P01,2021-12-22,2025-07-16,Competencia,Telefónico,cliente3367@hotmail.com,2254411404
C4369,Residencial,Ostende,P03,2021-04-02,2026-01-08,Se muda,Sucursal,,02254-407961
C4370,Residencial,Ostende,P04,2023-06-24,,,Vendedor,cliente3369@hotmail.com,02254-460439
C4371,Residencial,Ostende,P01,2022-05-09,,,Referido,cliente3370@hotmail.com,02254-497092
C4372,Comercial,Valeria del Mar,P06,2022-02-23,,,Telefónico,cliente3371@gmail.com,2254402165
C4373,Residencial,Pinamar,P05,2023-05-29,,,Web,,+54 2254 446128
C4374,Residencial,General Madariaga,P02,2019-04-03,,,Sucursal,,02254-415638
C4375,Residencial,General Madariaga,P04,2021-08-06,,,Web,cliente3374@gmail.com,+54 2254 496749
C4376,Comercial,General Madariaga,P06,2021-08-01,,,Referido,cliente3375@hotmail.com,+54 2254 468226
C4377,Residencial,Pinamar,P01,2021-08-24,,,Sucursal,cliente3376@gmail.com,2254462705
C4378,Residencial,PINAMAR,P02,2021-10-12,2025-07-20,Precio,Web,cliente3377@telpin.com.ar,2254499804
C4379,Residencial,Valeria del Mar,P03,2020-11-24,2024-08-07,Fin de temporada,Referido,cliente3378@hotmail.com,+54 2254 491068
C4380,Residencial,Mar de Ostende,P03,2021-10-22,,,Vendedor,cliente3379@gmail.com,2254452141
C4381,Residencial,Pinamar,P03,2019-11-24,,,Sucursal,,02254-423263
C4382,residencial,Ostende,P03,2024-05-12,,,Sucursal,cliente3381@telpin.com.ar,2254471681
C4383,Residencial,Pinamar,P05,2023-04-10,,,Web,cliente3382@hotmail.com,02254-416089
C4384,Residencial,Valeria del Mar,P01,2024-01-13,2025-10-30,Falta de pago,Referido,cliente3383@gmail.com,2254438555
C4385,residencial,CARILÓ,P01,2022-09-18,,,Web,cliente3384@yahoo.com.ar,+54 2254 449313
C4386,COMERCIAL,Pinamar,P05,2023-10-09,,,Vendedor,cliente3385@hotmail.com,02254-499929
C4387,Residencial,valeria del mar,P01,2022-02-28,2026-03-13,Precio,Sucursal,cliente3386@hotmail.com,
C4388,RESIDENCIAL,Mar de Ostende,P02,2024-01-01,,,Vendedor,cliente3387@gmail.com,
C4389,Residencial,ostende,P02,2023-10-04,,,Vendedor,cliente3388@hotmail.com,
C4390,Residencial,Pinamar,P02,2017-11-03,2026-03-25,Precio,Referido,cliente3389@yahoo.com.ar,+54 2254 456409
C4391,Residencial,Pinamar,P01,2022-02-12,,,Telefónico,,+54 2254 461490
C4392,Residencial,Pinamar,P01,2020-08-27,,,Sucursal,cliente3391@hotmail.com,02254-460075
C4393,Residencial,Pinamar,P01,2018-09-20,,,Telefónico,cliente3392@gmail.com,2254423267
C4394,Comercial,pinamar,P06,2023-06-26,2025-09-02,Disconformidad con el servicio,Referido,,+54 2254 450538
C4395,Residencial,Ostende,P02,2019-04-21,,,Sucursal,cliente3394@gmail.com,+54 2254 492301
C4396,Residencial,Mar de Ostende,P03,2023-12-05,2024-11-30,Falta de pago,Sucursal,cliente3395@telpin.com.ar,02254-412466
C4397,Residencial,Cariló,P01,2022-08-30,,,Vendedor,cliente3396@hotmail.com,02254-473193
C4398,Residencial,Pinamar,P01,2023-12-23,,,Sucursal,cliente3397@gmail.com,2254483627
C4399,Residencial,Ostende,P03,2023-01-23,,,Vendedor,cliente3398@hotmail.com,+54 2254 424154
C4400,Residencial,Pinamar,P02,2022-06-02,2024-12-01,Falta de pago,Web,cliente3399@hotmail.com,2254434572
C4401,Residencial,Valeria del Mar,P01,2023-05-10,,,Web,,02254-411080
C4402,Residencial,CARILÓ,P01,2023-04-13,,,Sucursal,cliente3401@telpin.com.ar,02254-460741
C4403,Residencial,Mar de Ostende,P03,2021-02-17,2025-04-12,Fin de temporada,Web,cliente3402@gmail.com,+54 2254 479983
C4404,Residencial,Valeria del Mar,P02,2023-03-20,,,Referido,cliente3403@gmail.com,02254-448647
C4405,Residencial,Pinamar,P02,2024-02-04,,,Sucursal,cliente3404@gmail.com,02254-484440
C4406,Residencial,Pinamar,P04,2024-02-26,,,Sucursal,cliente3405@gmail.com,02254-407432
C4407,Residencial,Mar de Ostende,P01,2016-03-19,2026-04-13,Disconformidad con el servicio,Vendedor,,+54 2254 489491
C4408,RESIDENCIAL,Valeria del Mar,P01,2023-01-30,,,Web,cliente3407@hotmail.com,2254432566
C4409,Residencial,Mar de Ostende,P04,2021-01-12,2026-07-06,Precio,Sucursal,cliente3408@yahoo.com.ar,+54 2254 446157
C4410,Residencial,Pinamar,P02,2020-07-03,2024-12-10,Competencia,Sucursal,cliente3409@gmail.com,
C4411,Residencial,Pinamar,P04,2023-01-29,2025-09-16,Precio,Referido,cliente3410@gmail.com,+54 2254 446353
C4412,residencial,Mar de Ostende,P03,2022-07-21,,,Web,cliente3411@yahoo.com.ar,02254-438576
C4413,Residencial,Pinamar,P04,2022-04-23,,,Sucursal,cliente3412@yahoo.com.ar,2254442402
C4414,Residencial,general madariaga,P02,2020-08-24,,,Web,cliente3413@gmail.com,2254422170
C4415,Residencial,Pinamar,P05,2022-09-12,,,Vendedor,cliente3414@gmail.com,+54 2254 444169
C4416,Residencial,Pinamar,P03,2020-01-14,,,Web,,2254477162
C4417,Residencial,pinamar,P02,2019-12-18,,,Referido,cliente3416@gmail.com,02254-430930
C4418,Residencial,Mar de Ostende,P02,2023-02-10,,,Referido,cliente3417@hotmail.com,+54 2254 477630
C4419,RESIDENCIAL,Valeria del Mar,P01,2020-07-05,,,Sucursal,cliente3418@gmail.com,+54 2254 452500
C4420,Residencial,General Madariaga,P02,2024-02-20,2026-04-23,Sin motivo declarado,Referido,cliente3419@yahoo.com.ar,+54 2254 461567
C4421,residencial,Ostende,P03,2021-08-08,,,Telefónico,cliente3420@gmail.com,+54 2254 419314
C4422,residencial,Pinamar,P01,2021-03-04,2024-08-16,Precio,Referido,cliente3421@gmail.com,+54 2254 453776
C4423,Residencial,Mar de Ostende,P01,2022-12-18,,,Telefónico,,
C4424,Residencial,General Madariaga,P02,2022-08-12,,,Referido,cliente3423@telpin.com.ar,2254443798
C4425,Residencial,Pinamar,P04,2020-07-19,2025-11-28,Precio,Sucursal,cliente3424@gmail.com,
C4426,Residencial,Ostende,P03,2021-12-24,,,Telefónico,cliente3425@hotmail.com,+54 2254 474351
C4427,Residencial,Pinamar,P03,2023-05-15,,,Vendedor,,
C4428,Residencial,Pinamar,P02,2022-02-25,,,Telefónico,cliente3427@gmail.com,02254-433663
C4429,residencial,Pinamar,P01,2022-11-03,,,Sucursal,cliente3428@hotmail.com,2254463575
C4430,Residencial,PINAMAR,P04,2023-01-18,2025-02-17,Disconformidad con el servicio,Vendedor,cliente3429@yahoo.com.ar,+54 2254 470483
C4431,Residencial,Valeria del Mar,P04,2023-08-22,,,Referido,cliente3430@yahoo.com.ar,02254-459803
C4432,Residencial,Pinamar,P01,2023-01-05,,,Sucursal,cliente3431@gmail.com,2254481836
C4433,Residencial,Pinamar,P01,2023-12-28,,,Web,cliente3432@hotmail.com,2254429889
C4434,Residencial,Ostende,P02,2023-10-06,,,Sucursal,cliente3433@gmail.com,+54 2254 418766
C4435,Residencial,Valeria del Mar,P01,2020-08-10,,,Sucursal,cliente3434@gmail.com,
C4436,Residencial,  Pinamar ,P02,2021-06-28,,,Telefónico,cliente3435@gmail.com,+54 2254 408333
C4437,Residencial,General Madariaga,P04,2023-03-31,2024-08-17,Se muda,Referido,cliente3436@gmail.com,2254420507
C4438,Residencial,Ostende,P03,2024-04-10,,,Sucursal,cliente3437@yahoo.com.ar,+54 2254 401369
C4439,Residencial,General Madariaga,P01,2020-12-14,,,Telefónico,cliente3438@hotmail.com,+54 2254 446331
C4440,Residencial,Mar de Ostende,P01,2021-11-19,2025-07-05,Competencia,Vendedor,cliente3439@gmail.com,2254457619
C4441,Residencial,Valeria del Mar,P01,2018-09-19,,,Telefónico,cliente3440@gmail.com,
C4442,RESIDENCIAL,ostende,P01,2022-06-11,,,Web,,+54 2254 431312
C4443,Residencial,Pinamar,P02,2021-11-17,,,Web,cliente3442@gmail.com,02254-408523
C4444,Residencial,Valeria del Mar,P03,2023-05-20,,,Web,cliente3443@telpin.com.ar,2254471746
C4445,Comercial,Pinamar,P06,2019-04-20,,,Vendedor,cliente3444@gmail.com,2254412591
C4446,Residencial,Pinamar,P01,2023-01-09,,,Vendedor,cliente3445@gmail.com,2254405140
C4447,Residencial,Ostende,P04,2022-06-08,2025-06-23,Competencia,Telefónico,cliente3446@gmail.com,02254-405906
C4448,Comercial,Pinamar,P05,2021-05-14,,,Web,cliente3447@yahoo.com.ar,2254461274
C4449,Comercial,Pinamar,P06,2020-10-28,,,Sucursal,cliente3448@gmail.com,02254-496844
C4450,Comercial,CARILÓ,P06,2022-03-08,,,Web,cliente3449@gmail.com,+54 2254 495646
C4451,Residencial,Ostende,P03,2016-03-16,,,Sucursal,cliente3450@gmail.com,+54 2254 484975
C4452,Residencial,Mar de Ostende,P03,2022-07-03,,,Sucursal,cliente3451@hotmail.com,+54 2254 402400
C4453,Residencial,Ostende,P01,2020-01-09,,,Referido,cliente3452@yahoo.com.ar,
C4454,Residencial,Valeria del Mar,P02,2023-08-10,,,Sucursal,cliente3453@gmail.com,+54 2254 411614
C4455,Residencial,Pinamar,P05,2022-03-27,,,Referido,cliente3454@gmail.com,2254458527
C4456,Residencial,Ostende,P03,2018-10-11,2026-02-17,Competencia,Sucursal,cliente3455@hotmail.com,+54 2254 491119
C4457,Residencial,Cariló,P02,2021-01-19,,,Sucursal,cliente3456@gmail.com,02254-434457
C4458,Residencial,cariló,P02,2019-11-01,2025-01-31,Fin de temporada,Web,cliente3457@gmail.com,02254-477823
C4459,RESIDENCIAL,Valeria del Mar,P01,2019-03-24,2026-03-04,Se muda,Referido,cliente3458@hotmail.com,
C4460,Comercial,Pinamar,P06,2021-01-22,,,Web,cliente3459@gmail.com,02254-475184
C4461,Residencial,General Madariaga,P01,2023-09-19,,,Referido,cliente3460@hotmail.com,
C4462,Residencial,Cariló,P01,2023-12-17,2026-04-07,Fin de temporada,Vendedor,cliente3461@telpin.com.ar,2254474966
C4463,Residencial,Valeria del Mar,P03,2023-03-26,,,Web,cliente3462@gmail.com,+54 2254 454189
C4464,Residencial,Pinamar,P03,2021-06-07,2024-11-02,Falta de pago,Sucursal,cliente3463@gmail.com,2254412839
C4465,Residencial,Pinamar,P01,2017-11-01,,,Telefónico,cliente3464@hotmail.com,02254-446612
C4466,Residencial,Pinamar,P04,2020-02-11,2026-02-25,Falta de pago,Vendedor,cliente3465@gmail.com,+54 2254 474801
C4467,Residencial,Pinamar,P03,2023-02-06,,,Web,cliente3466@hotmail.com,02254-414334
C4468,Residencial,Cariló,P05,2022-12-21,,,Web,cliente3467@gmail.com,2254414575
C4469,Residencial,Mar de Ostende,P01,2019-03-30,,,Web,cliente3468@hotmail.com,02254-473859
C4470,Residencial,Pinamar,P03,2023-07-31,,,Web,,+54 2254 475767
C4471,Residencial,Ostende,P01,2023-12-11,,,Web,cliente3470@hotmail.com,02254-425954
C4472,Residencial,pinamar,P02,2019-09-17,,,Sucursal,cliente3471@gmail.com,+54 2254 456330
C4473,Residencial,Pinamar,P01,2022-11-12,,,Referido,cliente3472@telpin.com.ar,
C4474,Residencial,Ostende,P03,2017-09-16,,,Telefónico,cliente3473@yahoo.com.ar,
C4475,RESIDENCIAL,Valeria del Mar,P03,2023-10-04,2025-07-18,Sin motivo declarado,Web,cliente3474@hotmail.com,02254-489684
C4476,Residencial,Valeria del Mar,P02,2024-01-04,,,Telefónico,cliente3475@gmail.com,2254415339
C4477,Residencial,pinamar,P01,2019-06-07,2026-01-07,Sin motivo declarado,Sucursal,cliente3476@gmail.com,2254484581
C4478,Residencial,Pinamar,P04,2020-08-05,,,Sucursal,cliente3477@gmail.com,2254471583
C4479,comercial,Valeria del Mar,P05,2022-11-11,2026-04-09,Falta de pago,Referido,cliente3478@hotmail.com,02254-459582
C4480,Residencial,Pinamar,P02,2018-03-26,,,Sucursal,cliente3479@gmail.com,+54 2254 484930
C4481,RESIDENCIAL,pinamar,P02,2023-02-11,,,Referido,cliente3480@gmail.com,02254-475110
C4482,residencial,Ostende,P02,2023-02-04,,,Telefónico,cliente3481@hotmail.com,02254-469821
C4483,Residencial,Cariló,P03,2019-11-04,,,Referido,cliente3482@gmail.com,02254-428367
C4484,Residencial,Pinamar,P01,2016-10-21,,,Vendedor,cliente3483@hotmail.com,2254492920
C4485,Residencial,Ostende,P02,2023-04-06,,,Telefónico,cliente3484@gmail.com,2254472935
C4486,Residencial,Valeria del Mar,P01,2021-07-15,2025-04-06,Falta de pago,Telefónico,,2254449032
C4487,Residencial,Pinamar,P02,2020-12-22,,,Web,cliente3486@gmail.com,02254-475023
C4488,Residencial,Ostende,P02,2023-02-22,,,Sucursal,,
C4489,Residencial,Valeria del Mar,P01,2023-01-29,,,Telefónico,cliente3488@gmail.com,02254-414737
C4490,Residencial,Cariló,P05,2019-10-24,,,Referido,cliente3489@gmail.com,02254-441506
C4491,Residencial,Pinamar,P05,2018-10-01,,,Referido,cliente3490@gmail.com,02254-440974
C4492,Residencial,Valeria del Mar,P03,2023-09-19,,,Referido,cliente3491@hotmail.com,02254-407780
C4493,Residencial,Valeria del Mar,P05,2020-10-25,,,Telefónico,cliente3492@hotmail.com,02254-412917
C4494,Residencial,Mar de Ostende,P02,2022-10-11,,,Sucursal,cliente3493@gmail.com,02254-405545
C4495,Residencial,Valeria del Mar,P05,2022-06-27,2026-03-24,Sin motivo declarado,Sucursal,cliente3494@hotmail.com,02254-409604
C4496,Residencial,Pinamar,P02,2020-10-12,,,Vendedor,cliente3495@telpin.com.ar,2254444165
C4497,Residencial,Valeria del Mar,P02,2024-04-21,,,Web,cliente3496@hotmail.com,+54 2254 482202
C4498,Residencial,Valeria del Mar,P02,2023-07-12,,,Referido,cliente3497@gmail.com,+54 2254 437006
C4499,Residencial,Ostende,P02,2020-10-16,,,Web,cliente3498@telpin.com.ar,+54 2254 428520
C4500,residencial,General Madariaga,P01,2023-12-07,,,Web,cliente3499@gmail.com,+54 2254 497154
C4501,Residencial,Valeria del Mar,P05,2024-02-09,2025-06-20,Fin de temporada,Sucursal,,
C4502,residencial,Pinamar,P02,2019-07-22,,,Vendedor,cliente3501@gmail.com,+54 2254 405829
C4503,Residencial,Mar de Ostende,P03,2020-01-23,2025-02-28,Fin de temporada,Vendedor,cliente3502@telpin.com.ar,+54 2254 427806
C4504,Residencial,Pinamar,P02,2024-02-04,,,Telefónico,cliente3503@gmail.com,+54 2254 434635
C4505,Residencial,OSTENDE,P01,2023-07-16,,,Sucursal,cliente3504@telpin.com.ar,
C4506,Residencial,Valeria del Mar,P02,2023-05-14,,,Sucursal,cliente3505@gmail.com,+54 2254 481683
C4507,Residencial,  Pinamar ,P01,2023-12-28,2025-06-16,Competencia,Sucursal,cliente3506@hotmail.com,+54 2254 483320
C4508,Residencial,Pinamar,P04,2024-02-01,,,Vendedor,cliente3507@gmail.com,02254-484317
C4509,Residencial,Valeria del Mar,P04,2021-08-13,2026-04-11,Fin de temporada,Web,cliente3508@yahoo.com.ar,2254427034
C4510,RESIDENCIAL,Pinamar,P02,2022-12-23,2024-09-03,Sin motivo declarado,Referido,cliente3509@gmail.com,2254461559
C4511,Residencial,pinamar,P04,2020-10-06,,,Telefónico,cliente3510@hotmail.com,02254-438403
C4512,Residencial,Pinamar,P03,2023-07-05,,,Sucursal,cliente3511@yahoo.com.ar,2254473073
C4513,Residencial,OSTENDE,P01,2020-10-12,2026-02-10,Competencia,Web,cliente3512@gmail.com,+54 2254 428764
C4514,Residencial,Pinamar,P02,2022-10-24,2025-03-25,Competencia,Telefónico,cliente3513@hotmail.com,
C4515,Residencial,Pinamar,P03,2021-05-24,,,Sucursal,cliente3514@telpin.com.ar,
C4516,Residencial,Ostende,P02,2021-12-19,,,Web,cliente3515@gmail.com,
C4517,Residencial,Pinamar,P05,2018-10-28,,,Vendedor,cliente3516@gmail.com,02254-474086
C4518,Residencial,Pinamar,P02,2019-04-15,,,Web,cliente3517@hotmail.com,2254442054
C4519,Comercial,Pinamar,P06,2022-06-21,,,Telefónico,cliente3518@gmail.com,+54 2254 471613
C4520,Residencial,Ostende,P02,2023-08-16,,,Web,cliente3519@hotmail.com,02254-436855
C4521,Residencial,Mar de Ostende,P02,2018-05-22,,,Web,cliente3520@hotmail.com,2254442576
C4522,Residencial,General Madariaga,P01,2017-08-17,,,Referido,cliente3521@hotmail.com,2254424003
C4523,Residencial,Valeria del Mar,P02,2024-04-14,,,Sucursal,cliente3522@hotmail.com,+54 2254 441596
C4524,Comercial,Valeria del Mar,P06,2019-07-13,,,Sucursal,cliente3523@gmail.com,02254-452002
C4525,Residencial,Pinamar,P02,2023-04-17,,,Telefónico,cliente3524@hotmail.com,02254-434890
C4526,Residencial,Ostende,P01,2017-11-16,,,Sucursal,cliente3525@gmail.com,+54 2254 421029
C4527,Residencial,Cariló,P04,2021-03-09,,,Referido,cliente3526@hotmail.com,2254436609
C4528,Residencial,General Madariaga,P01,2020-04-10,2025-02-25,Competencia,Sucursal,cliente3527@hotmail.com,2254456861
C4529,Residencial,Valeria del Mar,P03,2023-06-29,,,Sucursal,cliente3528@yahoo.com.ar,02254-496473
C4530,Residencial,General Madariaga,P02,2018-04-10,2025-03-15,Falta de pago,Sucursal,cliente3529@telpin.com.ar,+54 2254 429433
C4531,residencial,Mar de Ostende,P05,2021-04-25,2025-04-19,Fin de temporada,Referido,cliente3530@yahoo.com.ar,2254449753
C4532,residencial,Cariló,P01,2021-04-03,,,Telefónico,cliente3531@telpin.com.ar,02254-498636
C4533,Residencial,Pinamar,P01,2019-04-11,2025-09-04,Se muda,Telefónico,cliente3532@hotmail.com,2254403948
C4534,Residencial,Cariló,P05,2023-07-04,2024-12-09,Precio,Sucursal,cliente3533@telpin.com.ar,2254480511
C4535,Residencial,Valeria del Mar,P02,2022-08-27,2026-03-26,Falta de pago,Telefónico,,02254-485493
C4536,Residencial,General Madariaga,P03,2020-11-04,,,Telefónico,,2254480895
C4537,Residencial,valeria del mar,P01,2019-04-05,,,Sucursal,cliente3536@gmail.com,2254406443
C4538,RESIDENCIAL,Valeria del Mar,P03,2022-10-30,,,Sucursal,cliente3537@telpin.com.ar,02254-436420
C4539,Residencial,Pinamar,P02,2023-06-13,2024-09-08,Falta de pago,Telefónico,cliente3538@gmail.com,+54 2254 443431
C4540,residencial,Cariló,P04,2018-07-07,,,Referido,cliente3539@gmail.com,02254-472683
C4541,Comercial,Pinamar,P06,2018-07-09,,,Referido,cliente3540@gmail.com,2254446715
C4542,RESIDENCIAL,Valeria del Mar,P05,2021-04-19,,,Referido,cliente3541@hotmail.com,02254-475927
C4543,Residencial,Valeria del Mar,P02,2019-10-23,,,Referido,cliente3542@hotmail.com,+54 2254 444717
C4544,Residencial,Valeria del Mar,P02,2021-06-15,2026-03-10,Falta de pago,Vendedor,cliente3543@gmail.com,02254-486224
C4545,Residencial,Valeria del Mar,P02,2024-03-10,2025-06-13,Disconformidad con el servicio,Web,cliente3544@hotmail.com,02254-445355
C4546,Residencial,Cariló,P04,2023-05-18,2025-01-20,Disconformidad con el servicio,Sucursal,cliente3545@hotmail.com,02254-413966
C4547,Residencial,Mar de Ostende,P02,2022-10-17,,,Web,cliente3546@gmail.com,02254-413154
C4548,Residencial,General Madariaga,P03,2019-08-14,,,Sucursal,,+54 2254 494826
C4549,Residencial,Pinamar,P03,2019-06-20,,,Web,cliente3548@telpin.com.ar,02254-403634
C4550,Residencial,Mar de Ostende,P01,2021-12-10,,,Referido,cliente3549@gmail.com,02254-473489
C4551,RESIDENCIAL,Pinamar,P02,2023-02-03,,,Sucursal,cliente3550@hotmail.com,2254439876
C4552,Residencial,Pinamar,P03,2023-07-19,,,Vendedor,cliente3551@gmail.com,2254437612
C4553,RESIDENCIAL,Ostende,P01,2021-07-07,,,Sucursal,cliente3552@gmail.com,2254493234
C4554,Comercial,Ostende,P05,2022-12-19,2025-09-28,Sin motivo declarado,Sucursal,cliente3553@hotmail.com,02254-461381
C4555,Residencial,General Madariaga,P05,2023-10-16,,,Telefónico,cliente3554@gmail.com,2254490295
C4556,Residencial,Cariló,P03,2023-06-02,,,Vendedor,cliente3555@gmail.com,02254-437100
C4557,Residencial,Mar de Ostende,P02,2023-04-18,,,Telefónico,cliente3556@telpin.com.ar,02254-432425
C4558,Comercial,Cariló,P06,2021-07-07,,,Vendedor,,2254460505
C4559,Residencial,Valeria del Mar,P02,2020-11-20,,,Telefónico,cliente3558@gmail.com,02254-486224
C4560,Comercial,Pinamar,P06,2021-10-06,,,Sucursal,,02254-480458
C4561,Residencial,Pinamar,P02,2024-02-22,,,Vendedor,cliente3560@gmail.com,02254-476628
C4562,Residencial,Cariló,P02,2019-01-06,,,Sucursal,cliente3561@gmail.com,2254492776
C4563,RESIDENCIAL,Cariló,P02,2023-09-28,2025-01-27,Sin motivo declarado,Telefónico,cliente3562@gmail.com,2254457039
C4564,Residencial,Pinamar,P04,2024-02-02,2026-02-22,Precio,Sucursal,cliente3563@gmail.com,02254-488804
C4565,Residencial,Mar de Ostende,P01,2020-05-02,,,Telefónico,cliente3564@telpin.com.ar,02254-436963
C4566,Residencial,Valeria del Mar,P01,2024-05-02,,,Vendedor,,02254-489528
C4567,Residencial,Pinamar,P03,2023-08-27,2026-07-22,Precio,Sucursal,cliente3566@gmail.com,2254442174
C4568,Residencial,Valeria del Mar,P02,2021-12-07,,,Sucursal,cliente3567@hotmail.com,02254-485871
C4569,Residencial,Ostende,P01,2022-12-02,,,Sucursal,cliente3568@gmail.com,
C4570,Residencial,pinamar,P02,2023-09-06,2026-03-06,Precio,Sucursal,,+54 2254 461292
C4571,Residencial,Cariló,P04,2023-06-10,,,Web,cliente3570@telpin.com.ar,+54 2254 455841
C4572,Residencial,Cariló,P02,2023-03-14,,,Sucursal,cliente3571@telpin.com.ar,+54 2254 413019
C4573,Residencial,  Pinamar ,P02,2021-05-21,,,Web,cliente3572@gmail.com,+54 2254 468633
C4574,Residencial,Pinamar,P02,2023-12-19,2025-12-27,Sin motivo declarado,Sucursal,cliente3573@gmail.com,
C4575,Residencial,ostende,P03,2023-02-07,,,Sucursal,cliente3574@gmail.com,2254410802
C4576,Residencial,  Pinamar ,P03,2022-01-11,,,Referido,cliente3575@hotmail.com,+54 2254 497091
C4577,comercial,General Madariaga,P05,2023-06-21,2025-03-29,Disconformidad con el servicio,Telefónico,cliente3576@hotmail.com,+54 2254 426470
C4578,Residencial,Pinamar,P02,2021-09-08,,,Web,cliente3577@gmail.com,+54 2254 497177
C4579,Residencial,Cariló,P02,2021-10-08,2025-11-18,Fin de temporada,Sucursal,cliente3578@gmail.com,+54 2254 496578
C4580,Residencial,Mar de Ostende,P04,2021-11-21,,,Sucursal,cliente3579@gmail.com,+54 2254 403859
C4581,Residencial,Pinamar,P01,2016-06-22,,,Sucursal,cliente3580@gmail.com,+54 2254 483826
C4582,Residencial,Mar de Ostende,P01,2019-12-08,2025-04-04,Fin de temporada,Sucursal,,2254480625
C4583,Residencial,Cariló,P01,2020-02-19,,,Web,cliente3582@gmail.com,02254-438848
C4584,Comercial,General Madariaga,P06,2021-01-18,2025-07-04,Competencia,Sucursal,cliente3583@gmail.com,
C4585,Residencial,Pinamar,P02,2018-05-06,,,Sucursal,,
C4586,residencial,Pinamar,P01,2019-08-19,,,Sucursal,cliente3585@telpin.com.ar,+54 2254 471369
C4587,Residencial,Valeria del Mar,P05,2022-11-20,,,Telefónico,cliente3586@gmail.com,
C4588,Residencial,Pinamar,P03,2019-12-13,2025-01-06,Se muda,Telefónico,cliente3587@gmail.com,02254-491808
C4589,Residencial,Cariló,P01,2023-10-04,2024-08-30,Disconformidad con el servicio,Sucursal,cliente3588@gmail.com,
C4590,Residencial,Ostende,P03,2022-01-21,,,Vendedor,cliente3589@gmail.com,2254467548
C4591,Residencial,Pinamar,P02,2022-03-29,,,Telefónico,cliente3590@telpin.com.ar,+54 2254 446034
C4592,Residencial,Pinamar,P02,2017-03-18,2026-02-16,Competencia,Vendedor,cliente3591@telpin.com.ar,02254-493939
C4593,Residencial,Pinamar,P03,2021-05-03,,,Telefónico,cliente3592@telpin.com.ar,02254-457659
C4594,residencial,PINAMAR,P02,2022-03-18,,,Vendedor,,+54 2254 453131
C4595,RESIDENCIAL,Cariló,P02,2024-07-01,2026-03-07,Disconformidad con el servicio,Referido,cliente3594@gmail.com,+54 2254 406780
C4596,Comercial,Pinamar,P06,2017-06-04,,,Sucursal,cliente3595@hotmail.com,
C4597,Residencial,Cariló,P02,2022-11-06,2026-02-05,Falta de pago,Vendedor,cliente3596@hotmail.com,02254-494765
C4598,Residencial,Ostende,P05,2024-03-05,,,Vendedor,cliente3597@hotmail.com,02254-461283
C4599,Residencial,Ostende,P05,2023-04-03,2026-01-01,Sin motivo declarado,Vendedor,cliente3598@gmail.com,2254453128
C4600,Residencial,pinamar,P01,2022-02-23,,,Web,cliente3599@hotmail.com,+54 2254 417361
C4601,Residencial,Cariló,P01,2019-11-24,,,Referido,cliente3600@hotmail.com,02254-454433
C4602,Residencial,Pinamar,P02,2019-11-22,,,Sucursal,cliente3601@gmail.com,2254485899
C4603,Residencial,Valeria del Mar,P01,2024-01-28,,,Sucursal,cliente3602@gmail.com,02254-431460
C4604,Residencial,Valeria del Mar,P05,2021-06-08,2025-03-19,Fin de temporada,Telefónico,cliente3603@yahoo.com.ar,02254-499197
C4605,Residencial,Pinamar,P03,2021-03-16,,,Telefónico,cliente3604@gmail.com,+54 2254 434795
C4606,Residencial,Pinamar,P02,2022-01-02,,,Web,cliente3605@gmail.com,2254453445
C4607,Residencial,Pinamar,P04,2021-08-03,,,Web,cliente3606@hotmail.com,2254421397
C4608,comercial,Cariló,P06,2022-02-21,,,Sucursal,cliente3607@gmail.com,02254-480604
C4609,Residencial,Cariló,P02,2020-01-28,,,Sucursal,cliente3608@telpin.com.ar,
C4610,Residencial,Mar de Ostende,P01,2021-06-18,,,Web,cliente3609@hotmail.com,2254493195
C4611,Residencial,Valeria del Mar,P05,2020-05-12,,,Sucursal,cliente3610@telpin.com.ar,2254435166
C4612,Residencial,Pinamar,P02,2021-09-29,,,Sucursal,cliente3611@gmail.com,2254473562
C4613,Residencial,Ostende,P01,2014-11-10,,,Referido,cliente3612@hotmail.com,02254-447384
C4614,Residencial,PINAMAR,P02,2018-08-08,,,Web,cliente3613@gmail.com,02254-463074
C4615,Residencial,Pinamar,P05,2022-12-02,,,Sucursal,cliente3614@yahoo.com.ar,02254-402005
C4616,Residencial,pinamar,P02,2019-02-03,,,Sucursal,cliente3615@hotmail.com,
C4617,Residencial,Ostende,P03,2024-04-05,2026-02-15,Precio,Sucursal,cliente3616@telpin.com.ar,+54 2254 467077
C4618,Residencial,General Madariaga,P01,2022-07-02,,,Sucursal,cliente3617@hotmail.com,
C4619,Residencial,Mar de Ostende,P04,2020-05-11,,,Web,cliente3618@gmail.com,2254488214
C4620,Residencial,Pinamar,P01,2022-02-08,2025-08-17,Se muda,Sucursal,cliente3619@gmail.com,2254498796
C4621,Residencial,General Madariaga,P02,2023-08-19,,,Web,cliente3620@yahoo.com.ar,02254-475138
C4622,Residencial,VALERIA DEL MAR,P02,2018-10-01,,,Vendedor,cliente3621@gmail.com,+54 2254 427310
C4623,Residencial,Cariló,P02,2021-10-12,2025-11-30,Sin motivo declarado,Sucursal,cliente3622@telpin.com.ar,
C4624,Residencial,OSTENDE,P01,2023-09-17,,,Telefónico,cliente3623@gmail.com,02254-417285
C4625,Residencial,VALERIA DEL MAR,P02,2023-08-17,,,Sucursal,cliente3624@gmail.com,2254460354
C4626,Residencial,  Valeria del Mar ,P04,2023-10-02,,,Web,cliente3625@gmail.com,+54 2254 461244
C4627,Residencial,General Madariaga,P03,2022-08-17,,,Web,cliente3626@telpin.com.ar,+54 2254 466252
C4628,Residencial,General Madariaga,P02,2022-03-05,,,Web,,02254-423594
C4629,Residencial,Ostende,P04,2022-09-23,,,Web,cliente3628@gmail.com,02254-445817
C4630,Residencial,General Madariaga,P01,2022-08-12,2025-08-12,Disconformidad con el servicio,Telefónico,cliente3629@yahoo.com.ar,02254-454748
C4631,Residencial,Mar de Ostende,P03,2022-11-17,2025-03-06,Falta de pago,Sucursal,cliente3630@gmail.com,02254-489795
C4632,Residencial,General Madariaga,P02,2022-08-18,,,Vendedor,cliente3631@yahoo.com.ar,02254-489372
C4633,Residencial,GENERAL MADARIAGA,P01,2022-07-08,,,Telefónico,cliente3632@gmail.com,02254-461201
C4634,comercial,Pinamar,P05,2022-11-05,,,Referido,cliente3633@gmail.com,+54 2254 472336
C4635,Residencial,Pinamar,P05,2022-08-05,2025-02-03,Falta de pago,Web,cliente3634@gmail.com,2254471069
C4636,Residencial,Pinamar,P04,2020-12-08,,,Referido,cliente3635@gmail.com,+54 2254 499877
C4637,Residencial,Pinamar,P04,2023-03-09,,,Vendedor,cliente3636@gmail.com,02254-409231
C4638,Residencial,Mar de Ostende,P03,2020-08-22,2026-04-18,Fin de temporada,Telefónico,cliente3637@telpin.com.ar,2254439379
C4639,Residencial,Valeria del Mar,P02,2023-09-15,2026-05-31,Falta de pago,Sucursal,cliente3638@gmail.com,+54 2254 430261
C4640,Residencial,Cariló,P03,2020-06-27,2025-04-21,Fin de temporada,Sucursal,cliente3639@hotmail.com,02254-490142
C4641,COMERCIAL,Pinamar,P05,2023-03-26,2026-02-23,Falta de pago,Sucursal,cliente3640@gmail.com,+54 2254 444475
C4642,residencial,Ostende,P04,2024-04-16,2025-07-17,Competencia,Telefónico,cliente3641@hotmail.com,+54 2254 458317
C4643,Residencial,Pinamar,P01,2021-03-07,,,Telefónico,cliente3642@hotmail.com,
C4644,Residencial,Pinamar,P05,2019-06-03,,,Telefónico,cliente3643@hotmail.com,02254-457529
C4645,Residencial,CARILÓ,P01,2023-05-24,,,Vendedor,cliente3644@hotmail.com,+54 2254 442834
C4646,Residencial,Pinamar,P02,2013-12-14,2026-04-11,Competencia,Vendedor,,+54 2254 432583
C4647,Residencial,Pinamar,P02,2023-05-20,2026-01-16,Disconformidad con el servicio,Telefónico,cliente3646@gmail.com,+54 2254 499639
C4648,Residencial,Pinamar,P02,2022-05-08,,,Telefónico,cliente3647@gmail.com,2254465797
C4649,Residencial,Valeria del Mar,P03,2021-09-09,,,Referido,cliente3648@gmail.com,02254-459705
C4650,Comercial,Cariló,P06,2023-07-15,,,Sucursal,cliente3649@gmail.com,02254-437600
C4651,RESIDENCIAL,Ostende,P02,2022-05-05,,,Telefónico,cliente3650@gmail.com,2254486179
C4652,Residencial,Pinamar,P01,2021-03-18,2025-07-14,Se muda,Sucursal,cliente3651@telpin.com.ar,2254427279
C4653,residencial,Pinamar,P03,2018-06-24,,,Sucursal,,02254-475154
C4654,Residencial,Mar de Ostende,P01,2021-10-11,,,Web,cliente3653@yahoo.com.ar,2254464142
C4655,Residencial,Valeria del Mar,P03,2023-02-09,2025-01-16,Sin motivo declarado,Telefónico,cliente3654@gmail.com,02254-472135
C4656,Residencial,Valeria del Mar,P05,2020-10-11,,,Sucursal,cliente3655@hotmail.com,02254-466802
C4657,Residencial,Mar de Ostende,P03,2022-03-07,,,Referido,cliente3656@gmail.com,+54 2254 416933
C4658,residencial,Pinamar,P04,2022-05-17,,,Vendedor,,02254-436295
C4659,Residencial,Pinamar,P03,2022-02-20,,,Web,cliente3658@gmail.com,
C4660,Comercial,Pinamar,P06,2022-02-17,,,Sucursal,cliente3659@gmail.com,02254-455459
C4661,Residencial,Pinamar,P03,2023-09-28,,,Telefónico,cliente3660@hotmail.com,2254464575
C4662,Residencial,Cariló,P02,2020-10-09,2025-01-26,Disconformidad con el servicio,Referido,,2254435971
C4663,Comercial,Ostende,P06,2016-03-03,2025-05-30,Falta de pago,Telefónico,cliente3662@telpin.com.ar,02254-487790
C4664,Residencial,Pinamar,P04,2022-12-15,,,Vendedor,cliente3663@gmail.com,+54 2254 454553
C4665,Comercial,Valeria del Mar,P05,2018-03-06,,,Telefónico,cliente3664@gmail.com,+54 2254 451357
C4666,Residencial,Ostende,P05,2023-09-23,,,Sucursal,cliente3665@hotmail.com,2254447436
C4667,Residencial,Pinamar,P03,2020-03-20,,,Web,cliente3666@gmail.com,02254-451066
C4668,Comercial,Pinamar,P05,2021-06-03,,,Vendedor,cliente3667@hotmail.com,+54 2254 484114
C4669,Comercial,Pinamar,P06,2021-07-01,,,Referido,cliente3668@hotmail.com,02254-437061
C4670,Comercial,CARILÓ,P05,2023-04-12,,,Telefónico,cliente3669@gmail.com,2254406241
C4671,Residencial,Ostende,P02,2023-01-21,,,Vendedor,cliente3670@gmail.com,+54 2254 456907
C4672,Residencial,Mar de Ostende,P01,2022-01-28,2025-02-10,Disconformidad con el servicio,Referido,cliente3671@telpin.com.ar,+54 2254 416833
C4673,Residencial,Pinamar,P03,2023-06-03,,,Telefónico,cliente3672@telpin.com.ar,02254-473663
C4674,Residencial,Pinamar,P01,2019-04-07,,,Sucursal,cliente3673@gmail.com,
C4675,Residencial,Cariló,P03,2023-10-15,,,Vendedor,cliente3674@gmail.com,+54 2254 488402
C4676,Residencial,Ostende,P02,2023-03-16,,,Web,cliente3675@yahoo.com.ar,02254-461008
C4677,RESIDENCIAL,Pinamar,P04,2013-11-12,,,Vendedor,cliente3676@gmail.com,2254477590
C4678,Residencial,Pinamar,P01,2019-11-04,,,Telefónico,cliente3677@hotmail.com,02254-488621
C4679,Residencial,Valeria del Mar,P05,2022-11-14,,,Sucursal,cliente3678@gmail.com,02254-419020
C4680,Residencial,Cariló,P02,2020-08-04,,,Referido,cliente3679@hotmail.com,
C4681,Comercial,Pinamar,P06,2018-12-22,,,Web,cliente3680@hotmail.com,2254452099
C4682,Residencial,Cariló,P03,2014-12-22,,,Referido,cliente3681@hotmail.com,+54 2254 456869
C4683,Comercial,Cariló,P06,2023-12-16,,,Sucursal,cliente3682@gmail.com,2254457699
C4684,Residencial,Pinamar,P01,2023-03-18,2026-05-01,Sin motivo declarado,Web,cliente3683@hotmail.com,2254477862
C4685,Residencial,Pinamar,P04,2023-07-23,,,Sucursal,cliente3684@gmail.com,02254-469036
C4686,Residencial,Cariló,P05,2018-12-20,,,Sucursal,cliente3685@hotmail.com,+54 2254 418723
C4687,Residencial,Pinamar,P03,2019-10-17,2025-07-20,Sin motivo declarado,Web,cliente3686@telpin.com.ar,2254457892
C4688,Residencial,Mar de Ostende,P03,2021-10-26,2025-04-16,Fin de temporada,Sucursal,cliente3687@hotmail.com,02254-499513
C4689,RESIDENCIAL,Pinamar,P02,2024-03-09,2025-01-04,Precio,Sucursal,cliente3688@gmail.com,2254410645
C4690,Residencial,Ostende,P01,2021-11-18,,,Sucursal,cliente3689@gmail.com,2254407638
C4691,Residencial,Mar de Ostende,P01,2023-06-30,2025-03-04,Fin de temporada,Web,cliente3690@telpin.com.ar,2254431192
C4692,Residencial,General Madariaga,P01,2022-06-03,,,Sucursal,cliente3691@yahoo.com.ar,02254-491099
C4693,Residencial,valeria del mar,P02,2022-11-13,2026-03-31,Falta de pago,Sucursal,cliente3692@gmail.com,02254-407971
C4694,Residencial,Mar de Ostende,P03,2020-02-23,,,Vendedor,cliente3693@hotmail.com,02254-476918
C4695,Comercial,PINAMAR,P05,2022-05-12,,,Referido,cliente3694@gmail.com,2254474838
C4696,Residencial,Ostende,P03,2023-03-23,,,Sucursal,cliente3695@gmail.com,+54 2254 452131
C4697,Residencial,Mar de Ostende,P01,2019-08-06,,,Sucursal,cliente3696@gmail.com,2254438091
C4698,Residencial,General Madariaga,P03,2020-10-02,,,Referido,cliente3697@gmail.com,2254447008
C4699,Residencial,Pinamar,P03,2021-09-19,,,Telefónico,cliente3698@telpin.com.ar,
C4700,Residencial,Valeria del Mar,P03,2022-06-18,,,Sucursal,cliente3699@hotmail.com,+54 2254 414119
C4701,Comercial,Ostende,P06,2020-01-28,,,Referido,cliente3700@hotmail.com,02254-461646
C4702,residencial,Pinamar,P02,2024-05-20,,,Web,cliente3701@gmail.com,02254-401119
C4703,Residencial,Pinamar,P02,2023-04-26,,,Referido,cliente3702@hotmail.com,+54 2254 498486
C4704,Residencial,Valeria del Mar,P01,2022-02-11,,,Vendedor,cliente3703@gmail.com,2254468762
C4705,Residencial,Pinamar,P03,2016-06-01,,,Vendedor,cliente3704@hotmail.com,02254-455535
C4706,Residencial,Cariló,P02,2022-07-29,,,Web,cliente3705@telpin.com.ar,
C4707,Residencial,VALERIA DEL MAR,P01,2021-10-15,,,Referido,cliente3706@gmail.com,2254425490
C4708,Residencial,General Madariaga,P02,2020-03-10,,,Sucursal,cliente3707@gmail.com,02254-442862
C4709,Residencial,Ostende,P03,2023-01-10,2024-11-17,Precio,Referido,cliente3708@hotmail.com,02254-463171
C4710,Residencial,Valeria del Mar,P02,2018-10-28,,,Telefónico,cliente3709@gmail.com,+54 2254 452725
C4711,RESIDENCIAL,Valeria del Mar,P02,2020-01-12,,,Web,cliente3710@yahoo.com.ar,
C4712,Residencial,Mar de Ostende,P01,2024-01-07,2025-12-06,Precio,Web,cliente3711@hotmail.com,+54 2254 499245
C4713,Comercial,Pinamar,P05,2023-05-08,,,Referido,cliente3712@gmail.com,02254-486014
C4714,Residencial,Pinamar,P02,2021-10-17,,,Telefónico,cliente3713@gmail.com,2254412559
C4715,Residencial,MAR DE OSTENDE,P01,2022-04-09,,,Telefónico,cliente3714@gmail.com,+54 2254 439464
C4716,Residencial,Pinamar,P03,2022-12-05,,,Referido,cliente3715@gmail.com,2254460318
C4717,Residencial,Pinamar,P02,2022-12-11,,,Sucursal,,2254494592
C4718,Residencial,Pinamar,P02,2019-11-28,,,Sucursal,cliente3717@gmail.com,2254485263
C4719,Comercial,Ostende,P05,2022-07-27,,,Telefónico,cliente3718@hotmail.com,02254-441426
C4720,Residencial,VALERIA DEL MAR,P02,2022-11-06,,,Sucursal,cliente3719@gmail.com,2254477878
C4721,Residencial,Valeria del Mar,P01,2021-03-09,,,Referido,cliente3720@gmail.com,+54 2254 477204
C4722,residencial,Pinamar,P01,2023-01-18,,,Web,,02254-437395
C4723,Comercial,Ostende,P06,2022-02-16,,,Sucursal,cliente3722@gmail.com,2254411919
C4724,Residencial,Cariló,P02,2019-10-19,,,Telefónico,cliente3723@telpin.com.ar,+54 2254 427529
C4725,Residencial,Ostende,P01,2021-06-13,2025-01-17,Sin motivo declarado,Vendedor,cliente3724@gmail.com,02254-497639
C4726,Residencial,  Ostende ,P01,2020-01-13,,,Telefónico,cliente3725@hotmail.com,
C4727,residencial,pinamar,P02,2023-08-15,,,Sucursal,cliente3726@gmail.com,+54 2254 472742
C4728,Comercial,  Valeria del Mar ,P05,2023-12-01,,,Sucursal,cliente3727@gmail.com,02254-498873
C4729,residencial,General Madariaga,P04,2021-07-28,,,Referido,cliente3728@gmail.com,02254-484330
C4730,Residencial,Mar de Ostende,P02,2022-09-09,,,Vendedor,cliente3729@telpin.com.ar,
C4731,Residencial,Pinamar,P04,2020-12-21,,,Telefónico,cliente3730@telpin.com.ar,02254-459201
C4732,Residencial,Pinamar,P04,2021-06-05,,,Telefónico,cliente3731@gmail.com,+54 2254 424619
C4733,Residencial,Cariló,P02,2019-04-12,2026-04-02,Fin de temporada,Sucursal,,02254-458504
C4734,Residencial,ostende,P03,2023-03-01,,,Telefónico,cliente3733@hotmail.com,2254418779
C4735,Residencial,Cariló,P03,2021-10-29,,,Web,cliente3734@yahoo.com.ar,02254-406030
C4736,Residencial,Cariló,P02,2023-12-13,,,Vendedor,,2254424182
C4737,Residencial,Ostende,P05,2019-07-11,,,Telefónico,cliente3736@telpin.com.ar,
C4738,Comercial,Ostende,P06,2021-05-04,,,Web,cliente3737@telpin.com.ar,+54 2254 497746
C4739,Residencial,Mar de Ostende,P02,2023-02-09,2026-05-19,Precio,Referido,cliente3738@gmail.com,02254-467120
C4740,Residencial,General Madariaga,P02,2017-10-16,2026-04-12,Disconformidad con el servicio,Telefónico,cliente3739@hotmail.com,+54 2254 495426
C4741,Residencial,General Madariaga,P01,2023-05-31,,,Sucursal,cliente3740@hotmail.com,+54 2254 405432
C4742,Residencial,Cariló,P03,2022-05-15,,,Sucursal,cliente3741@hotmail.com,+54 2254 487251
C4743,Comercial,Mar de Ostende,P06,2023-04-30,,,Vendedor,cliente3742@hotmail.com,
C4744,Residencial,Mar de Ostende,P03,2019-04-16,,,Telefónico,cliente3743@gmail.com,+54 2254 432183
C4745,Residencial,Valeria del Mar,P02,2018-07-09,,,Sucursal,cliente3744@hotmail.com,
C4746,Comercial,Cariló,P06,2022-10-05,,,Referido,cliente3745@gmail.com,+54 2254 478646
C4747,Residencial,Cariló,P05,2021-01-22,2025-07-05,Fin de temporada,Referido,,+54 2254 452581
C4748,Comercial,Pinamar,P06,2023-08-24,,,Telefónico,cliente3747@hotmail.com,2254488452
C4749,Residencial,Pinamar,P02,2024-03-15,2024-09-05,Sin motivo declarado,Sucursal,cliente3748@yahoo.com.ar,02254-405832
C4750,Residencial,General Madariaga,P01,2021-04-04,2025-11-01,Disconformidad con el servicio,Vendedor,cliente3749@hotmail.com,2254405188
C4751,Residencial,general madariaga,P04,2024-02-11,,,Vendedor,cliente3750@gmail.com,
C4752,Residencial,Ostende,P01,2019-08-26,,,Sucursal,cliente3751@hotmail.com,+54 2254 458996
C4753,RESIDENCIAL,GENERAL MADARIAGA,P01,2018-09-28,,,Vendedor,cliente3752@gmail.com,02254-434670
C4754,Residencial,Valeria del Mar,P01,2014-03-19,,,Web,cliente3753@gmail.com,02254-492789
C4755,Residencial,Cariló,P02,2020-01-14,2024-11-06,Fin de temporada,Web,cliente3754@hotmail.com,+54 2254 422732
C4756,Comercial,Pinamar,P06,2020-02-04,,,Web,cliente3755@yahoo.com.ar,+54 2254 426613
C4757,Residencial,General Madariaga,P03,2021-10-07,,,Sucursal,cliente3756@gmail.com,+54 2254 468247
C4758,COMERCIAL,Pinamar,P05,2022-12-18,,,Vendedor,cliente3757@gmail.com,2254414649
C4759,Residencial,Pinamar,P04,2022-04-16,,,Sucursal,cliente3758@gmail.com,2254473931
C4760,Comercial,Pinamar,P06,2022-11-22,,,Web,cliente3759@gmail.com,02254-429540
C4761,residencial,Valeria del Mar,P03,2022-03-28,,,Sucursal,,2254432290
C4762,Residencial,MAR DE OSTENDE,P02,2021-06-19,2025-01-07,Competencia,Web,cliente3761@hotmail.com,
C4763,Residencial,General Madariaga,P05,2020-08-21,,,Web,,2254491410
C4764,Residencial,Pinamar,P02,2020-11-16,2025-10-22,Se muda,Telefónico,cliente3763@gmail.com,+54 2254 432375
C4765,Residencial,Cariló,P02,2023-11-22,2026-01-25,Precio,Telefónico,,+54 2254 496830
C4766,comercial,CARILÓ,P06,2016-12-20,,,Sucursal,cliente3765@hotmail.com,
C4767,Residencial,Mar de Ostende,P03,2023-06-08,,,Vendedor,cliente3766@gmail.com,02254-465509
C4768,Residencial,VALERIA DEL MAR,P03,2022-08-14,2025-10-18,Fin de temporada,Vendedor,cliente3767@hotmail.com,2254440529
C4769,RESIDENCIAL,VALERIA DEL MAR,P02,2021-08-06,2026-04-30,Fin de temporada,Vendedor,cliente3768@gmail.com,02254-438873
C4770,Comercial,pinamar,P06,2023-03-08,,,Vendedor,cliente3769@gmail.com,+54 2254 499286
C4771,Residencial,Pinamar,P02,2022-07-30,,,Vendedor,cliente3770@telpin.com.ar,2254470772
C4772,Residencial,Ostende,P01,2021-12-25,,,Web,cliente3771@yahoo.com.ar,2254467738
C4773,Residencial,cariló,P01,2018-12-17,,,Telefónico,cliente3772@gmail.com,2254459053
C4774,Residencial,Ostende,P02,2021-05-25,,,Referido,cliente3773@hotmail.com,02254-476258
C4775,Residencial,Valeria del Mar,P03,2024-04-18,,,Web,cliente3774@telpin.com.ar,+54 2254 479459
C4776,Residencial,Ostende,P02,2024-03-28,,,Referido,cliente3775@hotmail.com,+54 2254 497242
C4777,Residencial,Pinamar,P01,2020-06-11,2025-08-07,Sin motivo declarado,Telefónico,cliente3776@gmail.com,2254477630
C4778,Residencial,Pinamar,P05,2024-01-30,,,Web,,02254-451180
C4779,Residencial,Valeria del Mar,P02,2021-05-01,,,Web,cliente3778@hotmail.com,2254402399
C4780,Comercial,Cariló,P06,2021-10-03,,,Vendedor,cliente3779@gmail.com,+54 2254 419223
C4781,RESIDENCIAL,Pinamar,P02,2022-05-05,,,Vendedor,cliente3780@hotmail.com,+54 2254 484067
C4782,Residencial,Pinamar,P01,2023-01-20,,,Telefónico,cliente3781@gmail.com,+54 2254 432847
C4783,Residencial,Ostende,P02,2022-01-26,,,Web,cliente3782@hotmail.com,2254461188
C4784,Residencial,Valeria del Mar,P03,2022-01-27,,,Sucursal,cliente3783@gmail.com,
C4785,Residencial,Ostende,P05,2023-12-07,2025-02-07,Competencia,Sucursal,cliente3784@hotmail.com,+54 2254 428865
C4786,Residencial,Pinamar,P02,2022-07-08,,,Referido,cliente3785@hotmail.com,2254431946
C4787,Residencial,Pinamar,P03,2022-11-27,,,Vendedor,cliente3786@gmail.com,02254-493168
C4788,Residencial,general madariaga,P04,2022-08-20,,,Web,cliente3787@gmail.com,
C4789,Residencial,Ostende,P04,2023-06-25,,,Sucursal,cliente3788@hotmail.com,2254480967
C4790,Residencial,General Madariaga,P05,2015-11-12,,,Sucursal,cliente3789@telpin.com.ar,+54 2254 499885
C4791,Residencial,Ostende,P04,2021-08-22,,,Web,cliente3790@gmail.com,
C4792,Residencial,Valeria del Mar,P02,2022-07-01,,,Vendedor,cliente3791@hotmail.com,
C4793,Residencial,Valeria del Mar,P03,2018-03-08,,,Sucursal,cliente3792@hotmail.com,+54 2254 454900
C4794,Residencial,Pinamar,P02,2020-11-13,2025-10-31,Precio,Web,,+54 2254 478031
C4795,Residencial,  Ostende ,P01,2021-12-27,,,Sucursal,cliente3794@gmail.com,
C4796,Residencial,Pinamar,P04,2022-07-19,,,Sucursal,cliente3795@hotmail.com,2254420159
C4797,Residencial,Pinamar,P01,2023-05-13,,,Sucursal,cliente3796@telpin.com.ar,2254496955
C4798,Residencial,Pinamar,P03,2018-01-31,,,Telefónico,cliente3797@hotmail.com,02254-434387
C4799,Residencial,Ostende,P04,2021-12-17,,,Referido,cliente3798@hotmail.com,+54 2254 466259
C4800,Residencial,Pinamar,P02,2021-05-07,,,Sucursal,cliente3799@gmail.com,02254-444543
C4801,Residencial,Valeria del Mar,P02,2021-10-14,2025-12-27,Se muda,Referido,cliente3800@telpin.com.ar,2254447231
C4802,Residencial,Pinamar,P03,2022-02-18,2026-06-05,Falta de pago,Telefónico,cliente3801@gmail.com,2254415671
C4803,Residencial,Valeria del Mar,P03,2024-01-12,2025-03-15,Fin de temporada,Sucursal,cliente3802@gmail.com,2254498356
C4804,Residencial,Mar de Ostende,P03,2022-03-01,2025-12-19,Precio,Sucursal,cliente3803@gmail.com,+54 2254 436596
C4805,Residencial,Pinamar,P02,2022-09-10,2026-02-01,Precio,Web,cliente3804@gmail.com,2254442223
C4806,RESIDENCIAL,Pinamar,P04,2022-11-30,2024-09-30,Precio,Telefónico,,2254453521
C4807,Residencial,Cariló,P03,2022-06-05,,,Vendedor,cliente3806@gmail.com,2254453467
C4808,Residencial,Valeria del Mar,P01,2022-05-06,,,Sucursal,cliente3807@gmail.com,+54 2254 494092
C4809,Residencial,Cariló,P02,2021-10-17,2024-10-31,Falta de pago,Referido,cliente3808@gmail.com,+54 2254 464680
C4810,Residencial,Pinamar,P03,2021-11-01,,,Telefónico,cliente3809@gmail.com,2254424236
C4811,Residencial,general madariaga,P04,2021-11-20,,,Referido,cliente3810@telpin.com.ar,02254-447206
C4812,Residencial,Cariló,P03,2015-11-11,,,Telefónico,cliente3811@gmail.com,02254-486285
C4813,Residencial,Valeria del Mar,P02,2021-05-11,,,Referido,,+54 2254 441414
C4814,Residencial,Pinamar,P01,2023-11-09,,,Sucursal,,02254-422735
C4815,Residencial,Pinamar,P04,2024-03-21,2024-12-28,Competencia,Sucursal,cliente3814@hotmail.com,
C4816,Residencial,Pinamar,P02,2023-06-08,,,Sucursal,cliente3815@gmail.com,02254-407106
C4817,RESIDENCIAL,Pinamar,P03,2022-06-22,,,Referido,cliente3816@hotmail.com,2254408567
C4818,RESIDENCIAL,Pinamar,P02,2021-09-26,,,Sucursal,cliente3817@hotmail.com,2254405780
C4819,Residencial,  Pinamar ,P02,2021-10-31,,,Vendedor,cliente3818@gmail.com,02254-442713
C4820,Residencial,Ostende,P03,2021-02-11,,,Web,cliente3819@gmail.com,2254475550
C4821,Residencial,Cariló,P05,2024-01-07,2025-07-03,Fin de temporada,Sucursal,cliente3820@gmail.com,02254-478513
C4822,Residencial,Valeria del Mar,P02,2020-11-18,2026-03-20,Fin de temporada,Sucursal,cliente3821@gmail.com,2254407058
C4823,Residencial,General Madariaga,P04,2020-12-06,,,Vendedor,cliente3822@telpin.com.ar,02254-460117
C4824,Comercial,Pinamar,P06,2021-06-17,,,Web,cliente3823@gmail.com,02254-424632
C4825,Residencial,cariló,P04,2021-11-30,,,Telefónico,cliente3824@gmail.com,2254468475
C4826,Residencial,Ostende,P02,2022-03-15,,,Vendedor,,+54 2254 466302
C4827,Residencial,valeria del mar,P02,2023-04-10,,,Sucursal,cliente3826@gmail.com,
C4828,Residencial,Pinamar,P03,2023-03-01,,,Web,cliente3827@gmail.com,+54 2254 494478
C4829,Residencial,Cariló,P01,2022-11-26,,,Vendedor,cliente3828@hotmail.com,
C4830,Residencial,Pinamar,P05,2023-05-03,,,Sucursal,cliente3829@hotmail.com,
C4831,Residencial,Cariló,P03,2023-07-07,2026-05-26,Se muda,Telefónico,cliente3830@telpin.com.ar,+54 2254 441248
C4832,Residencial,PINAMAR,P03,2022-04-14,,,Telefónico,cliente3831@gmail.com,02254-459652
C4833,Residencial,Ostende,P02,2022-05-25,,,Sucursal,cliente3832@gmail.com,+54 2254 466750
C4834,Residencial,Ostende,P02,2020-09-07,,,Sucursal,cliente3833@gmail.com,02254-427717
C4835,residencial,Pinamar,P02,2021-12-20,,,Web,cliente3834@yahoo.com.ar,2254450217
C4836,Residencial,General Madariaga,P03,2022-10-18,,,Web,cliente3835@hotmail.com,
C4837,residencial,General Madariaga,P02,2024-01-08,,,Vendedor,cliente3836@gmail.com,2254418319
C4838,Comercial,Mar de Ostende,P06,2017-05-17,,,Sucursal,cliente3837@yahoo.com.ar,2254411524
C4839,Residencial,General Madariaga,P02,2022-05-26,2025-03-05,Competencia,Vendedor,cliente3838@telpin.com.ar,+54 2254 481395
C4840,Residencial,Pinamar,P04,2018-01-16,,,Sucursal,,2254495431
C4841,Residencial,Valeria del Mar,P03,2021-08-04,,,Vendedor,cliente3840@hotmail.com,+54 2254 426880
C4842,Residencial,Pinamar,P02,2016-06-12,,,Telefónico,cliente3841@telpin.com.ar,02254-466895
C4843,Residencial,Pinamar,P01,2023-02-27,,,Vendedor,cliente3842@gmail.com,2254485241
C4844,Residencial,Pinamar,P01,2022-11-22,,,Sucursal,cliente3843@gmail.com,+54 2254 421716
C4845,Comercial,  Mar de Ostende ,P06,2023-11-04,,,Telefónico,cliente3844@hotmail.com,2254420276
C4846,Residencial,Pinamar,P03,2023-07-14,,,Sucursal,cliente3845@hotmail.com,+54 2254 426890
C4847,Residencial,Mar de Ostende,P01,2022-12-05,,,Sucursal,cliente3846@gmail.com,+54 2254 423847
C4848,Residencial,Pinamar,P01,2023-07-18,,,Telefónico,cliente3847@telpin.com.ar,+54 2254 495943
C4849,Residencial,Pinamar,P04,2020-07-10,,,Sucursal,cliente3848@gmail.com,02254-460671
C4850,Residencial,Pinamar,P04,2023-01-21,,,Telefónico,cliente3849@gmail.com,2254471073
C4851,Residencial,Valeria del Mar,P04,2022-02-07,,,Sucursal,cliente3850@gmail.com,+54 2254 436760
C4852,Residencial,Pinamar,P02,2022-09-21,,,Sucursal,cliente3851@gmail.com,
C4853,Residencial,Pinamar,P02,2022-02-19,,,Referido,cliente3852@hotmail.com,+54 2254 474217
C4854,RESIDENCIAL,Cariló,P02,2024-01-12,,,Sucursal,,
C4855,residencial,Pinamar,P05,2022-01-01,,,Referido,cliente3854@hotmail.com,
C4856,residencial,OSTENDE,P03,2023-07-03,,,Referido,cliente3855@gmail.com,
C4857,Comercial,Mar de Ostende,P05,2021-04-17,,,Sucursal,cliente3856@hotmail.com,+54 2254 485722
C4858,Comercial,PINAMAR,P06,2023-07-22,,,Sucursal,cliente3857@gmail.com,2254447131
C4859,Residencial,Ostende,P01,2024-03-22,,,Web,cliente3858@hotmail.com,02254-417776
C4860,Residencial,Pinamar,P03,2022-11-11,,,Telefónico,cliente3859@yahoo.com.ar,+54 2254 485472
C4861,Residencial,Ostende,P03,2019-12-18,,,Vendedor,cliente3860@gmail.com,02254-448264
C4862,Comercial,Pinamar,P06,2023-10-28,,,Telefónico,cliente3861@yahoo.com.ar,+54 2254 408057
C4863,Residencial,Pinamar,P01,2013-05-12,,,Sucursal,cliente3862@hotmail.com,02254-415123
C4864,Residencial,Valeria del Mar,P03,2021-12-13,,,Vendedor,cliente3863@gmail.com,02254-459567
C4865,Residencial,Pinamar,P03,2020-03-16,,,Referido,cliente3864@gmail.com,+54 2254 485931
C4866,Residencial,Ostende,P02,2022-11-09,,,Sucursal,cliente3865@hotmail.com,2254437871
C4867,Residencial,Ostende,P01,2021-01-10,,,Telefónico,cliente3866@gmail.com,2254401397
C4868,Residencial,Pinamar,P04,2021-07-23,,,Sucursal,cliente3867@hotmail.com,2254426790
C4869,Residencial,Pinamar,P05,2023-01-21,,,Sucursal,cliente3868@gmail.com,2254432082
C4870,Residencial,General Madariaga,P01,2021-05-17,,,Telefónico,cliente3869@telpin.com.ar,
C4871,Residencial,Cariló,P01,2023-09-10,2025-12-25,Se muda,Vendedor,cliente3870@gmail.com,02254-412650
C4872,Residencial,Valeria del Mar,P01,2023-11-21,,,Telefónico,cliente3871@gmail.com,+54 2254 480766
C4873,Residencial,Valeria del Mar,P02,2020-12-14,,,Vendedor,cliente3872@hotmail.com,2254463542
C4874,residencial,Mar de Ostende,P02,2023-12-05,,,Web,cliente3873@hotmail.com,2254451537
C4875,Residencial,Valeria del Mar,P02,2024-03-02,,,Referido,cliente3874@telpin.com.ar,02254-434782
C4876,Residencial,General Madariaga,P02,2019-05-02,,,Referido,cliente3875@hotmail.com,2254470327
C4877,RESIDENCIAL,Pinamar,P02,2023-09-19,,,Sucursal,cliente3876@gmail.com,02254-480471
C4878,Residencial,Valeria del Mar,P02,2023-09-18,,,Referido,cliente3877@telpin.com.ar,02254-441304
C4879,Residencial,Valeria del Mar,P02,2022-04-07,,,Vendedor,cliente3878@hotmail.com,2254445020
C4880,Residencial,General Madariaga,P03,2021-05-03,,,Sucursal,cliente3879@gmail.com,02254-483803
C4881,Residencial,Pinamar,P01,2022-07-31,2025-05-01,Falta de pago,Telefónico,cliente3880@hotmail.com,2254442310
C4882,Comercial,Ostende,P06,2024-04-03,,,Referido,cliente3881@telpin.com.ar,
C4883,Residencial,Pinamar,P03,2023-06-11,,,Sucursal,cliente3882@gmail.com,
C4884,Residencial,Ostende,P02,2022-05-20,,,Vendedor,cliente3883@hotmail.com,02254-485195
C4885,Residencial,Pinamar,P03,2021-06-10,,,Vendedor,cliente3884@hotmail.com,2254450185
C4886,Residencial,Valeria del Mar,P01,2023-02-25,,,Sucursal,,+54 2254 462148
C4887,Residencial,Valeria del Mar,P02,2018-11-01,2025-03-28,Fin de temporada,Telefónico,cliente3886@yahoo.com.ar,2254406524
C4888,Residencial,Valeria del Mar,P03,2022-06-14,,,Referido,cliente3887@gmail.com,+54 2254 471557
C4889,COMERCIAL,Pinamar,P05,2023-05-20,,,Vendedor,cliente3888@hotmail.com,02254-429185
C4890,Residencial,Ostende,P01,2023-02-05,,,Sucursal,cliente3889@gmail.com,02254-424899
C4891,Residencial,Pinamar,P03,2021-11-19,,,Telefónico,cliente3890@gmail.com,2254492690
C4892,Residencial,Pinamar,P02,2021-03-06,,,Vendedor,cliente3891@hotmail.com,02254-405282
C4893,Residencial,Pinamar,P03,2021-10-19,,,Web,cliente3892@gmail.com,+54 2254 401579
C4894,Residencial,Cariló,P05,2022-03-05,,,Vendedor,cliente3893@gmail.com,+54 2254 441255
C4895,Residencial,Pinamar,P03,2023-11-07,,,Telefónico,cliente3894@telpin.com.ar,
C4896,RESIDENCIAL,Pinamar,P02,2020-10-19,2026-07-23,Disconformidad con el servicio,Referido,,
C4897,Residencial,Ostende,P04,2020-05-20,2025-04-24,Precio,Web,cliente3896@hotmail.com,02254-436715
C4898,Residencial,Ostende,P02,2023-07-26,2026-06-19,Precio,Vendedor,cliente3897@gmail.com,+54 2254 421520
C4899,residencial,Valeria del Mar,P03,2023-01-05,2025-04-16,Se muda,Sucursal,,2254441989
C4900,Residencial,Valeria del Mar,P05,2023-08-30,,,Sucursal,cliente3899@hotmail.com,+54 2254 474573
C4901,Residencial,Ostende,P04,2022-05-07,,,Referido,cliente3900@gmail.com,
C4902,Comercial,General Madariaga,P06,2024-02-22,,,Sucursal,cliente3901@gmail.com,
C4903,Residencial,Cariló,P02,2021-12-28,2025-01-30,Precio,Sucursal,,+54 2254 425745
C4904,RESIDENCIAL,Cariló,P05,2023-03-11,,,Web,cliente3903@hotmail.com,02254-491275
C4905,Residencial,Pinamar,P01,2020-03-22,,,Referido,cliente3904@hotmail.com,02254-432835
C4906,Residencial,Pinamar,P03,2024-01-20,,,Web,cliente3905@gmail.com,2254433192
C4907,Residencial,Pinamar,P02,2023-08-20,,,Web,cliente3906@gmail.com,+54 2254 429099
C4908,Residencial,Mar de Ostende,P05,2023-03-13,2024-09-19,Fin de temporada,Web,cliente3907@telpin.com.ar,2254499975
C4909,Residencial,OSTENDE,P03,2021-03-31,,,Web,cliente3908@gmail.com,2254481071
C4910,Residencial,Mar de Ostende,P04,2023-09-24,2026-04-20,Fin de temporada,Telefónico,cliente3909@hotmail.com,02254-422992
C4911,Residencial,Mar de Ostende,P01,2019-08-08,2026-04-05,Sin motivo declarado,Telefónico,cliente3910@gmail.com,02254-449683
C4912,Residencial,Valeria del Mar,P03,2021-11-07,,,Sucursal,cliente3911@gmail.com,+54 2254 449801
C4913,Residencial,Mar de Ostende,P02,2020-12-29,2024-08-20,Competencia,Sucursal,cliente3912@gmail.com,2254407205
C4914,Comercial,Valeria del Mar,P06,2020-12-07,,,Sucursal,cliente3913@gmail.com,02254-408444
C4915,Residencial,Valeria del Mar,P01,2022-01-24,2025-08-18,Competencia,Sucursal,cliente3914@gmail.com,02254-496153
C4916,Residencial,Cariló,P01,2019-01-08,2026-03-29,Disconformidad con el servicio,Referido,cliente3915@hotmail.com,02254-427382
C4917,Residencial,Pinamar,P02,2023-09-27,,,Web,cliente3916@telpin.com.ar,+54 2254 434027
C4918,Comercial,Valeria del Mar,P05,2021-06-27,2024-09-03,Competencia,Telefónico,cliente3917@gmail.com,+54 2254 481890
C4919,Residencial,ostende,P02,2021-01-28,,,Sucursal,cliente3918@gmail.com,02254-447468
C4920,Residencial,Pinamar,P01,2018-10-11,,,Telefónico,cliente3919@gmail.com,2254437429
C4921,Residencial,Pinamar,P03,2019-11-07,,,Web,cliente3920@hotmail.com,
C4922,Residencial,Pinamar,P02,2020-06-16,,,Vendedor,cliente3921@gmail.com,
C4923,Residencial,Pinamar,P03,2017-09-01,,,Vendedor,cliente3922@gmail.com,02254-435692
C4924,residencial,Pinamar,P03,2020-07-05,2026-01-10,Precio,Sucursal,,2254484071
C4925,Residencial,Cariló,P03,2022-11-09,2026-04-04,Fin de temporada,Sucursal,cliente3924@gmail.com,2254436495
C4926,residencial,Valeria del Mar,P01,2019-03-03,,,Telefónico,cliente3925@hotmail.com,
C4927,Comercial,Pinamar,P06,2022-06-01,,,Sucursal,cliente3926@hotmail.com,2254474955
C4928,residencial,General Madariaga,P01,2021-09-27,2025-12-11,Falta de pago,Sucursal,cliente3927@telpin.com.ar,2254409348
C4929,Residencial,Cariló,P03,2019-03-28,,,Sucursal,cliente3928@hotmail.com,2254457240
C4930,Residencial,Pinamar,P02,2023-12-03,,,Vendedor,cliente3929@hotmail.com,+54 2254 498837
C4931,Residencial,Pinamar,P02,2022-11-09,2024-09-14,Precio,Telefónico,cliente3930@gmail.com,
C4932,Residencial,Pinamar,P01,2022-10-22,,,Referido,cliente3931@gmail.com,02254-491952
C4933,Comercial,Pinamar,P05,2023-01-29,,,Web,cliente3932@gmail.com,02254-489184
C4934,Residencial,OSTENDE,P04,2023-05-22,,,Sucursal,cliente3933@gmail.com,2254482163
C4935,Comercial,Ostende,P06,2022-08-02,,,Web,,
C4936,Residencial,Valeria del Mar,P03,2016-12-25,,,Vendedor,cliente3935@hotmail.com,2254437193
C4937,Residencial,GENERAL MADARIAGA,P01,2022-06-19,,,Vendedor,cliente3936@gmail.com,2254467133
C4938,Residencial,Valeria del Mar,P01,2023-01-15,,,Sucursal,cliente3937@telpin.com.ar,02254-420473
C4939,Residencial,OSTENDE,P04,2021-10-29,,,Web,cliente3938@gmail.com,2254482570
C4940,Residencial,Cariló,P02,2017-03-05,,,Web,cliente3939@hotmail.com,2254442197
C4941,Residencial,Mar de Ostende,P01,2022-08-23,2024-12-22,Se muda,Sucursal,cliente3940@gmail.com,2254477171
C4942,Residencial,Pinamar,P02,2022-08-17,,,Sucursal,cliente3941@gmail.com,2254468211
C4943,Comercial,Pinamar,P06,2023-06-25,2026-04-11,Disconformidad con el servicio,Telefónico,cliente3942@gmail.com,2254456125
C4944,residencial,Cariló,P03,2023-02-07,2024-11-13,Fin de temporada,Vendedor,,2254444765
C4945,Residencial,Pinamar,P01,2020-04-02,,,Referido,cliente3944@hotmail.com,+54 2254 459222
C4946,Comercial,pinamar,P06,2021-10-07,,,Sucursal,cliente3945@yahoo.com.ar,+54 2254 417130
C4947,Residencial,Cariló,P01,2023-03-02,2026-04-11,Precio,Sucursal,cliente3946@hotmail.com,2254415505
C4948,Residencial,PINAMAR,P03,2022-12-03,,,Sucursal,,
C4949,Residencial,Valeria del Mar,P03,2019-08-23,,,Web,cliente3948@gmail.com,2254427905
C4950,Residencial,Pinamar,P04,2019-04-10,,,Vendedor,cliente3949@gmail.com,2254449951
C4951,Residencial,Mar de Ostende,P04,2021-01-26,2025-02-16,Competencia,Web,cliente3950@gmail.com,+54 2254 409829
C4952,Residencial,Pinamar,P03,2020-04-13,,,Vendedor,cliente3951@gmail.com,02254-455514
C4953,Residencial,Pinamar,P04,2023-01-20,,,Telefónico,cliente3952@gmail.com,
C4954,Residencial,GENERAL MADARIAGA,P02,2023-07-20,,,Vendedor,cliente3953@yahoo.com.ar,02254-415377
C4955,Residencial,Pinamar,P02,2021-03-05,,,Vendedor,cliente3954@gmail.com,2254446318
C4956,Comercial,Pinamar,P06,2023-12-23,,,Sucursal,,
C4957,Residencial,Pinamar,P05,2022-08-16,,,Sucursal,cliente3956@telpin.com.ar,02254-407754
C4958,Residencial,Ostende,P02,2021-11-24,,,Referido,cliente3957@gmail.com,02254-476016
C4959,Residencial,Valeria del Mar,P04,2021-12-10,,,Web,cliente3958@hotmail.com,
C4960,Comercial,Pinamar,P06,2020-08-19,,,Vendedor,cliente3959@gmail.com,2254481221
C4961,Residencial,Valeria del Mar,P01,2021-01-23,,,Web,cliente3960@telpin.com.ar,+54 2254 463680
C4962,Residencial,Pinamar,P04,2022-11-04,,,Telefónico,,02254-411071
C4963,Residencial,Ostende,P04,2022-04-18,,,Sucursal,cliente3962@gmail.com,+54 2254 468667
C4964,Residencial,Valeria del Mar,P01,2021-09-11,2024-08-19,Fin de temporada,Telefónico,cliente3963@gmail.com,+54 2254 464192
C4965,RESIDENCIAL,Pinamar,P02,2021-02-18,,,Sucursal,cliente3964@hotmail.com,+54 2254 490097
C4966,Residencial,Cariló,P02,2016-04-15,,,Sucursal,cliente3965@hotmail.com,+54 2254 445605
C4967,Residencial,Cariló,P02,2019-05-25,,,Sucursal,,2254463724
C4968,COMERCIAL,Carilo,P05,2022-11-28,,,Web,cliente3967@gmail.com,02254-482765
C4969,Comercial,  Cariló ,P06,2019-04-08,,,Sucursal,cliente3968@gmail.com,2254495423
C4970,Residencial,Pinamar,P01,2020-01-25,,,Sucursal,cliente3969@yahoo.com.ar,+54 2254 470859
C4971,Residencial,Cariló,P02,2020-03-29,,,Sucursal,cliente3970@hotmail.com,
C4972,Comercial,Valeria del Mar,P06,2022-07-15,,,Sucursal,cliente3971@yahoo.com.ar,2254436467
C4973,Residencial,valeria del mar,P05,2019-07-02,,,Telefónico,cliente3972@hotmail.com,+54 2254 441390
C4974,RESIDENCIAL,Ostende,P01,2018-09-18,,,Web,cliente3973@telpin.com.ar,2254461502
C4975,Residencial,Pinamar,P01,2022-09-02,,,Telefónico,,2254455541
C4976,Residencial,General Madariaga,P03,2016-06-08,2025-12-22,Precio,Sucursal,cliente3975@yahoo.com.ar,02254-426760
C4977,Residencial,General Madariaga,P01,2022-05-26,,,Sucursal,cliente3976@gmail.com,+54 2254 475937
C4978,Residencial,Pinamar,P02,2020-04-09,2025-08-06,Disconformidad con el servicio,Web,cliente3977@gmail.com,+54 2254 495465
C4979,Residencial,Valeria del Mar,P02,2022-06-09,2025-01-30,Fin de temporada,Referido,cliente3978@telpin.com.ar,+54 2254 489362
C4980,residencial,General Madariaga,P02,2018-09-19,2025-04-30,Falta de pago,Telefónico,cliente3979@telpin.com.ar,2254456528
C4981,Residencial,Cariló,P02,2022-02-13,,,Referido,cliente3980@gmail.com,
C4982,Residencial,Ostende,P01,2019-06-26,,,Telefónico,cliente3981@yahoo.com.ar,02254-449260
C4983,Residencial,Pinamar,P01,2023-08-17,,,Web,cliente3982@gmail.com,2254466269
C4984,COMERCIAL,Pinamar,P06,2021-05-15,,,Telefónico,cliente3983@gmail.com,2254445519
C4985,Residencial,Pinamar,P03,2019-12-25,,,Telefónico,cliente3984@telpin.com.ar,+54 2254 477401
C4986,Comercial,Ostende,P05,2022-08-19,,,Sucursal,cliente3985@yahoo.com.ar,02254-415356
C4987,Comercial,Pinamar,P05,2019-03-23,2024-10-20,Disconformidad con el servicio,Web,cliente3986@hotmail.com,02254-438478
C4988,residencial,Mar de Ostende,P02,2022-08-30,,,Referido,cliente3987@gmail.com,2254401895
C4989,Residencial,Pinamar,P03,2022-08-09,,,Telefónico,cliente3988@hotmail.com,+54 2254 405162
C4990,Residencial,General Madariaga,P02,2021-06-18,,,Telefónico,cliente3989@gmail.com,2254484710
C4991,RESIDENCIAL,Pinamar,P02,2023-05-30,,,Referido,cliente3990@gmail.com,2254443581
C4992,Residencial,Cariló,P02,2016-03-29,,,Sucursal,cliente3991@gmail.com,+54 2254 480042
C4993,Residencial,Mar de Ostende,P03,2020-11-13,2025-07-16,Fin de temporada,Sucursal,,+54 2254 490739
C4994,Residencial,Pinamar,P02,2022-09-21,,,Telefónico,cliente3993@hotmail.com,+54 2254 447068
C4995,RESIDENCIAL,Pinamar,P01,2023-01-16,,,Telefónico,,+54 2254 407772
C4996,Residencial,Valeria del Mar,P05,2023-08-16,,,Sucursal,cliente3995@gmail.com,2254444925
C4997,Residencial,Ostende,P02,2022-12-10,2024-12-25,Competencia,Referido,cliente3996@gmail.com,02254-426585
C4998,Residencial,Valeria del Mar,P03,2021-12-02,,,Sucursal,cliente3997@gmail.com,+54 2254 493886
C4999,Residencial,Valeria del Mar,P05,2022-07-05,,,Referido,cliente3998@hotmail.com,02254-430117
C5000,Comercial,Valeria del Mar,P06,2022-03-07,2025-09-20,Precio,Referido,cliente3999@hotmail.com,2254455810
C5001,Residencial,Pinamar,P01,2023-09-15,,,Telefónico,cliente4000@gmail.com,2254435915
C5002,Residencial,Ostende,P01,2023-03-01,,,Sucursal,cliente4001@gmail.com,02254-400814
C5003,Residencial,Mar de Ostende,P02,2023-10-09,2025-03-06,Fin de temporada,Referido,cliente4002@hotmail.com,02254-496291
C5004,Residencial,Valeria del Mar,P01,2019-02-02,,,Telefónico,cliente4003@gmail.com,02254-426424
C5005,Residencial,Pinamar,P02,2020-06-07,2025-08-05,Precio,Sucursal,cliente4004@hotmail.com,02254-469256
C5006,Residencial,Ostende,P05,2020-05-14,,,Telefónico,cliente4005@gmail.com,2254413452
C5007,Residencial,OSTENDE,P01,2024-05-21,2025-06-27,Sin motivo declarado,Web,cliente4006@hotmail.com,+54 2254 411549
C5008,Comercial,Carilo,P06,2022-06-04,,,Telefónico,cliente4007@hotmail.com,2254463521
C5009,RESIDENCIAL,Pinamar,P04,2019-05-16,,,Vendedor,,2254486007
C5010,Residencial,General Madariaga,P03,2023-06-12,2024-12-18,Disconformidad con el servicio,Telefónico,cliente4009@gmail.com,+54 2254 485803
C5011,Residencial,Pinamar,P03,2023-05-22,,,Sucursal,cliente4010@gmail.com,+54 2254 488538
C5012,Residencial,Pinamar,P01,2024-01-03,2024-10-13,Se muda,Web,cliente4011@hotmail.com,+54 2254 408528
C5013,Residencial,Ostende,P01,2022-09-07,,,Web,cliente4012@gmail.com,2254459187
C5014,Residencial,Pinamar,P04,2018-09-17,,,Sucursal,cliente4013@gmail.com,+54 2254 459659
C5015,Residencial,General Madariaga,P01,2019-07-01,,,Web,cliente4014@gmail.com,
C5016,Residencial,cariló,P01,2021-10-17,,,Sucursal,cliente4015@hotmail.com,2254484814
C5017,Residencial,General Madariaga,P02,2021-06-13,,,Telefónico,,2254485413
C5018,Residencial,Valeria del Mar,P01,2021-05-06,2025-01-17,Fin de temporada,Vendedor,cliente4017@yahoo.com.ar,+54 2254 486855
C5019,residencial,Cariló,P01,2022-12-25,,,Sucursal,cliente4018@gmail.com,2254480400
C5020,Residencial,Pinamar,P05,2023-06-19,,,Telefónico,cliente4019@telpin.com.ar,+54 2254 497300
C5021,Residencial,Pinamar,P02,2023-08-14,,,Sucursal,cliente4020@telpin.com.ar,2254419632
C5022,Residencial,Pinamar,P03,2018-07-18,,,Sucursal,cliente4021@gmail.com,2254496167
C5023,Residencial,Cariló,P01,2020-10-26,,,Referido,cliente4022@telpin.com.ar,+54 2254 446369
C5024,Residencial,Pinamar,P01,2023-03-20,,,Web,cliente4023@yahoo.com.ar,2254430465
C5025,Residencial,Mar de Ostende,P03,2022-04-23,2025-10-06,Fin de temporada,Vendedor,cliente4024@gmail.com,
C5026,Residencial,General Madariaga,P02,2023-12-11,2025-07-15,Sin motivo declarado,Telefónico,cliente4025@gmail.com,02254-446670
C5027,Residencial,Mar de Ostende,P04,2022-08-12,2024-10-13,Competencia,Telefónico,cliente4026@gmail.com,2254420449
C5028,Residencial,Cariló,P03,2021-10-06,2026-03-07,Fin de temporada,Web,cliente4027@gmail.com,
C5029,Residencial,Valeria del Mar,P04,2022-10-06,,,Vendedor,cliente4028@hotmail.com,02254-437973
C5030,Residencial,Valeria del Mar,P02,2021-03-22,,,Vendedor,cliente4029@hotmail.com,+54 2254 444031
C5031,Residencial,Pinamar,P01,2023-07-14,,,Web,cliente4030@hotmail.com,+54 2254 469279
C5032,Residencial,  Mar de Ostende ,P03,2022-08-12,,,Vendedor,cliente4031@gmail.com,02254-486414
C5033,Residencial,Pinamar,P01,2024-02-16,2026-05-21,Falta de pago,Referido,cliente4032@gmail.com,2254426792
C5034,Residencial,Pinamar,P02,2020-11-06,,,Sucursal,cliente4033@gmail.com,2254485749
C5035,Residencial,Pinamar,P04,2020-12-25,,,Referido,cliente4034@gmail.com,
C5036,Comercial,Pinamar,P06,2023-05-05,,,Telefónico,cliente4035@gmail.com,+54 2254 432714
C5037,Residencial,General Madariaga,P01,2024-03-01,,,Vendedor,cliente4036@hotmail.com,2254417721
C5038,Residencial,Ostende,P03,2023-05-14,2024-10-11,Falta de pago,Sucursal,cliente4037@telpin.com.ar,2254415051
C5039,Residencial,Ostende,P02,2022-11-22,,,Sucursal,cliente4038@gmail.com,+54 2254 460260
C5040,residencial,Cariló,P03,2022-03-23,,,Vendedor,cliente4039@yahoo.com.ar,2254428443
C5041,Comercial,Ostende,P06,2022-10-12,2026-01-20,Disconformidad con el servicio,Web,cliente4040@hotmail.com,2254495972
C5042,Residencial,Carilo,P01,2019-04-08,2025-04-18,Fin de temporada,Web,cliente4041@gmail.com,2254472446
C5043,Residencial,Pinamar,P02,2024-03-04,,,Sucursal,cliente4042@yahoo.com.ar,02254-428597
C5044,Residencial,Mar de Ostende,P02,2016-07-03,2025-01-24,Falta de pago,Vendedor,,2254470042
C5045,RESIDENCIAL,Cariló,P01,2021-04-01,,,Sucursal,cliente4044@gmail.com,2254449559
C5046,Residencial,Mar de Ostende,P02,2022-09-30,,,Web,cliente4045@telpin.com.ar,2254486224
C5047,Residencial,General Madariaga,P05,2023-06-19,,,Sucursal,cliente4046@telpin.com.ar,2254436260
C5048,Comercial,Pinamar,P06,2023-05-05,,,Telefónico,cliente4047@telpin.com.ar,+54 2254 429601
C5049,Residencial,Mar de Ostende,P04,2020-11-18,2025-02-24,Sin motivo declarado,Vendedor,cliente4048@gmail.com,+54 2254 405269
C5050,Residencial,cariló,P01,2020-10-02,2026-07-27,Falta de pago,Referido,cliente4049@gmail.com,2254437520
C5051,Residencial,Pinamar,P02,2021-08-22,,,Telefónico,cliente4050@telpin.com.ar,02254-496600
C5052,Comercial,Valeria del Mar,P06,2022-06-29,,,Sucursal,cliente4051@hotmail.com,2254428909
C5053,Residencial,Cariló,P02,2021-01-26,2026-05-16,Fin de temporada,Web,cliente4052@gmail.com,+54 2254 443543
C5054,Residencial,Pinamar,P01,2023-05-20,,,Sucursal,cliente4053@gmail.com,2254439635
C5055,Residencial,PINAMAR,P03,2023-11-24,,,Telefónico,cliente4054@hotmail.com,+54 2254 442923
C5056,Comercial,Cariló,P06,2021-02-16,,,Web,cliente4055@gmail.com,
C5057,Residencial,Ostende,P03,2023-11-23,,,Referido,cliente4056@yahoo.com.ar,+54 2254 477588
C5058,RESIDENCIAL,pinamar,P03,2022-10-28,,,Referido,cliente4057@gmail.com,+54 2254 415781
C5059,Residencial,General Madariaga,P01,2023-03-05,,,Web,cliente4058@hotmail.com,2254482710
C5060,Residencial,Ostende,P02,2022-02-08,,,Web,cliente4059@hotmail.com,2254416379
C5061,residencial,  Pinamar ,P02,2019-11-30,,,Sucursal,,2254420083
C5062,Comercial,pinamar,P05,2022-03-14,,,Web,cliente4061@telpin.com.ar,
C5063,RESIDENCIAL,Mar de Ostende,P02,2023-05-27,,,Sucursal,cliente4062@gmail.com,2254456897
C5064,Residencial,Pinamar,P01,2023-06-16,,,Sucursal,cliente4063@telpin.com.ar,+54 2254 469414
C5065,Residencial,Pinamar,P02,2024-01-17,2025-11-06,Competencia,Sucursal,cliente4064@gmail.com,+54 2254 487446
C5066,Residencial,Cariló,P04,2023-04-11,2025-01-30,Precio,Sucursal,cliente4065@gmail.com,+54 2254 408686
C5067,Residencial,Cariló,P01,2019-08-04,,,Web,cliente4066@yahoo.com.ar,2254481397
C5068,Residencial,General Madariaga,P02,2019-11-09,,,Telefónico,cliente4067@hotmail.com,
C5069,Residencial,General Madariaga,P02,2020-08-21,,,Referido,cliente4068@yahoo.com.ar,02254-474291
C5070,Residencial,Cariló,P01,2023-04-01,,,Telefónico,cliente4069@telpin.com.ar,2254440805
C5071,Residencial,VALERIA DEL MAR,P03,2023-08-12,2025-05-31,Precio,Sucursal,cliente4070@hotmail.com,2254475504
C5072,residencial,  Valeria del Mar ,P02,2019-12-30,,,Web,cliente4071@gmail.com,
C5073,Residencial,Ostende,P03,2022-11-16,,,Sucursal,cliente4072@telpin.com.ar,02254-487583
C5074,RESIDENCIAL,Pinamar,P02,2020-12-04,,,Web,cliente4073@yahoo.com.ar,02254-490390
C5075,Residencial,Mar de Ostende,P04,2022-08-03,,,Sucursal,cliente4074@telpin.com.ar,+54 2254 442585
C5076,Residencial,General Madariaga,P01,2022-01-22,,,Referido,cliente4075@gmail.com,02254-455960
C5077,Residencial,OSTENDE,P04,2019-11-27,,,Web,cliente4076@yahoo.com.ar,02254-463454
C5078,Residencial,General Madariaga,P03,2018-06-15,,,Referido,cliente4077@gmail.com,2254427253
C5079,Residencial,  Pinamar ,P01,2021-06-20,,,Sucursal,cliente4078@hotmail.com,+54 2254 422907
C5080,Residencial,Pinamar,P02,2020-09-23,,,Vendedor,,02254-440897
C5081,Residencial,Cariló,P01,2023-04-16,,,Telefónico,cliente4080@gmail.com,02254-462558
C5082,Residencial,General Madariaga,P02,2014-09-19,2025-09-30,Precio,Telefónico,cliente4081@gmail.com,
C5083,Residencial,Valeria del Mar,P01,2024-02-09,2025-03-27,Fin de temporada,Sucursal,cliente4082@hotmail.com,2254417602
C5084,Residencial,Pinamar,P04,2022-02-27,,,Vendedor,cliente4083@gmail.com,02254-424216
C5085,Residencial,General Madariaga,P03,2020-08-04,,,Telefónico,cliente4084@gmail.com,
C5086,Residencial,Ostende,P01,2023-09-09,,,Telefónico,cliente4085@hotmail.com,2254404227
C5087,Comercial,Pinamar,P06,2023-04-12,,,Sucursal,,2254477570
C5088,Residencial,Valeria del Mar,P03,2023-11-21,,,Web,cliente4087@hotmail.com,+54 2254 492036
C5089,Residencial,Valeria del Mar,P02,2022-12-10,,,Sucursal,cliente4088@gmail.com,
C5090,Residencial,Ostende,P03,2022-10-19,2025-02-13,Competencia,Sucursal,cliente4089@hotmail.com,02254-421435
C5091,Residencial,Valeria del Mar,P03,2022-05-12,,,Sucursal,,02254-409679
C5092,Residencial,Cariló,P01,2020-12-10,,,Sucursal,cliente4091@yahoo.com.ar,+54 2254 462998
C5093,Residencial,General Madariaga,P01,2021-02-12,2025-03-05,Competencia,Telefónico,cliente4092@gmail.com,2254449807
C5094,Residencial,Pinamar,P01,2023-04-01,,,Web,cliente4093@telpin.com.ar,02254-401076
C5095,Comercial,Ostende,P05,2023-06-11,,,Telefónico,cliente4094@yahoo.com.ar,2254465235
C5096,Residencial,Ostende,P03,2023-03-28,,,Vendedor,cliente4095@gmail.com,+54 2254 434246
C5097,Residencial,Ostende,P01,2021-04-13,,,Sucursal,cliente4096@telpin.com.ar,2254432852
C5098,Residencial,Pinamar,P03,2023-03-17,2026-05-08,Disconformidad con el servicio,Telefónico,cliente4097@hotmail.com,02254-470025
C5099,Residencial,GENERAL MADARIAGA,P03,2022-07-27,,,Sucursal,,
C5100,Residencial,Mar de Ostende,P02,2023-08-24,2025-12-13,Fin de temporada,Referido,cliente4099@gmail.com,2254495499
C5101,Residencial,Ostende,P02,2020-06-16,,,Telefónico,,2254455777
C5102,RESIDENCIAL,Mar de Ostende,P01,2023-04-03,,,Vendedor,cliente4101@yahoo.com.ar,02254-405899
C5103,Residencial,Pinamar,P02,2023-11-26,2024-12-23,Se muda,Referido,cliente4102@gmail.com,02254-409319
C5104,Residencial,Cariló,P02,2019-09-12,,,Web,cliente4103@telpin.com.ar,2254441399
C5105,Residencial,Pinamar,P03,2020-03-14,,,Web,cliente4104@gmail.com,2254477029
C5106,comercial,Ostende,P06,2023-01-26,,,Sucursal,cliente4105@telpin.com.ar,
C5107,Residencial,Pinamar,P04,2020-01-17,,,Sucursal,cliente4106@gmail.com,+54 2254 487731
C5108,Residencial,Mar de Ostende,P01,2023-07-31,2025-05-17,Sin motivo declarado,Vendedor,cliente4107@gmail.com,+54 2254 464047
C5109,Comercial,  Ostende ,P06,2024-05-20,,,Web,cliente4108@gmail.com,+54 2254 442084
C5110,residencial,General Madariaga,P01,2022-07-23,,,Sucursal,cliente4109@telpin.com.ar,02254-464664
C5111,Residencial,Cariló,P02,2023-04-21,,,Sucursal,cliente4110@hotmail.com,02254-472747
C5112,Residencial,Pinamar,P03,2023-08-23,,,Sucursal,cliente4111@hotmail.com,+54 2254 494354
C5113,Residencial,Mar de Ostende,P02,2016-02-28,,,Web,cliente4112@hotmail.com,02254-441413
C5114,Residencial,Pinamar,P03,2024-01-15,,,Vendedor,cliente4113@yahoo.com.ar,+54 2254 463477
C5115,Residencial,Valeria del Mar,P02,2018-12-22,,,Vendedor,cliente4114@gmail.com,02254-403045
C5116,Residencial,Pinamar,P02,2023-04-09,,,Web,cliente4115@telpin.com.ar,+54 2254 405270
C5117,Residencial,Ostende,P01,2023-12-14,,,Vendedor,cliente4116@hotmail.com,02254-445238
C5118,Residencial,Cariló,P03,2022-06-24,,,Sucursal,cliente4117@hotmail.com,2254470480
C5119,Residencial,Pinamar,P03,2023-07-15,,,Sucursal,cliente4118@gmail.com,2254493200
C5120,Residencial,Pinamar,P02,2023-01-13,,,Referido,,+54 2254 469972
C5121,RESIDENCIAL,Ostende,P01,2021-04-09,2026-04-27,Se muda,Referido,cliente4120@hotmail.com,+54 2254 438502
C5122,Residencial,Pinamar,P02,2019-05-05,,,Referido,cliente4121@hotmail.com,02254-401206
C5123,Residencial,Valeria del Mar,P04,2023-09-25,,,Web,cliente4122@telpin.com.ar,+54 2254 493282
C5124,Residencial,Pinamar,P04,2022-04-09,,,Vendedor,cliente4123@yahoo.com.ar,2254413847
C5125,residencial,Pinamar,P03,2020-10-21,2025-07-22,Competencia,Web,cliente4124@hotmail.com,+54 2254 494863
C5126,comercial,Pinamar,P06,2020-07-02,,,Telefónico,,+54 2254 491348
C5127,Residencial,CARILÓ,P04,2023-12-29,,,Telefónico,cliente4126@gmail.com,2254495420
C5128,Residencial,Ostende,P01,2017-04-26,,,Sucursal,cliente4127@gmail.com,02254-444989
C5129,Residencial,Cariló,P02,2013-04-24,,,Sucursal,cliente4128@gmail.com,+54 2254 419864
C5130,Residencial,Mar de Ostende,P04,2021-08-21,,,Web,,02254-408322
C5131,RESIDENCIAL,Pinamar,P01,2023-11-05,2024-12-18,Falta de pago,Referido,cliente4130@yahoo.com.ar,2254449525
C5132,Residencial,Pinamar,P02,2020-04-27,,,Web,cliente4131@telpin.com.ar,02254-418187
C5133,Residencial,Cariló,P01,2020-12-30,,,Referido,cliente4132@yahoo.com.ar,02254-480703
C5134,Residencial,Ostende,P04,2023-07-16,,,Referido,cliente4133@hotmail.com,02254-412696
C5135,Residencial,Pinamar,P02,2022-06-15,2025-12-23,Sin motivo declarado,Telefónico,cliente4134@hotmail.com,
C5136,Residencial,Mar de Ostende,P01,2023-05-19,2026-04-05,Fin de temporada,Referido,cliente4135@hotmail.com,02254-419951
C5137,Residencial,Pinamar,P01,2021-09-05,2025-12-14,Disconformidad con el servicio,Telefónico,cliente4136@gmail.com,
C5138,Residencial,Mar de Ostende,P03,2024-05-09,2026-04-24,Falta de pago,Referido,cliente4137@hotmail.com,+54 2254 453399
C5139,residencial,General Madariaga,P03,2020-12-26,,,Sucursal,cliente4138@gmail.com,
C5140,Residencial,Pinamar,P01,2023-08-31,2025-10-12,Sin motivo declarado,Web,cliente4139@hotmail.com,2254433414
C5141,Residencial,Cariló,P02,2016-05-15,,,Web,,2254476851
C5142,Residencial,Valeria del Mar,P01,2019-12-09,,,Web,cliente4141@telpin.com.ar,2254499723
C5143,Residencial,Valeria del Mar,P03,2023-08-24,2026-02-15,Fin de temporada,Sucursal,cliente4142@gmail.com,
C5144,Residencial,Valeria del Mar,P03,2019-09-16,,,Sucursal,cliente4143@hotmail.com,
C5145,Residencial,Pinamar,P02,2016-08-05,,,Vendedor,cliente4144@telpin.com.ar,2254437574
C5146,Residencial,Pinamar,P01,2020-02-20,,,Vendedor,cliente4145@telpin.com.ar,+54 2254 481016
C5147,Residencial,Valeria del Mar,P05,2022-12-11,,,Web,cliente4146@telpin.com.ar,2254440450
C5148,Residencial,Pinamar,P02,2021-10-15,2025-06-09,Competencia,Sucursal,cliente4147@gmail.com,
C5149,Residencial,Pinamar,P03,2023-06-14,,,Sucursal,cliente4148@gmail.com,02254-445223
C5150,Residencial,Ostende,P01,2023-06-21,2025-09-16,Se muda,Telefónico,cliente4149@gmail.com,+54 2254 434101
C5151,COMERCIAL,General Madariaga,P06,2018-12-27,,,Telefónico,cliente4150@gmail.com,2254469701
C5152,Residencial,Valeria del Mar,P01,2020-05-10,,,Telefónico,cliente4151@gmail.com,+54 2254 414551
C5153,residencial,Mar de Ostende,P03,2023-04-13,2026-02-13,Disconformidad con el servicio,Web,cliente4152@gmail.com,02254-487953
C5154,Residencial,Valeria del Mar,P02,2022-04-03,,,Sucursal,,+54 2254 485707
C5155,Residencial,PINAMAR,P05,2020-10-03,,,Telefónico,,02254-433405
C5156,Residencial,Cariló,P03,2021-02-08,,,Telefónico,cliente4155@telpin.com.ar,2254494697
C5157,Residencial,Mar de Ostende,P02,2021-10-08,,,Vendedor,cliente4156@gmail.com,+54 2254 462453
C5158,Residencial,Ostende,P01,2020-03-21,2024-08-07,Competencia,Web,cliente4157@gmail.com,2254425044
C5159,Residencial,General Madariaga,P01,2022-02-20,,,Telefónico,cliente4158@telpin.com.ar,02254-418516
C5160,Residencial,pinamar,P03,2022-01-18,,,Sucursal,cliente4159@gmail.com,
C5161,Comercial,General Madariaga,P06,2024-01-08,,,Vendedor,cliente4160@gmail.com,+54 2254 473915
C5162,Residencial,Mar de Ostende,P01,2023-08-10,,,Web,cliente4161@telpin.com.ar,2254467450
C5163,Residencial,Pinamar,P03,2023-02-19,,,Sucursal,cliente4162@hotmail.com,
C5164,RESIDENCIAL,Valeria del Mar,P02,2023-07-06,2025-04-21,Fin de temporada,Sucursal,cliente4163@gmail.com,02254-404994
C5165,Residencial,Pinamar,P01,2023-06-25,2024-08-24,Precio,Sucursal,cliente4164@hotmail.com,+54 2254 411640
C5166,Residencial,Pinamar,P01,2020-03-25,,,Vendedor,cliente4165@gmail.com,+54 2254 406755
C5167,Residencial,General Madariaga,P01,2023-09-29,2025-12-04,Precio,Web,cliente4166@gmail.com,+54 2254 451242
C5168,Residencial,Mar de Ostende,P02,2020-06-17,,,Sucursal,cliente4167@hotmail.com,2254490482
C5169,Residencial,Pinamar,P02,2020-03-25,,,Sucursal,cliente4168@yahoo.com.ar,+54 2254 425662
C5170,Residencial,General Madariaga,P02,2022-09-11,,,Sucursal,cliente4169@hotmail.com,02254-458802
C5171,Residencial,Ostende,P03,2022-08-22,,,Web,cliente4170@gmail.com,+54 2254 464011
C5172,Residencial,Pinamar,P04,2017-02-02,2026-01-10,Competencia,Vendedor,cliente4171@gmail.com,2254450576
C5173,RESIDENCIAL,Mar de Ostende,P03,2020-04-05,,,Referido,cliente4172@hotmail.com,02254-495773
C5174,Residencial,Pinamar,P03,2023-01-14,,,Telefónico,cliente4173@hotmail.com,02254-426095
C5175,Comercial,Pinamar,P06,2022-08-13,,,Telefónico,,+54 2254 403783
C5176,Residencial,Pinamar,P04,2021-01-04,,,Web,cliente4175@gmail.com,+54 2254 401085
C5177,Residencial,Valeria del Mar,P02,2019-07-23,,,Web,cliente4176@yahoo.com.ar,
C5178,Residencial,Ostende,P01,2022-10-16,,,Sucursal,cliente4177@hotmail.com,02254-495794
C5179,Residencial,Pinamar,P05,2023-05-24,,,Web,cliente4178@hotmail.com,02254-477053
C5180,Residencial,Valeria del Mar,P01,2023-02-25,2025-03-23,Fin de temporada,Sucursal,,
C5181,Residencial,Pinamar,P05,2022-02-20,,,Referido,cliente4180@hotmail.com,2254414772
C5182,Residencial,Pinamar,P01,2020-04-25,,,Vendedor,cliente4181@hotmail.com,2254493291
C5183,Residencial,cariló,P05,2021-07-09,,,Sucursal,cliente4182@telpin.com.ar,02254-403958
C5184,Residencial,Ostende,P01,2022-12-20,,,Sucursal,cliente4183@gmail.com,+54 2254 407083
C5185,Residencial,Cariló,P03,2022-12-12,2026-03-06,Falta de pago,Sucursal,,02254-436784
C5186,Residencial,Pinamar,P03,2023-01-21,,,Web,cliente4185@telpin.com.ar,02254-480031
C5187,Residencial,Pinamar,P03,2023-10-12,,,Sucursal,,2254474316
C5188,Residencial,Pinamar,P03,2023-02-02,,,Vendedor,cliente4187@hotmail.com,02254-467016
C5189,Residencial,Valeria del Mar,P05,2021-01-23,,,Telefónico,cliente4188@gmail.com,
C5190,Residencial,Valeria del Mar,P01,2019-05-13,2025-09-07,Precio,Sucursal,cliente4189@gmail.com,2254453778
C5191,Residencial,Ostende,P02,2022-08-07,2026-02-04,Falta de pago,Vendedor,cliente4190@gmail.com,
C5192,Residencial,Pinamar,P05,2022-03-05,,,Sucursal,cliente4191@yahoo.com.ar,
C5193,residencial,Ostende,P04,2020-08-22,,,Telefónico,cliente4192@hotmail.com,02254-455415
C5194,Residencial,Cariló,P03,2023-11-10,,,Web,cliente4193@gmail.com,+54 2254 474753
C5195,Comercial,Pinamar,P05,2023-07-26,,,Vendedor,cliente4194@gmail.com,02254-486276
C5196,Residencial,Valeria del Mar,P02,2021-08-26,,,Telefónico,cliente4195@yahoo.com.ar,+54 2254 409041
C5197,Residencial,Ostende,P02,2022-08-12,2025-02-23,Competencia,Telefónico,cliente4196@gmail.com,+54 2254 453726
C5198,Residencial,Pinamar,P05,2023-01-15,,,Web,,2254490039
C5199,RESIDENCIAL,Pinamar,P05,2020-05-24,,,Sucursal,cliente4198@hotmail.com,+54 2254 457047
C5200,Comercial,Pinamar,P06,2018-12-17,,,Sucursal,cliente4199@telpin.com.ar,+54 2254 438247
C5201,RESIDENCIAL,CARILÓ,P02,2024-08-22,,,Web,cliente4200@gmail.com,2254483967
C5202,residencial,Mar de Ostende,P03,2024-08-05,,,Web,cliente4201@gmail.com,+54 2254 467151
C5203,Comercial,Pinamar,P06,2024-08-27,2025-09-14,Competencia,Referido,cliente4202@hotmail.com,02254-493502
C5204,Comercial,Pinamar,P06,2024-08-11,,,Telefónico,cliente4203@hotmail.com,2254474635
C5205,residencial,Valeria del Mar,P03,2024-08-24,,,Vendedor,cliente4204@gmail.com,02254-438117
C5206,Residencial,Cariló,P01,2024-08-20,,,Web,cliente4205@hotmail.com,02254-489554
C5207,Residencial,Pinamar,P04,2024-08-25,,,Sucursal,cliente4206@hotmail.com,2254409477
C5208,Residencial,PINAMAR,P04,2024-08-06,,,Vendedor,cliente4207@gmail.com,2254449542
C5209,Residencial,Cariló,P02,2024-08-27,,,Sucursal,,02254-430046
C5210,Residencial,Pinamar,P03,2024-08-14,2025-02-11,Competencia,Telefónico,cliente4209@telpin.com.ar,2254488332
C5211,Residencial,Cariló,P01,2024-08-12,,,Sucursal,cliente4210@gmail.com,+54 2254 499670
C5212,Residencial,Pinamar,P02,2024-08-26,2025-09-19,Sin motivo declarado,Web,cliente4211@telpin.com.ar,2254445736
C5213,Residencial,Pinamar,P03,2024-08-16,,,Vendedor,,+54 2254 409130
C5214,Comercial,Cariló,P06,2024-08-17,,,Sucursal,cliente4213@gmail.com,2254483217
C5215,Residencial,Valeria del Mar,P03,2024-08-08,,,Referido,,
C5216,Residencial,Pinamar,P02,2024-08-21,,,Vendedor,cliente4215@gmail.com,02254-426768
C5217,Residencial,Pinamar,P01,2024-08-09,,,Sucursal,,+54 2254 466124
C5218,Residencial,Cariló,P01,2024-08-24,,,Sucursal,cliente4217@gmail.com,+54 2254 486384
C5219,RESIDENCIAL,Pinamar,P02,2024-08-15,,,Telefónico,cliente4218@gmail.com,2254400419
C5220,Residencial,General Madariaga,P02,2024-08-22,,,Referido,cliente4219@hotmail.com,
C5221,Residencial,Cariló,P03,2024-08-14,,,Telefónico,cliente4220@gmail.com,+54 2254 457742
C5222,Residencial,Pinamar,P03,2024-08-08,,,Telefónico,cliente4221@gmail.com,
C5223,Residencial,Pinamar,P01,2024-08-26,2024-08-16,Precio,Sucursal,cliente4222@gmail.com,02254-497478
C5224,residencial,Cariló,P03,2024-08-24,,,Telefónico,,+54 2254 406735
C5225,Residencial,Cariló,P01,2024-08-16,2025-03-09,Disconformidad con el servicio,Web,cliente4224@gmail.com,+54 2254 416148
C5226,Residencial,Pinamar,P04,2024-08-13,,,Referido,cliente4225@hotmail.com,
C5227,Residencial,Pinamar,P01,2024-08-22,2025-02-14,Se muda,Sucursal,cliente4226@gmail.com,+54 2254 412069
C5228,Residencial,Pinamar,P04,2024-08-22,,,Web,cliente4227@gmail.com,2254477924
C5229,Residencial,VALERIA DEL MAR,P02,2024-08-12,,,Vendedor,cliente4228@gmail.com,02254-482505
C5230,Residencial,Valeria del Mar,P02,2024-08-25,2025-07-25,Fin de temporada,Web,cliente4229@gmail.com,02254-411315
C5231,Residencial,Pinamar,P03,2024-08-21,,,Sucursal,cliente4230@gmail.com,02254-482006
C5232,Residencial,  Cariló ,P01,2024-08-05,,,Sucursal,cliente4231@hotmail.com,
C5233,residencial,Cariló,P02,2024-08-16,,,Sucursal,cliente4232@hotmail.com,2254443357
C5234,Residencial,Ostende,P03,2024-08-27,,,Vendedor,,2254480987
C5235,residencial,Pinamar,P04,2024-08-23,2024-08-24,Competencia,Sucursal,cliente4234@yahoo.com.ar,02254-451198
C5236,Residencial,Pinamar,P01,2024-08-11,2026-06-28,Se muda,Referido,,2254405710
C5237,Residencial,Ostende,P02,2024-08-08,,,Referido,cliente4236@gmail.com,+54 2254 425214
C5238,Residencial,General Madariaga,P02,2024-08-04,,,Sucursal,cliente4237@gmail.com,02254-410659
C5239,Residencial,Pinamar,P01,2024-08-21,,,Sucursal,cliente4238@gmail.com,2254414698
C5240,Residencial,Pinamar,P01,2024-08-17,,,Vendedor,cliente4239@telpin.com.ar,2254428640
C5241,Residencial,Pinamar,P02,2024-08-27,2025-03-01,Sin motivo declarado,Sucursal,cliente4240@telpin.com.ar,
C5242,Comercial,Pinamar,P06,2024-08-21,,,Sucursal,cliente4241@gmail.com,+54 2254 468486
C5243,Residencial,General Madariaga,P02,2024-08-12,,,Vendedor,cliente4242@gmail.com,
C5244,Residencial,Mar de Ostende,P01,2024-09-02,2025-07-20,Sin motivo declarado,Web,cliente4243@yahoo.com.ar,02254-446249
C5245,Residencial,pinamar,P03,2024-09-21,,,Web,cliente4244@telpin.com.ar,2254473739
C5246,Residencial,Valeria del Mar,P02,2024-09-07,2026-01-16,Se muda,Telefónico,cliente4245@gmail.com,+54 2254 413128
C5247,COMERCIAL,Mar de Ostende,P05,2024-09-27,,,Sucursal,cliente4246@hotmail.com,2254480461
C5248,Comercial,Ostende,P06,2024-09-18,,,Web,cliente4247@telpin.com.ar,02254-477376
C5249,Residencial,Ostende,P02,2024-09-25,2024-12-08,Sin motivo declarado,Telefónico,cliente4248@telpin.com.ar,+54 2254 425262
C5250,Residencial,Pinamar,P02,2024-09-17,,,Sucursal,,
C5251,Residencial,Pinamar,P02,2024-09-27,,,Sucursal,,02254-460868
C5252,Residencial,Pinamar,P02,2024-09-04,,,Sucursal,,+54 2254 447389
C5253,Comercial,Pinamar,P06,2024-09-16,,,Referido,cliente4252@gmail.com,02254-415430
C5254,Residencial,Valeria del Mar,P03,2024-09-22,,,Telefónico,cliente4253@telpin.com.ar,02254-421062
C5255,Residencial,Pinamar,P02,2024-09-26,,,Telefónico,cliente4254@gmail.com,+54 2254 444546
C5256,Residencial,Pinamar,P04,2024-09-21,2024-11-18,Se muda,Sucursal,cliente4255@gmail.com,+54 2254 457997
C5257,Residencial,pinamar,P01,2024-09-19,2026-06-14,Sin motivo declarado,Web,cliente4256@gmail.com,+54 2254 422551
C5258,Residencial,General Madariaga,P05,2024-09-25,,,Telefónico,cliente4257@gmail.com,02254-413158
C5259,residencial,Pinamar,P01,2024-09-19,,,Web,cliente4258@yahoo.com.ar,2254486335
C5260,Residencial,Pinamar,P05,2024-09-08,,,Web,cliente4259@telpin.com.ar,+54 2254 455489
C5261,Residencial,Ostende,P02,2024-09-02,2024-10-23,Disconformidad con el servicio,Vendedor,cliente4260@hotmail.com,+54 2254 485489
C5262,Residencial,Cariló,P05,2024-09-17,2024-10-12,Competencia,Web,cliente4261@telpin.com.ar,02254-417366
C5263,residencial,General Madariaga,P01,2024-09-06,,,Telefónico,cliente4262@telpin.com.ar,+54 2254 457688
C5264,Residencial,Pinamar,P01,2024-09-12,,,Vendedor,cliente4263@gmail.com,02254-470766
C5265,residencial,Ostende,P05,2024-09-14,,,Referido,cliente4264@gmail.com,2254479037
C5266,Residencial,Pinamar,P03,2024-09-19,,,Web,cliente4265@gmail.com,
C5267,Residencial,Pinamar,P03,2024-09-23,,,Telefónico,cliente4266@telpin.com.ar,02254-434921
C5268,Residencial,Cariló,P02,2024-09-20,,,Referido,cliente4267@yahoo.com.ar,+54 2254 454759
C5269,Residencial,Pinamar,P03,2024-09-20,,,Referido,cliente4268@telpin.com.ar,02254-442780
C5270,Residencial,Pinamar,P02,2024-09-07,,,Web,cliente4269@telpin.com.ar,+54 2254 402973
C5271,Comercial,Pinamar,P06,2024-09-10,,,Web,cliente4270@telpin.com.ar,2254473172
C5272,Residencial,Valeria del Mar,P02,2024-09-16,,,Telefónico,,2254464898
C5273,Residencial,Ostende,P01,2024-09-25,,,Vendedor,cliente4272@hotmail.com,02254-476789
C5274,residencial,Cariló,P04,2024-09-14,,,Web,cliente4273@telpin.com.ar,02254-424364
C5275,Comercial,General Madariaga,P06,2024-09-14,,,Web,cliente4274@gmail.com,
C5276,Residencial,Ostende,P04,2024-09-04,2025-03-29,Precio,Web,,+54 2254 488385
C5277,Residencial,General Madariaga,P04,2024-09-08,2025-03-13,Falta de pago,Vendedor,cliente4276@telpin.com.ar,02254-455478
C5278,Residencial,pinamar,P03,2024-09-23,2025-07-30,Se muda,Sucursal,cliente4277@hotmail.com,+54 2254 447752
C5279,Comercial,Pinamar,P06,2024-09-11,,,Referido,cliente4278@telpin.com.ar,+54 2254 411599
C5280,Residencial,Cariló,P03,2024-09-23,,,Web,cliente4279@gmail.com,02254-425015
C5281,Residencial,Ostende,P01,2024-09-23,,,Vendedor,cliente4280@telpin.com.ar,+54 2254 427606
C5282,Residencial,Ostende,P03,2024-09-16,2026-02-02,Se muda,Sucursal,cliente4281@gmail.com,02254-452053
C5283,Residencial,Valeria del Mar,P01,2024-09-13,2025-03-26,Fin de temporada,Vendedor,cliente4282@gmail.com,2254401575
C5284,Residencial,Cariló,P03,2024-09-05,2025-04-10,Fin de temporada,Web,cliente4283@gmail.com,
C5285,Residencial,General Madariaga,P02,2024-09-13,,,Referido,cliente4284@gmail.com,2254455895
C5286,Residencial,Mar de Ostende,P04,2024-09-06,,,Referido,,02254-431935
C5287,Residencial,  Valeria del Mar ,P02,2024-10-04,,,Sucursal,cliente4286@hotmail.com,+54 2254 437439
C5288,Residencial,Pinamar,P05,2024-10-04,,,Sucursal,cliente4287@telpin.com.ar,2254439566
C5289,Residencial,Mar de Ostende,P03,2024-10-19,2026-04-26,Falta de pago,Sucursal,cliente4288@gmail.com,02254-460230
C5290,Residencial,Valeria del Mar,P01,2024-10-18,2025-03-01,Fin de temporada,Sucursal,cliente4289@gmail.com,02254-489328
C5291,Residencial,Valeria del Mar,P03,2024-10-13,,,Sucursal,cliente4290@gmail.com,+54 2254 425863
C5292,Residencial,Ostende,P01,2024-10-17,,,Sucursal,cliente4291@gmail.com,+54 2254 490254
C5293,residencial,Valeria del Mar,P01,2024-10-07,2025-05-24,Falta de pago,Telefónico,,2254461842
C5294,Residencial,Pinamar,P05,2024-10-17,,,Referido,cliente4293@gmail.com,02254-472810
C5295,Residencial,General Madariaga,P03,2024-10-20,,,Referido,cliente4294@hotmail.com,+54 2254 426747
C5296,Comercial,PINAMAR,P05,2024-10-10,,,Vendedor,,2254465288
C5297,Residencial,Mar de Ostende,P02,2024-10-07,,,Web,,2254485476
C5298,Residencial,Ostende,P02,2024-10-04,,,Web,cliente4297@gmail.com,2254436879
C5299,residencial,Pinamar,P04,2024-10-02,,,Vendedor,cliente4298@gmail.com,2254423996
C5300,Residencial,Pinamar,P02,2024-10-15,,,Web,cliente4299@gmail.com,02254-499760
C5301,Residencial,Ostende,P02,2024-10-05,,,Vendedor,cliente4300@hotmail.com,+54 2254 466951
C5302,residencial,pinamar,P01,2024-10-10,,,Referido,cliente4301@telpin.com.ar,+54 2254 413383
C5303,Residencial,Pinamar,P03,2024-10-06,,,Web,cliente4302@gmail.com,02254-403600
C5304,residencial,Pinamar,P01,2024-10-01,,,Web,cliente4303@hotmail.com,+54 2254 489449
C5305,Residencial,Ostende,P04,2024-10-09,2025-01-26,Sin motivo declarado,Sucursal,cliente4304@yahoo.com.ar,
C5306,Residencial,Mar de Ostende,P01,2024-10-16,2025-09-16,Fin de temporada,Telefónico,cliente4305@gmail.com,02254-402924
C5307,Residencial,VALERIA DEL MAR,P03,2024-10-05,,,Vendedor,,2254439124
C5308,Residencial,Mar de Ostende,P04,2024-10-11,,,Sucursal,cliente4307@gmail.com,02254-464972
C5309,residencial,Cariló,P03,2024-10-21,,,Vendedor,cliente4308@gmail.com,2254433672
C5310,Residencial,Pinamar,P01,2024-10-14,2025-04-30,Competencia,Sucursal,cliente4309@gmail.com,02254-453761
C5311,RESIDENCIAL,Cariló,P02,2024-10-23,,,Web,cliente4310@telpin.com.ar,+54 2254 446145
C5312,Residencial,Ostende,P01,2024-10-06,,,Sucursal,cliente4311@yahoo.com.ar,2254420912
C5313,Residencial,Pinamar,P01,2024-10-24,,,Telefónico,cliente4312@hotmail.com,
C5314,Residencial,Pinamar,P02,2024-10-27,,,Sucursal,cliente4313@gmail.com,02254-485641
C5315,residencial,Pinamar,P03,2024-10-19,2025-12-02,Se muda,Referido,cliente4314@gmail.com,+54 2254 454552
C5316,Residencial,Mar de Ostende,P03,2024-10-12,,,Sucursal,cliente4315@gmail.com,02254-414770
C5317,Residencial,Valeria del Mar,P02,2024-10-17,2025-05-19,Fin de temporada,Sucursal,cliente4316@telpin.com.ar,02254-464022
C5318,Residencial,General Madariaga,P02,2024-10-03,,,Vendedor,cliente4317@gmail.com,2254443366
C5319,residencial,Ostende,P04,2024-10-07,2025-04-12,Precio,Vendedor,cliente4318@gmail.com,02254-479264
C5320,Residencial,Cariló,P02,2024-10-26,2025-02-08,Competencia,Sucursal,cliente4319@gmail.com,02254-464638
C5321,Residencial,Pinamar,P03,2024-10-04,,,Web,cliente4320@gmail.com,2254491809
C5322,Residencial,Mar de Ostende,P01,2024-10-21,,,Web,cliente4321@gmail.com,02254-450979
C5323,Residencial,CARILÓ,P01,2024-10-22,,,Telefónico,cliente4322@telpin.com.ar,+54 2254 425745
C5324,Comercial,Pinamar,P06,2024-10-04,,,Telefónico,cliente4323@gmail.com,
C5325,Residencial,Valeria del Mar,P03,2024-10-17,,,Web,cliente4324@hotmail.com,02254-498090
C5326,Residencial,General Madariaga,P05,2024-10-04,2025-03-24,Falta de pago,Telefónico,cliente4325@gmail.com,+54 2254 499028
C5327,Comercial,Pinamar,P06,2024-10-18,,,Sucursal,cliente4326@hotmail.com,+54 2254 470424
C5328,Residencial,Pinamar,P01,2024-10-11,,,Telefónico,cliente4327@gmail.com,02254-428252
C5329,Comercial,General Madariaga,P05,2024-11-23,,,Web,cliente4328@yahoo.com.ar,02254-417039
C5330,Residencial,Mar de Ostende,P03,2024-11-11,2025-03-29,Se muda,Sucursal,,+54 2254 444399
C5331,COMERCIAL,CARILÓ,P05,2024-11-05,,,Vendedor,,02254-400102
C5332,Residencial,Valeria del Mar,P03,2024-11-26,2025-01-04,Precio,Telefónico,cliente4331@hotmail.com,02254-403792
C5333,Residencial,Pinamar,P02,2024-11-16,,,Web,cliente4332@gmail.com,+54 2254 492797
C5334,Residencial,Pinamar,P03,2024-11-08,,,Telefónico,cliente4333@gmail.com,+54 2254 438007
C5335,Residencial,Pinamar,P03,2024-11-09,,,Sucursal,cliente4334@gmail.com,+54 2254 497291
C5336,Residencial,Pinamar,P02,2024-11-20,2025-11-29,Se muda,Telefónico,cliente4335@gmail.com,02254-401430
C5337,Comercial,General Madariaga,P05,2024-11-07,,,Sucursal,cliente4336@gmail.com,2254492314
C5338,Residencial,Cariló,P02,2024-11-15,,,Telefónico,cliente4337@gmail.com,02254-480974
C5339,Residencial,Pinamar,P05,2024-11-07,,,Vendedor,cliente4338@hotmail.com,+54 2254 467533
C5340,Residencial,Pinamar,P01,2024-11-05,,,Telefónico,cliente4339@gmail.com,2254414141
C5341,Residencial,Pinamar,P02,2024-11-20,,,Web,,2254444760
C5342,Residencial,Valeria del Mar,P04,2024-11-13,,,Telefónico,cliente4341@gmail.com,2254447802
C5343,Residencial,Pinamar,P01,2024-11-27,,,Vendedor,cliente4342@hotmail.com,02254-470307
C5344,Residencial,Pinamar,P03,2024-11-08,2025-03-26,Precio,Sucursal,cliente4343@hotmail.com,2254424363
C5345,Residencial,General Madariaga,P03,2024-11-16,,,Sucursal,cliente4344@gmail.com,2254443448
C5346,Residencial,Valeria del Mar,P05,2024-11-12,2025-03-10,Fin de temporada,Sucursal,cliente4345@gmail.com,+54 2254 490525
C5347,Residencial,Valeria del Mar,P02,2024-11-15,,,Referido,,+54 2254 455382
C5348,Residencial,PINAMAR,P03,2024-11-15,,,Referido,cliente4347@hotmail.com,02254-486125
C5349,Residencial,Ostende,P01,2024-11-20,,,Web,cliente4348@hotmail.com,02254-412082
C5350,Residencial,valeria del mar,P02,2024-11-15,,,Web,cliente4349@hotmail.com,2254479047
C5351,Residencial,Pinamar,P01,2024-11-18,,,Telefónico,cliente4350@hotmail.com,+54 2254 469312
C5352,Residencial,Pinamar,P04,2024-11-20,,,Web,cliente4351@telpin.com.ar,
C5353,Comercial,Pinamar,P06,2024-11-09,,,Sucursal,cliente4352@gmail.com,+54 2254 471773
C5354,Residencial,Pinamar,P01,2024-11-06,,,Web,cliente4353@hotmail.com,2254488720
C5355,Residencial,Pinamar,P02,2024-11-16,,,Telefónico,cliente4354@yahoo.com.ar,
C5356,Residencial,Pinamar,P01,2024-11-20,,,Web,,02254-421042
C5357,Residencial,Pinamar,P01,2024-11-04,2025-07-29,Se muda,Vendedor,cliente4356@yahoo.com.ar,02254-456567
C5358,Residencial,ostende,P04,2024-11-21,,,Web,cliente4357@hotmail.com,+54 2254 400073
C5359,residencial,Pinamar,P02,2024-11-18,,,Sucursal,cliente4358@gmail.com,2254481331
C5360,Residencial,pinamar,P04,2024-11-24,,,Telefónico,cliente4359@gmail.com,2254446225
C5361,Residencial,Cariló,P03,2024-11-01,2025-03-21,Fin de temporada,Web,cliente4360@telpin.com.ar,02254-462603
C5362,Residencial,Pinamar,P01,2024-11-09,,,Referido,cliente4361@gmail.com,02254-451782
C5363,residencial,valeria del mar,P02,2024-11-05,2025-08-05,Fin de temporada,Sucursal,cliente4362@gmail.com,2254427807
C5364,Comercial,Valeria del Mar,P06,2024-11-16,,,Sucursal,cliente4363@hotmail.com,02254-456587
C5365,Residencial,General Madariaga,P03,2024-11-10,,,Vendedor,cliente4364@telpin.com.ar,
C5366,Residencial,Pinamar,P01,2024-11-13,,,Vendedor,cliente4365@gmail.com,+54 2254 416001
C5367,Residencial,Valeria del Mar,P03,2024-11-14,2025-05-15,Precio,Telefónico,cliente4366@gmail.com,02254-412532
C5368,Residencial,Valeria del Mar,P03,2024-11-18,,,Sucursal,cliente4367@yahoo.com.ar,+54 2254 406075
C5369,Residencial,Pinamar,P02,2024-11-04,,,Sucursal,cliente4368@yahoo.com.ar,2254413952
C5370,Residencial,Pinamar,P02,2024-11-25,,,Sucursal,cliente4369@gmail.com,2254403535
C5371,Comercial,Valeria del Mar,P06,2024-11-03,,,Telefónico,cliente4370@yahoo.com.ar,2254499908
C5372,Residencial,VALERIA DEL MAR,P01,2024-11-05,,,Vendedor,cliente4371@gmail.com,02254-452547
C5373,Residencial,Pinamar,P02,2024-11-22,,,Sucursal,,02254-469374
C5374,Comercial,Valeria del Mar,P05,2024-12-10,,,Telefónico,cliente4373@yahoo.com.ar,+54 2254 415403
C5375,Residencial,Pinamar,P01,2024-12-06,,,Referido,cliente4374@telpin.com.ar,+54 2254 466585
C5376,Residencial,Mar de Ostende,P01,2024-12-22,,,Referido,cliente4375@gmail.com,+54 2254 444389
C5377,Residencial,Valeria del Mar,P01,2024-12-21,,,Sucursal,cliente4376@gmail.com,+54 2254 449759
C5378,Residencial,Ostende,P02,2024-12-24,2025-01-21,Disconformidad con el servicio,Telefónico,cliente4377@hotmail.com,
C5379,Residencial,OSTENDE,P03,2024-12-02,2025-11-27,Se muda,Web,cliente4378@hotmail.com,+54 2254 441356
C5380,Residencial,Pinamar,P02,2024-12-01,,,Sucursal,,2254481954
C5381,Residencial,Cariló,P02,2024-12-22,,,Sucursal,cliente4380@gmail.com,02254-410570
C5382,Residencial,Ostende,P02,2024-12-08,2025-06-28,Se muda,Telefónico,cliente4381@telpin.com.ar,2254413390
C5383,RESIDENCIAL,Pinamar,P02,2024-12-14,,,Sucursal,cliente4382@gmail.com,02254-441623
C5384,Residencial,Pinamar,P03,2024-12-22,,,Referido,cliente4383@telpin.com.ar,02254-464820
C5385,Residencial,Pinamar,P03,2024-12-09,,,Referido,cliente4384@gmail.com,02254-477734
C5386,residencial,Ostende,P01,2024-12-22,,,Sucursal,cliente4385@hotmail.com,02254-456578
C5387,Residencial,Pinamar,P04,2024-12-20,,,Sucursal,cliente4386@gmail.com,+54 2254 498879
C5388,Residencial,Pinamar,P02,2024-12-15,2025-07-18,Falta de pago,Referido,cliente4387@hotmail.com,2254439647
C5389,Residencial,Cariló,P01,2024-12-16,,,Sucursal,cliente4388@telpin.com.ar,2254442715
C5390,Residencial,Mar de Ostende,P02,2024-12-19,,,Telefónico,cliente4389@hotmail.com,+54 2254 487694
C5391,Residencial,Pinamar,P03,2024-12-04,,,Telefónico,cliente4390@gmail.com,2254403762
C5392,Residencial,Ostende,P01,2024-12-15,,,Vendedor,cliente4391@gmail.com,02254-416671
C5393,Residencial,Pinamar,P03,2024-12-19,,,Sucursal,cliente4392@telpin.com.ar,+54 2254 404325
C5394,Residencial,MAR DE OSTENDE,P03,2024-12-14,2025-06-29,Fin de temporada,Sucursal,cliente4393@gmail.com,+54 2254 476134
C5395,Residencial,Ostende,P01,2024-12-24,,,Sucursal,cliente4394@telpin.com.ar,
C5396,Residencial,Pinamar,P01,2024-12-25,2026-04-24,Disconformidad con el servicio,Web,cliente4395@telpin.com.ar,2254405284
C5397,Residencial,General Madariaga,P02,2024-12-15,2025-02-03,Precio,Referido,cliente4396@yahoo.com.ar,2254457760
C5398,Residencial,Cariló,P03,2024-12-22,,,Web,cliente4397@gmail.com,02254-491503
C5399,Residencial,Mar de Ostende,P04,2024-12-24,,,Telefónico,cliente4398@hotmail.com,02254-460874
C5400,Residencial,Ostende,P02,2024-12-08,,,Sucursal,cliente4399@gmail.com,+54 2254 450109
C5401,Residencial,General Madariaga,P03,2024-12-19,,,Referido,cliente4400@gmail.com,2254457073
C5402,Residencial,PINAMAR,P02,2024-12-17,,,Telefónico,cliente4401@hotmail.com,
C5403,Residencial,Pinamar,P03,2024-12-13,,,Sucursal,cliente4402@gmail.com,02254-418842
C5404,Residencial,Pinamar,P04,2024-12-19,,,Vendedor,cliente4403@telpin.com.ar,2254408736
C5405,Residencial,  Pinamar ,P02,2024-12-27,,,Web,cliente4404@hotmail.com,02254-486545
C5406,Residencial,pinamar,P03,2024-12-22,,,Sucursal,cliente4405@gmail.com,+54 2254 430749
C5407,Residencial,Pinamar,P03,2024-12-05,,,Vendedor,cliente4406@gmail.com,+54 2254 427143
C5408,Residencial,Ostende,P02,2024-12-27,,,Vendedor,cliente4407@hotmail.com,02254-452130
C5409,Residencial,Pinamar,P03,2024-12-17,,,Sucursal,cliente4408@gmail.com,2254445330
C5410,Residencial,Valeria del Mar,P03,2025-01-03,,,Sucursal,cliente4409@gmail.com,2254492337
C5411,Residencial,Valeria del Mar,P02,2025-01-11,2025-10-01,Fin de temporada,Sucursal,cliente4410@yahoo.com.ar,02254-428596
C5412,Comercial,Pinamar,P06,2025-01-02,,,Vendedor,cliente4411@gmail.com,+54 2254 477517
C5413,Residencial,Pinamar,P02,2025-01-04,,,Sucursal,,+54 2254 464569
C5414,Residencial,Mar de Ostende,P03,2025-01-18,2025-03-17,Fin de temporada,Sucursal,cliente4413@gmail.com,02254-434156
C5415,Residencial,General Madariaga,P02,2025-01-13,,,Vendedor,cliente4414@gmail.com,2254401497
C5416,Residencial,General Madariaga,P02,2025-01-16,,,Telefónico,cliente4415@gmail.com,
C5417,Residencial,Valeria del Mar,P02,2025-01-24,,,Referido,cliente4416@hotmail.com,
C5418,residencial,  Pinamar ,P03,2025-01-02,,,Web,cliente4417@gmail.com,2254482134
C5419,Residencial,General Madariaga,P03,2025-01-14,,,Sucursal,cliente4418@gmail.com,
C5420,Residencial,Pinamar,P04,2025-01-03,,,Web,cliente4419@gmail.com,2254423003
C5421,Residencial,mar de ostende,P03,2025-01-24,,,Referido,cliente4420@telpin.com.ar,2254473096
C5422,residencial,Valeria del Mar,P01,2025-01-20,,,Sucursal,cliente4421@gmail.com,02254-449439
C5423,Comercial,Pinamar,P06,2025-01-08,,,Web,,2254442525
C5424,Residencial,General Madariaga,P03,2025-01-18,,,Sucursal,cliente4423@telpin.com.ar,02254-400975
C5425,Residencial,General Madariaga,P05,2025-01-08,2025-04-20,Sin motivo declarado,Vendedor,,2254462798
C5426,Residencial,Pinamar,P02,2025-01-02,,,Telefónico,cliente4425@gmail.com,+54 2254 421064
C5427,Residencial,Cariló,P02,2025-01-09,,,Sucursal,cliente4426@yahoo.com.ar,02254-413296
C5428,Residencial,Ostende,P05,2025-01-07,2025-05-19,Se muda,Telefónico,cliente4427@gmail.com,2254406622
C5429,Residencial,Ostende,P02,2025-01-25,,,Web,cliente4428@hotmail.com,2254413192
C5430,Residencial,Pinamar,P03,2025-01-05,,,Vendedor,cliente4429@yahoo.com.ar,02254-441332
C5431,Residencial,Cariló,P05,2025-01-02,,,Sucursal,cliente4430@gmail.com,2254463821
C5432,Residencial,General Madariaga,P02,2025-01-01,2025-02-03,Precio,Vendedor,cliente4431@gmail.com,
C5433,Residencial,Valeria del Mar,P05,2025-01-20,2025-09-09,Precio,Referido,cliente4432@gmail.com,02254-459825
C5434,Residencial,MAR DE OSTENDE,P05,2025-01-05,,,Sucursal,,2254499891
C5435,residencial,Pinamar,P01,2025-01-16,,,Web,cliente4434@gmail.com,2254400267
C5436,Residencial,Mar de Ostende,P01,2025-01-16,,,Sucursal,cliente4435@gmail.com,02254-407193
C5437,Comercial,Ostende,P06,2025-01-24,,,Sucursal,cliente4436@gmail.com,+54 2254 434120
C5438,Comercial,Pinamar,P06,2025-01-18,,,Telefónico,cliente4437@gmail.com,2254448586
C5439,Residencial,  Cariló ,P03,2025-01-13,,,Vendedor,cliente4438@gmail.com,02254-442456
C5440,Residencial,Valeria del Mar,P02,2025-01-17,,,Web,cliente4439@gmail.com,2254427607
C5441,Residencial,Pinamar,P04,2025-01-25,2026-01-24,Se muda,Sucursal,cliente4440@gmail.com,02254-472184
C5442,Residencial,Pinamar,P05,2025-01-08,,,Sucursal,cliente4441@gmail.com,+54 2254 469413
C5443,Residencial,Mar de Ostende,P01,2025-01-08,,,Sucursal,cliente4442@gmail.com,+54 2254 461085
C5444,Residencial,Ostende,P04,2025-01-04,2025-03-12,Precio,Telefónico,cliente4443@telpin.com.ar,+54 2254 429963
C5445,Residencial,Mar de Ostende,P02,2025-01-15,,,Referido,cliente4444@gmail.com,2254453825
C5446,Comercial,Ostende,P06,2025-01-17,2025-02-07,Falta de pago,Sucursal,cliente4445@gmail.com,2254465934
C5447,Residencial,Pinamar,P01,2025-01-05,,,Vendedor,cliente4446@telpin.com.ar,02254-405792
C5448,Residencial,ostende,P01,2025-01-16,,,Web,cliente4447@gmail.com,+54 2254 489027
C5449,Residencial,Pinamar,P02,2025-01-07,,,Web,cliente4448@yahoo.com.ar,+54 2254 439154
C5450,Residencial,Valeria del Mar,P03,2025-01-07,,,Sucursal,cliente4449@hotmail.com,
C5451,Residencial,OSTENDE,P02,2025-01-15,,,Referido,cliente4450@hotmail.com,+54 2254 411005
C5452,Residencial,Pinamar,P02,2025-01-14,,,Vendedor,,+54 2254 459008
C5453,Residencial,Ostende,P04,2025-01-16,,,Telefónico,cliente4452@hotmail.com,2254485616
C5454,Residencial,Pinamar,P04,2025-01-14,,,Vendedor,cliente4453@yahoo.com.ar,+54 2254 424818
C5455,Residencial,Ostende,P02,2025-01-02,2025-05-28,Disconformidad con el servicio,Vendedor,cliente4454@hotmail.com,2254418928
C5456,Residencial,Pinamar,P01,2025-01-08,2025-01-03,Sin motivo declarado,Vendedor,cliente4455@gmail.com,
C5457,Comercial,Pinamar,P06,2025-01-03,,,Sucursal,cliente4456@hotmail.com,
C5458,comercial,Valeria del Mar,P06,2025-01-15,,,Referido,cliente4457@hotmail.com,+54 2254 482445
C5459,Residencial,Pinamar,P02,2025-02-06,,,Sucursal,cliente4458@yahoo.com.ar,02254-448159
C5460,Residencial,PINAMAR,P05,2025-02-10,,,Sucursal,cliente4459@hotmail.com,2254421982
C5461,Residencial,cariló,P02,2025-02-15,,,Vendedor,,2254457023
C5462,Residencial,Valeria del Mar,P04,2025-02-12,,,Sucursal,cliente4461@gmail.com,02254-483511
C5463,Residencial,Valeria del Mar,P04,2025-02-21,2025-03-05,Fin de temporada,Telefónico,cliente4462@gmail.com,02254-475165
C5464,RESIDENCIAL,Pinamar,P02,2025-02-23,2025-07-06,Falta de pago,Web,cliente4463@hotmail.com,+54 2254 427343
C5465,residencial,Ostende,P01,2025-02-01,2026-07-04,Precio,Telefónico,cliente4464@gmail.com,+54 2254 440082
C5466,comercial,Pinamar,P06,2025-02-09,2026-02-06,Se muda,Web,,+54 2254 426918
C5467,Residencial,General Madariaga,P05,2025-02-03,,,Telefónico,cliente4466@hotmail.com,
C5468,Residencial,ostende,P03,2025-02-10,,,Referido,cliente4467@gmail.com,2254474983
C5469,Residencial,Ostende,P04,2025-02-26,,,Web,cliente4468@gmail.com,2254444972
C5470,residencial,  Mar de Ostende ,P02,2025-02-21,,,Telefónico,cliente4469@gmail.com,02254-455768
C5471,Residencial,Mar de Ostende,P04,2025-02-20,2025-08-17,Precio,Sucursal,cliente4470@hotmail.com,
C5472,Residencial,Pinamar,P04,2025-02-08,,,Vendedor,cliente4471@gmail.com,02254-482498
C5473,Residencial,Ostende,P03,2025-02-19,,,Web,cliente4472@gmail.com,
C5474,Residencial,Valeria del Mar,P02,2025-02-24,,,Sucursal,cliente4473@hotmail.com,02254-472510
C5475,Residencial,Pinamar,P02,2025-02-08,,,Vendedor,cliente4474@gmail.com,02254-412932
C5476,comercial,Pinamar,P06,2025-02-06,,,Sucursal,cliente4475@yahoo.com.ar,2254467633
C5477,Residencial,Pinamar,P03,2025-02-05,2025-09-06,Disconformidad con el servicio,Web,cliente4476@gmail.com,2254476870
C5478,Residencial,Valeria del Mar,P05,2025-02-21,,,Sucursal,cliente4477@gmail.com,2254479543
C5479,Residencial,Pinamar,P02,2025-02-08,,,Telefónico,cliente4478@yahoo.com.ar,
C5480,Comercial,Ostende,P06,2025-02-10,2025-05-07,Se muda,Sucursal,cliente4479@gmail.com,2254424447
C5481,Residencial,Cariló,P03,2025-02-02,2026-01-29,Se muda,Vendedor,cliente4480@gmail.com,2254466833
C5482,Residencial,Pinamar,P05,2025-02-21,2025-08-19,Disconformidad con el servicio,Referido,cliente4481@gmail.com,2254474446
C5483,Residencial,Pinamar,P02,2025-02-25,,,Sucursal,cliente4482@telpin.com.ar,+54 2254 465914
C5484,Residencial,Pinamar,P01,2025-02-04,,,Sucursal,cliente4483@hotmail.com,02254-435496
C5485,Residencial,General Madariaga,P02,2025-02-16,,,Vendedor,cliente4484@yahoo.com.ar,+54 2254 490005
C5486,Residencial,Cariló,P02,2025-02-01,,,Telefónico,cliente4485@gmail.com,2254426505
C5487,Residencial,Cariló,P01,2025-02-17,,,Sucursal,cliente4486@hotmail.com,+54 2254 476807
C5488,Residencial,Cariló,P01,2025-02-10,,,Vendedor,cliente4487@telpin.com.ar,+54 2254 488103
C5489,Residencial,Pinamar,P04,2025-02-02,2025-09-09,Se muda,Telefónico,,02254-429133
C5490,Comercial,Ostende,P06,2025-02-12,,,Telefónico,cliente4489@hotmail.com,2254409723
C5491,RESIDENCIAL,Pinamar,P05,2025-02-13,,,Sucursal,cliente4490@gmail.com,02254-496660
C5492,residencial,Mar de Ostende,P03,2025-02-22,,,Web,cliente4491@hotmail.com,2254495706
C5493,Residencial,Cariló,P02,2025-02-15,2025-11-12,Se muda,Web,cliente4492@gmail.com,2254488740
C5494,Residencial,Valeria del Mar,P03,2025-02-22,2026-03-06,Sin motivo declarado,Web,cliente4493@yahoo.com.ar,2254480726
C5495,Residencial,Valeria del Mar,P01,2025-02-15,2025-03-08,Fin de temporada,Web,cliente4494@telpin.com.ar,+54 2254 433093
C5496,Residencial,Ostende,P03,2025-02-07,2025-07-05,Disconformidad con el servicio,Web,cliente4495@hotmail.com,+54 2254 464294
C5497,Residencial,Pinamar,P05,2025-02-17,,,Web,,2254449276
C5498,Comercial,Pinamar,P06,2025-02-17,,,Sucursal,cliente4497@hotmail.com,2254492368
C5499,Residencial,Mar de Ostende,P05,2025-02-08,,,Telefónico,cliente4498@gmail.com,2254429268
C5500,Residencial,Valeria del Mar,P02,2025-02-12,,,Sucursal,cliente4499@hotmail.com,
C5501,Residencial,Pinamar,P03,2025-02-17,2025-05-05,Se muda,Vendedor,cliente4500@gmail.com,02254-446647
C5502,Residencial,Cariló,P02,2025-02-05,,,Sucursal,cliente4501@gmail.com,2254471155
C5503,Residencial,General Madariaga,P05,2025-02-25,,,Vendedor,cliente4502@hotmail.com,+54 2254 489289
C5504,Comercial,Pinamar,P06,2025-02-19,,,Sucursal,cliente4503@gmail.com,02254-441747
C5505,Residencial,Pinamar,P02,2025-02-04,,,Referido,cliente4504@hotmail.com,+54 2254 487133
C5506,Residencial,  Cariló ,P03,2025-02-09,,,Vendedor,cliente4505@gmail.com,02254-479430
C5507,Residencial,General Madariaga,P02,2025-02-05,,,Vendedor,cliente4506@hotmail.com,2254498459
C5508,Residencial,ostende,P02,2025-02-25,,,Telefónico,cliente4507@telpin.com.ar,+54 2254 474876
C5509,Residencial,Cariló,P03,2025-03-25,,,Vendedor,cliente4508@gmail.com,2254498175
C5510,Residencial,General Madariaga,P02,2025-03-23,,,Referido,cliente4509@telpin.com.ar,
C5511,Comercial,Pinamar,P06,2025-03-13,,,Web,cliente4510@gmail.com,2254487899
C5512,Residencial,Cariló,P02,2025-03-13,,,Sucursal,cliente4511@hotmail.com,+54 2254 466477
C5513,Residencial,Pinamar,P04,2025-03-22,,,Referido,cliente4512@hotmail.com,+54 2254 418957
C5514,Residencial,Valeria del Mar,P02,2025-03-23,,,Web,cliente4513@hotmail.com,02254-451307
C5515,Residencial,Valeria del Mar,P04,2025-03-25,,,Vendedor,cliente4514@hotmail.com,2254424286
C5516,RESIDENCIAL,Valeria del Mar,P01,2025-03-11,,,Telefónico,,02254-419005
C5517,RESIDENCIAL,Ostende,P02,2025-03-22,,,Sucursal,cliente4516@gmail.com,2254460232
C5518,Residencial,  Mar de Ostende ,P03,2025-03-26,,,Web,cliente4517@gmail.com,2254465714
C5519,Residencial,Pinamar,P02,2025-03-23,,,Sucursal,cliente4518@hotmail.com,2254426404
C5520,Residencial,Pinamar,P02,2025-03-08,,,Sucursal,cliente4519@gmail.com,
C5521,Residencial,pinamar,P04,2025-03-02,,,Sucursal,,+54 2254 491916
C5522,Comercial,Pinamar,P06,2025-03-26,2026-01-22,Competencia,Telefónico,cliente4521@gmail.com,2254416722
C5523,Residencial,Pinamar,P04,2025-03-15,,,Web,cliente4522@hotmail.com,+54 2254 441150
C5524,Residencial,Mar de Ostende,P03,2025-03-24,2026-03-12,Precio,Referido,cliente4523@gmail.com,2254461842
C5525,Residencial,General Madariaga,P03,2025-03-11,,,Sucursal,cliente4524@hotmail.com,+54 2254 426335
C5526,Residencial,Ostende,P03,2025-03-26,,,Referido,,02254-475031
C5527,Residencial,  Pinamar ,P02,2025-03-19,,,Vendedor,cliente4526@gmail.com,2254488232
C5528,Residencial,Pinamar,P04,2025-03-14,,,Web,cliente4527@telpin.com.ar,02254-428996
C5529,Residencial,Mar de Ostende,P01,2025-03-12,2025-04-12,Fin de temporada,Telefónico,cliente4528@gmail.com,02254-450124
C5530,Residencial,Cariló,P02,2025-03-06,,,Sucursal,cliente4529@gmail.com,02254-458884
C5531,RESIDENCIAL,CARILÓ,P03,2025-03-04,,,Sucursal,cliente4530@gmail.com,+54 2254 485204
C5532,Residencial,Pinamar,P01,2025-03-16,,,Sucursal,cliente4531@gmail.com,2254460721
C5533,Residencial,Cariló,P02,2025-03-26,2025-12-04,Competencia,Vendedor,cliente4532@hotmail.com,2254467094
C5534,Comercial,Pinamar,P06,2025-03-05,,,Web,cliente4533@telpin.com.ar,02254-410661
C5535,Residencial,Pinamar,P04,2025-03-05,2026-01-03,Precio,Referido,cliente4534@gmail.com,+54 2254 433227
C5536,Residencial,Pinamar,P01,2025-03-06,2026-04-26,Precio,Telefónico,cliente4535@gmail.com,02254-428369
C5537,RESIDENCIAL,Pinamar,P02,2025-03-02,,,Sucursal,cliente4536@gmail.com,02254-486485
C5538,Residencial,Pinamar,P01,2025-03-10,,,Vendedor,cliente4537@hotmail.com,02254-457172
C5539,Residencial,Pinamar,P04,2025-03-27,,,Sucursal,cliente4538@gmail.com,+54 2254 491775
C5540,Residencial,Pinamar,P02,2025-03-22,,,Web,cliente4539@hotmail.com,+54 2254 403293
C5541,Residencial,mar de ostende,P01,2025-03-17,,,Web,cliente4540@hotmail.com,2254459312
C5542,Residencial,Cariló,P03,2025-03-07,,,Referido,cliente4541@gmail.com,2254458854
C5543,Residencial,Cariló,P05,2025-03-15,,,Referido,cliente4542@gmail.com,2254485074
C5544,Residencial,Pinamar,P01,2025-03-03,,,Referido,cliente4543@gmail.com,2254414156
C5545,Residencial,Pinamar,P01,2025-04-27,,,Referido,,02254-458340
C5546,Residencial,Valeria del Mar,P01,2025-04-04,,,Sucursal,cliente4545@yahoo.com.ar,+54 2254 488380
C5547,Residencial,Pinamar,P03,2025-04-15,,,Sucursal,cliente4546@gmail.com,02254-424578
C5548,RESIDENCIAL,Cariló,P03,2025-04-22,2025-07-11,Fin de temporada,Web,cliente4547@gmail.com,
C5549,Residencial,Valeria del Mar,P04,2025-04-17,,,Referido,cliente4548@gmail.com,+54 2254 435560
C5550,Residencial,VALERIA DEL MAR,P04,2025-04-25,2025-10-13,Precio,Sucursal,cliente4549@telpin.com.ar,+54 2254 426569
C5551,Comercial,Pinamar,P06,2025-04-12,,,Sucursal,cliente4550@hotmail.com,02254-467815
C5552,Residencial,Valeria del Mar,P03,2025-04-22,,,Web,cliente4551@hotmail.com,
C5553,Comercial,Pinamar,P06,2025-04-24,2025-10-08,Precio,Referido,cliente4552@gmail.com,02254-465344
C5554,Comercial,Pinamar,P06,2025-04-08,,,Sucursal,,02254-480585
C5555,Residencial,Valeria del Mar,P02,2025-04-02,2025-08-03,Disconformidad con el servicio,Telefónico,cliente4554@gmail.com,2254423710
C5556,Residencial,Ostende,P02,2025-04-08,,,Referido,cliente4555@yahoo.com.ar,
C5557,Residencial,Pinamar,P01,2025-04-13,2025-12-17,Competencia,Vendedor,cliente4556@gmail.com,02254-456105
C5558,Residencial,Pinamar,P02,2025-04-25,,,Telefónico,cliente4557@telpin.com.ar,2254432294
C5559,COMERCIAL,Ostende,P06,2025-04-05,,,Sucursal,cliente4558@hotmail.com,+54 2254 408786
C5560,Residencial,Cariló,P03,2025-04-09,,,Web,,+54 2254 411778
C5561,Residencial,Pinamar,P05,2025-04-07,,,Telefónico,cliente4560@gmail.com,02254-490162
C5562,Residencial,Cariló,P01,2025-04-01,2025-10-17,Se muda,Sucursal,cliente4561@telpin.com.ar,
C5563,Residencial,Pinamar,P04,2025-04-14,,,Web,,2254464093
C5564,Residencial,Mar de Ostende,P02,2025-04-24,,,Web,cliente4563@gmail.com,02254-456601
C5565,Residencial,Pinamar,P04,2025-04-06,,,Sucursal,cliente4564@hotmail.com,02254-445291
C5566,Residencial,Ostende,P01,2025-04-23,,,Sucursal,cliente4565@telpin.com.ar,2254449891
C5567,Residencial,Valeria del Mar,P03,2025-04-16,,,Sucursal,cliente4566@gmail.com,+54 2254 488491
C5568,Comercial,Pinamar,P06,2025-04-09,,,Web,cliente4567@hotmail.com,+54 2254 498731
C5569,Residencial,Valeria del Mar,P01,2025-04-01,,,Web,cliente4568@hotmail.com,2254452712
C5570,Comercial,Pinamar,P06,2025-04-17,,,Vendedor,cliente4569@gmail.com,2254471375
C5571,Residencial,Ostende,P01,2025-04-15,,,Sucursal,,+54 2254 464288
C5572,Residencial,Pinamar,P01,2025-04-12,,,Referido,cliente4571@gmail.com,
C5573,Residencial,mar de ostende,P04,2025-04-02,2026-02-23,Fin de temporada,Web,cliente4572@telpin.com.ar,
C5574,RESIDENCIAL,  Pinamar ,P01,2025-04-09,,,Vendedor,cliente4573@hotmail.com,+54 2254 439292
C5575,Residencial,Cariló,P02,2025-04-13,,,Web,cliente4574@gmail.com,+54 2254 409372
C5576,Comercial,Mar de Ostende,P06,2025-04-11,,,Web,cliente4575@hotmail.com,2254435952
C5577,Residencial,Pinamar,P01,2025-04-04,,,Sucursal,cliente4576@hotmail.com,+54 2254 438296
C5578,Residencial,Pinamar,P02,2025-04-09,,,Sucursal,cliente4577@gmail.com,02254-400892
C5579,Residencial,Valeria del Mar,P02,2025-04-02,2026-03-03,Fin de temporada,Sucursal,cliente4578@hotmail.com,
C5580,Comercial,Pinamar,P06,2025-04-23,,,Web,cliente4579@hotmail.com,02254-453881
C5581,Residencial,ostende,P03,2025-04-20,,,Web,,02254-473106
C5582,Comercial,  Ostende ,P06,2025-04-25,,,Referido,cliente4581@hotmail.com,2254409964
C5583,Residencial,PINAMAR,P01,2025-04-20,2026-03-14,Se muda,Telefónico,cliente4582@yahoo.com.ar,02254-465717
C5584,Residencial,Pinamar,P03,2025-04-10,2026-07-02,Sin motivo declarado,Sucursal,cliente4583@hotmail.com,+54 2254 487039
C5585,Residencial,OSTENDE,P02,2025-04-03,,,Web,cliente4584@telpin.com.ar,2254484312
C5586,Residencial,Pinamar,P02,2025-05-11,,,Sucursal,cliente4585@gmail.com,2254460779
C5587,Residencial,Cariló,P03,2025-05-09,,,Telefónico,cliente4586@gmail.com,+54 2254 437524
C5588,Residencial,Pinamar,P03,2025-05-09,,,Telefónico,cliente4587@telpin.com.ar,+54 2254 416621
C5589,Comercial,Valeria del Mar,P06,2025-05-03,,,Sucursal,cliente4588@gmail.com,2254445340
C5590,Residencial,Pinamar,P02,2025-05-13,,,Web,cliente4589@gmail.com,+54 2254 413118
C5591,Residencial,Pinamar,P05,2025-05-02,,,Referido,cliente4590@yahoo.com.ar,+54 2254 478262
C5592,RESIDENCIAL,Valeria del Mar,P02,2025-05-27,,,Sucursal,cliente4591@telpin.com.ar,02254-422215
C5593,Comercial,Pinamar,P06,2025-05-02,,,Referido,cliente4592@telpin.com.ar,+54 2254 451592
C5594,Comercial,PINAMAR,P06,2025-05-17,,,Web,cliente4593@yahoo.com.ar,2254490362
C5595,Residencial,Valeria del Mar,P03,2025-05-07,,,Sucursal,cliente4594@gmail.com,2254497967
C5596,Residencial,Pinamar,P02,2025-05-26,,,Sucursal,cliente4595@gmail.com,+54 2254 434145
C5597,Residencial,Pinamar,P03,2025-05-02,,,Sucursal,cliente4596@hotmail.com,+54 2254 461746
C5598,Residencial,Ostende,P03,2025-05-03,,,Web,cliente4597@gmail.com,2254403320
C5599,Residencial,Valeria del Mar,P02,2025-05-18,,,Vendedor,cliente4598@telpin.com.ar,+54 2254 478093
C5600,Comercial,Pinamar,P06,2025-05-16,,,Referido,cliente4599@gmail.com,2254456197
C5601,Comercial,Cariló,P06,2025-05-03,,,Referido,cliente4600@yahoo.com.ar,+54 2254 420287
C5602,Residencial,Pinamar,P03,2025-05-02,,,Telefónico,cliente4601@hotmail.com,
C5603,Comercial,Pinamar,P06,2025-05-19,,,Web,cliente4602@gmail.com,
C5604,Residencial,general madariaga,P04,2025-05-25,,,Referido,cliente4603@gmail.com,2254478186
C5605,RESIDENCIAL,general madariaga,P01,2025-05-21,,,Web,,+54 2254 450991
C5606,Residencial,Ostende,P03,2025-05-11,,,Sucursal,cliente4605@gmail.com,02254-406847
C5607,COMERCIAL,Valeria del Mar,P06,2025-05-23,,,Telefónico,cliente4606@hotmail.com,02254-487046
C5608,Residencial,pinamar,P04,2025-05-19,,,Telefónico,cliente4607@gmail.com,+54 2254 443075
C5609,Residencial,Valeria del Mar,P03,2025-05-02,2025-07-10,Precio,Sucursal,cliente4608@gmail.com,2254427003
C5610,Residencial,GENERAL MADARIAGA,P05,2025-05-15,,,Vendedor,cliente4609@gmail.com,02254-472955
C5611,Residencial,Pinamar,P03,2025-05-14,,,Sucursal,cliente4610@gmail.com,
C5612,RESIDENCIAL,ostende,P02,2025-05-26,,,Sucursal,cliente4611@hotmail.com,+54 2254 470299
C5613,Residencial,Pinamar,P01,2025-05-17,,,Sucursal,cliente4612@hotmail.com,2254483338
C5614,Residencial,Pinamar,P03,2025-05-12,,,Referido,cliente4613@yahoo.com.ar,+54 2254 487866
C5615,Residencial,General Madariaga,P01,2025-05-23,2026-02-08,Sin motivo declarado,Web,cliente4614@hotmail.com,2254449253
C5616,Residencial,Ostende,P03,2025-05-19,,,Web,,2254423641
C5617,Residencial,ostende,P01,2025-05-22,,,Sucursal,cliente4616@gmail.com,02254-422612
C5618,Residencial,Ostende,P01,2025-05-13,,,Sucursal,cliente4617@gmail.com,02254-403319
C5619,Residencial,Pinamar,P05,2025-06-02,2026-06-26,Sin motivo declarado,Telefónico,cliente4618@hotmail.com,
C5620,Residencial,Valeria del Mar,P02,2025-06-26,,,Sucursal,cliente4619@hotmail.com,2254468111
C5621,Residencial,ostende,P01,2025-06-20,2026-05-23,Competencia,Web,cliente4620@hotmail.com,+54 2254 421356
C5622,Residencial,Pinamar,P04,2025-06-27,,,Web,cliente4621@hotmail.com,2254428890
C5623,Residencial,Pinamar,P02,2025-06-11,,,Sucursal,cliente4622@gmail.com,02254-422409
C5624,Residencial,Pinamar,P02,2025-06-14,,,Sucursal,,02254-490041
C5625,Comercial,Pinamar,P06,2025-06-21,2025-10-01,Competencia,Sucursal,cliente4624@telpin.com.ar,02254-433936
C5626,residencial,General Madariaga,P03,2025-06-10,,,Web,cliente4625@gmail.com,02254-473889
C5627,Comercial,Pinamar,P06,2025-06-22,,,Sucursal,cliente4626@gmail.com,02254-436831
C5628,Residencial,Pinamar,P02,2025-06-25,,,Vendedor,,02254-417627
C5629,Residencial,Ostende,P03,2025-06-11,2026-07-08,Precio,Vendedor,,
C5630,Residencial,Pinamar,P03,2025-06-10,,,Telefónico,cliente4629@gmail.com,02254-416239
C5631,RESIDENCIAL,Cariló,P01,2025-06-06,,,Telefónico,cliente4630@telpin.com.ar,+54 2254 476791
C5632,Residencial,Mar de Ostende,P04,2025-06-16,2026-06-29,Disconformidad con el servicio,Telefónico,,02254-448026
C5633,residencial,Mar de Ostende,P02,2025-06-17,2026-06-29,Se muda,Web,cliente4632@hotmail.com,
C5634,Residencial,Pinamar,P03,2025-06-17,,,Web,cliente4633@hotmail.com,
C5635,Residencial,PINAMAR,P02,2025-06-01,2025-07-10,Se muda,Telefónico,cliente4634@hotmail.com,
C5636,Residencial,Pinamar,P04,2025-06-17,,,Sucursal,cliente4635@gmail.com,2254493503
C5637,Residencial,Pinamar,P04,2025-06-02,,,Referido,cliente4636@gmail.com,02254-413159
C5638,Residencial,Valeria del Mar,P02,2025-06-12,2026-01-25,Fin de temporada,Sucursal,cliente4637@gmail.com,2254483924
C5639,Residencial,Valeria del Mar,P03,2025-06-17,2026-04-25,Falta de pago,Telefónico,cliente4638@hotmail.com,
C5640,Residencial,Pinamar,P02,2025-06-12,,,Sucursal,cliente4639@gmail.com,02254-411120
C5641,Residencial,Cariló,P02,2025-06-12,,,Referido,cliente4640@gmail.com,+54 2254 444722
C5642,Residencial,  Pinamar ,P02,2025-06-27,2026-04-16,Precio,Referido,cliente4641@gmail.com,+54 2254 439074
C5643,Residencial,Mar de Ostende,P02,2025-06-27,,,Sucursal,cliente4642@gmail.com,+54 2254 451602
C5644,Residencial,Pinamar,P01,2025-06-06,2026-01-01,Se muda,Sucursal,cliente4643@gmail.com,02254-411480
C5645,Residencial,Mar de Ostende,P04,2025-06-21,2025-07-17,Falta de pago,Vendedor,cliente4644@yahoo.com.ar,2254498776
C5646,Residencial,Pinamar,P03,2025-06-05,,,Telefónico,cliente4645@hotmail.com,2254453315
C5647,Residencial,Cariló,P02,2025-06-10,2026-01-12,Falta de pago,Sucursal,cliente4646@gmail.com,02254-488076
C5648,Residencial,Pinamar,P01,2025-06-20,,,Sucursal,cliente4647@gmail.com,
C5649,Residencial,Pinamar,P02,2025-06-08,,,Sucursal,cliente4648@gmail.com,2254430598
C5650,Residencial,Valeria del Mar,P03,2025-06-05,,,Telefónico,cliente4649@gmail.com,02254-462312
C5651,Residencial,General Madariaga,P02,2025-06-15,,,Web,cliente4650@hotmail.com,2254466755
C5652,Residencial,Ostende,P03,2025-06-11,2025-12-24,Se muda,Referido,cliente4651@telpin.com.ar,+54 2254 475821
C5653,Residencial,General Madariaga,P04,2025-06-08,,,Web,cliente4652@gmail.com,02254-440238
C5654,Residencial,PINAMAR,P02,2025-06-09,,,Web,cliente4653@hotmail.com,+54 2254 478478
C5655,Residencial,General Madariaga,P02,2025-06-02,,,Sucursal,cliente4654@hotmail.com,+54 2254 483878
C5656,Residencial,Pinamar,P02,2025-06-23,,,Web,cliente4655@gmail.com,2254412271
C5657,Residencial,Pinamar,P03,2025-06-27,,,Web,,+54 2254 401330
C5658,Residencial,Pinamar,P01,2025-06-20,2026-03-26,Competencia,Sucursal,cliente4657@gmail.com,+54 2254 433396
C5659,Residencial,Ostende,P02,2025-06-20,,,Web,cliente4658@hotmail.com,+54 2254 434045
C5660,Comercial,Valeria del Mar,P06,2025-06-07,2026-05-03,Disconformidad con el servicio,Sucursal,cliente4659@gmail.com,02254-471602
C5661,Residencial,Pinamar,P01,2025-06-27,,,Sucursal,,2254433505
C5662,Residencial,Ostende,P01,2025-06-02,,,Sucursal,cliente4661@gmail.com,+54 2254 405685
C5663,Comercial,Pinamar,P06,2025-06-06,,,Telefónico,cliente4662@telpin.com.ar,2254494949
C5664,Residencial,Valeria del Mar,P05,2025-06-19,2026-03-01,Falta de pago,Telefónico,cliente4663@gmail.com,+54 2254 463682
C5665,Residencial,Ostende,P01,2025-06-15,,,Sucursal,cliente4664@gmail.com,2254447709
C5666,Residencial,Cariló,P02,2025-07-14,,,Telefónico,cliente4665@hotmail.com,02254-403418
C5667,Residencial,Mar de Ostende,P02,2025-07-21,,,Sucursal,cliente4666@gmail.com,2254466978
C5668,Comercial,Cariló,P06,2025-07-17,,,Web,cliente4667@hotmail.com,+54 2254 468762
C5669,Residencial,Pinamar,P01,2025-07-24,,,Sucursal,cliente4668@gmail.com,+54 2254 482023
C5670,Residencial,Valeria del Mar,P02,2025-07-16,,,Vendedor,cliente4669@gmail.com,02254-424246
C5671,Residencial,Cariló,P03,2025-07-09,,,Web,cliente4670@yahoo.com.ar,
C5672,Residencial,Cariló,P02,2025-07-02,2025-07-07,Sin motivo declarado,Sucursal,cliente4671@gmail.com,2254473714
C5673,Residencial,Pinamar,P01,2025-07-09,,,Telefónico,cliente4672@telpin.com.ar,+54 2254 410934
C5674,Residencial,Valeria del Mar,P03,2025-07-03,2026-04-08,Fin de temporada,Referido,cliente4673@telpin.com.ar,+54 2254 407006
C5675,Residencial,General Madariaga,P02,2025-07-16,,,Telefónico,cliente4674@gmail.com,
C5676,residencial,Cariló,P04,2025-07-26,,,Telefónico,cliente4675@gmail.com,
C5677,Residencial,Pinamar,P02,2025-07-08,,,Referido,cliente4676@gmail.com,+54 2254 424975
C5678,Residencial,Ostende,P03,2025-07-22,2025-12-29,Competencia,Vendedor,cliente4677@hotmail.com,2254464247
C5679,Residencial,Cariló,P03,2025-07-22,2025-10-05,Competencia,Vendedor,cliente4678@hotmail.com,+54 2254 400001
C5680,Residencial,Valeria del Mar,P01,2025-07-19,,,Sucursal,cliente4679@gmail.com,+54 2254 420814
C5681,Residencial,Pinamar,P02,2025-07-11,,,Referido,cliente4680@hotmail.com,+54 2254 443550
C5682,Comercial,Pinamar,P05,2025-07-04,,,Web,cliente4681@gmail.com,+54 2254 431241
C5683,Residencial,Pinamar,P01,2025-07-12,2026-01-24,Precio,Telefónico,cliente4682@gmail.com,02254-418983
C5684,Residencial,Pinamar,P02,2025-07-19,,,Web,cliente4683@gmail.com,2254432880
C5685,Residencial,Pinamar,P05,2025-07-14,,,Telefónico,cliente4684@gmail.com,+54 2254 408695
C5686,Residencial,General Madariaga,P02,2025-07-17,,,Sucursal,cliente4685@gmail.com,+54 2254 449376
C5687,Residencial,Pinamar,P04,2025-07-21,,,Telefónico,cliente4686@gmail.com,+54 2254 471515
C5688,Residencial,Valeria del Mar,P02,2025-07-21,,,Referido,cliente4687@yahoo.com.ar,2254456653
C5689,residencial,Ostende,P02,2025-07-14,,,Referido,cliente4688@yahoo.com.ar,+54 2254 438400
C5690,Residencial,General Madariaga,P04,2025-07-10,,,Sucursal,cliente4689@telpin.com.ar,2254459251
C5691,Residencial,Pinamar,P02,2025-07-01,,,Sucursal,cliente4690@gmail.com,2254404291
C5692,Residencial,Ostende,P02,2025-07-19,,,Referido,cliente4691@gmail.com,2254473558
C5693,Residencial,Pinamar,P02,2025-07-14,,,Telefónico,cliente4692@gmail.com,2254423252
C5694,Residencial,Valeria del Mar,P03,2025-07-13,2026-05-11,Precio,Web,cliente4693@telpin.com.ar,+54 2254 405257
C5695,Residencial,Pinamar,P03,2025-07-20,,,Referido,cliente4694@gmail.com,
C5696,Residencial,General Madariaga,P02,2025-07-09,,,Telefónico,cliente4695@gmail.com,+54 2254 497575
C5697,Residencial,Pinamar,P02,2025-07-27,,,Web,cliente4696@yahoo.com.ar,2254430693
C5698,Residencial,Pinamar,P03,2025-07-12,,,Sucursal,cliente4697@gmail.com,+54 2254 479057
C5699,Residencial,Cariló,P04,2025-07-15,,,Telefónico,cliente4698@hotmail.com,2254422938
C5700,Residencial,Pinamar,P03,2025-07-22,,,Web,cliente4699@telpin.com.ar,02254-454907
C5701,Residencial,VALERIA DEL MAR,P01,2025-07-23,,,Sucursal,cliente4700@yahoo.com.ar,
C5702,Residencial,Carilo,P02,2025-07-12,,,Sucursal,cliente4701@telpin.com.ar,2254421841
C5703,Residencial,Pinamar,P03,2025-07-01,,,Telefónico,,+54 2254 434795
C5704,Comercial,Pinamar,P06,2025-07-15,,,Vendedor,cliente4703@gmail.com,+54 2254 473371
C5705,Comercial,Cariló,P06,2025-07-24,,,Vendedor,cliente4704@yahoo.com.ar,+54 2254 499871
C5706,Residencial,General Madariaga,P01,2025-07-22,,,Sucursal,cliente4705@gmail.com,
C5707,Comercial,Pinamar,P05,2025-07-11,,,Web,cliente4706@gmail.com,2254446111
C5708,Residencial,Valeria del Mar,P04,2025-07-23,,,Telefónico,cliente4707@telpin.com.ar,+54 2254 402328
C5709,Residencial,Pinamar,P01,2025-07-17,2025-10-13,Precio,Telefónico,cliente4708@gmail.com,02254-496860
C5710,Residencial,Pinamar,P04,2025-07-03,,,Vendedor,cliente4709@telpin.com.ar,02254-482903
C5711,Residencial,General Madariaga,P03,2025-07-17,,,Telefónico,,+54 2254 408550
C5712,Residencial,Cariló,P02,2025-07-02,2026-06-23,Fin de temporada,Vendedor,cliente4711@gmail.com,2254405256
C5713,Residencial,  Ostende ,P02,2025-08-22,,,Sucursal,cliente4712@telpin.com.ar,+54 2254 473720
C5714,Residencial,Pinamar,P02,2025-08-10,,,Telefónico,cliente4713@gmail.com,
C5715,Residencial,Valeria del Mar,P05,2025-08-21,2026-04-16,Disconformidad con el servicio,Telefónico,cliente4714@hotmail.com,02254-446505
C5716,Residencial,Ostende,P04,2025-08-04,,,Vendedor,cliente4715@hotmail.com,2254444521
C5717,Residencial,Pinamar,P04,2025-08-11,,,Sucursal,cliente4716@gmail.com,+54 2254 442593
C5718,Residencial,Pinamar,P03,2025-08-27,,,Telefónico,cliente4717@gmail.com,+54 2254 424746
C5719,Residencial,Mar de Ostende,P01,2025-08-21,2026-03-11,Fin de temporada,Sucursal,cliente4718@yahoo.com.ar,02254-429864
C5720,Residencial,Ostende,P03,2025-08-08,,,Sucursal,cliente4719@gmail.com,2254447925
C5721,Residencial,Pinamar,P02,2025-08-05,,,Telefónico,cliente4720@gmail.com,2254415446
C5722,Residencial,Cariló,P01,2025-08-06,,,Sucursal,cliente4721@hotmail.com,2254454969
C5723,Residencial,Pinamar,P01,2025-08-03,,,Web,cliente4722@telpin.com.ar,2254476705
C5724,Residencial,Pinamar,P05,2025-08-27,,,Sucursal,cliente4723@hotmail.com,+54 2254 423712
C5725,Residencial,Ostende,P02,2025-08-24,,,Web,cliente4724@telpin.com.ar,02254-454107
C5726,Residencial,  General Madariaga ,P01,2025-08-02,,,Sucursal,,
C5727,Comercial,Ostende,P06,2025-08-19,,,Telefónico,cliente4726@gmail.com,2254464167
C5728,Residencial,MAR DE OSTENDE,P01,2025-08-04,,,Vendedor,cliente4727@yahoo.com.ar,+54 2254 431246
C5729,Residencial,Pinamar,P02,2025-08-23,,,Web,cliente4728@hotmail.com,02254-418497
C5730,Residencial,Pinamar,P03,2025-08-27,,,Referido,,
C5731,Residencial,Pinamar,P03,2025-08-02,,,Sucursal,,
C5732,Residencial,Pinamar,P01,2025-08-26,,,Sucursal,cliente4731@gmail.com,02254-454994
C5733,Residencial,Valeria del Mar,P01,2025-08-27,,,Referido,cliente4732@gmail.com,2254411622
C5734,Residencial,Pinamar,P05,2025-08-22,,,Referido,cliente4733@yahoo.com.ar,
C5735,Residencial,Pinamar,P03,2025-08-03,,,Web,cliente4734@yahoo.com.ar,+54 2254 483131
C5736,residencial,Pinamar,P02,2025-08-18,,,Sucursal,cliente4735@hotmail.com,+54 2254 423981
C5737,Residencial,pinamar,P03,2025-08-26,2026-01-08,Disconformidad con el servicio,Web,cliente4736@hotmail.com,02254-444912
C5738,Residencial,Cariló,P02,2025-08-16,,,Sucursal,cliente4737@hotmail.com,02254-426194
C5739,Residencial,Pinamar,P03,2025-08-07,,,Web,cliente4738@gmail.com,
C5740,Residencial,Cariló,P02,2025-08-21,,,Web,,02254-440039
C5741,Residencial,Ostende,P01,2025-08-15,,,Sucursal,cliente4740@gmail.com,02254-426610
C5742,Residencial,Cariló,P01,2025-08-13,,,Sucursal,cliente4741@telpin.com.ar,2254435415
C5743,Residencial,PINAMAR,P02,2025-08-10,,,Web,cliente4742@gmail.com,+54 2254 456044
C5744,Residencial,Pinamar,P03,2025-08-25,,,Vendedor,cliente4743@gmail.com,02254-478505
C5745,residencial,Pinamar,P04,2025-08-03,,,Web,cliente4744@hotmail.com,2254424167
C5746,Residencial,Pinamar,P02,2025-08-26,,,Referido,cliente4745@gmail.com,+54 2254 419929
C5747,Residencial,Ostende,P02,2025-08-01,,,Web,cliente4746@hotmail.com,02254-483402
C5748,Residencial,Pinamar,P01,2025-08-01,,,Sucursal,cliente4747@hotmail.com,
C5749,Residencial,Valeria del Mar,P03,2025-08-03,,,Vendedor,cliente4748@hotmail.com,02254-474232
C5750,Residencial,OSTENDE,P01,2025-08-03,,,Telefónico,cliente4749@telpin.com.ar,2254433145
C5751,Residencial,Ostende,P01,2025-08-27,,,Telefónico,cliente4750@telpin.com.ar,02254-463338
C5752,Residencial,  Mar de Ostende ,P01,2025-08-11,,,Sucursal,cliente4751@hotmail.com,02254-428939
C5753,Comercial,Pinamar,P06,2025-08-15,,,Sucursal,cliente4752@gmail.com,2254442299
C5754,Residencial,  General Madariaga ,P04,2025-08-18,2025-08-03,Competencia,Vendedor,cliente4753@hotmail.com,02254-471609
C5755,Residencial,Pinamar,P03,2025-08-04,,,Telefónico,cliente4754@hotmail.com,02254-434698
C5756,Residencial,Ostende,P04,2025-09-25,,,Sucursal,cliente4755@gmail.com,02254-451290
C5757,Residencial,Valeria del Mar,P02,2025-09-19,,,Telefónico,cliente4756@gmail.com,+54 2254 484717
C5758,Residencial,Pinamar,P03,2025-09-09,,,Vendedor,cliente4757@gmail.com,02254-461913
C5759,Comercial,Cariló,P06,2025-09-23,,,Telefónico,cliente4758@hotmail.com,
C5760,Residencial,Valeria del Mar,P02,2025-09-02,2026-01-21,Falta de pago,Referido,cliente4759@gmail.com,2254470123
C5761,Comercial,Pinamar,P06,2025-09-20,2026-03-18,Competencia,Web,,02254-463039
C5762,Residencial,Pinamar,P03,2025-09-02,,,Telefónico,cliente4761@yahoo.com.ar,+54 2254 418171
C5763,Residencial,Ostende,P01,2025-09-25,2025-10-24,Competencia,Telefónico,cliente4762@telpin.com.ar,+54 2254 402877
C5764,Residencial,Mar de Ostende,P01,2025-09-26,,,Sucursal,cliente4763@gmail.com,2254494198
C5765,Comercial,Pinamar,P06,2025-09-23,,,Sucursal,cliente4764@gmail.com,2254499601
C5766,Residencial,General Madariaga,P05,2025-09-16,,,Telefónico,cliente4765@gmail.com,02254-437792
C5767,Residencial,Pinamar,P01,2025-09-24,2025-10-11,Precio,Sucursal,cliente4766@gmail.com,
C5768,Residencial,Valeria del Mar,P04,2025-09-15,,,Telefónico,cliente4767@gmail.com,+54 2254 416552
C5769,Residencial,PINAMAR,P03,2025-09-11,,,Referido,,2254429352
C5770,Residencial,pinamar,P02,2025-09-22,,,Web,,02254-470067
C5771,Comercial,General Madariaga,P06,2025-09-24,,,Sucursal,cliente4770@telpin.com.ar,+54 2254 429309
C5772,residencial,Pinamar,P02,2025-09-15,,,Sucursal,cliente4771@telpin.com.ar,2254437010
C5773,residencial,Valeria del Mar,P03,2025-09-25,,,Referido,cliente4772@gmail.com,+54 2254 488936
C5774,Comercial,Cariló,P05,2025-09-16,,,Telefónico,cliente4773@gmail.com,+54 2254 434101
C5775,Residencial,ostende,P02,2025-09-23,,,Web,,+54 2254 403729
C5776,Residencial,pinamar,P03,2025-09-09,2025-11-12,Se muda,Vendedor,cliente4775@gmail.com,
C5777,Residencial,Pinamar,P01,2025-09-24,,,Sucursal,cliente4776@gmail.com,+54 2254 478674
C5778,Residencial,Pinamar,P05,2025-09-08,,,Sucursal,cliente4777@telpin.com.ar,2254406985
C5779,Residencial,Pinamar,P05,2025-09-17,,,Telefónico,cliente4778@hotmail.com,02254-425453
C5780,Residencial,  Pinamar ,P02,2025-09-09,,,Sucursal,cliente4779@telpin.com.ar,02254-471942
C5781,Residencial,Ostende,P03,2025-09-02,,,Telefónico,cliente4780@gmail.com,+54 2254 487827
C5782,RESIDENCIAL,Cariló,P01,2025-09-02,2025-10-20,Fin de temporada,Vendedor,cliente4781@gmail.com,2254442910
C5783,residencial,Pinamar,P03,2025-09-01,,,Referido,cliente4782@gmail.com,2254464797
C5784,Residencial,pinamar,P03,2025-09-06,,,Sucursal,cliente4783@gmail.com,+54 2254 461387
C5785,Residencial,Pinamar,P04,2025-09-04,,,Sucursal,cliente4784@hotmail.com,
C5786,RESIDENCIAL,VALERIA DEL MAR,P01,2025-09-14,2026-03-05,Fin de temporada,Sucursal,,+54 2254 466600
C5787,Residencial,Ostende,P02,2025-09-26,,,Sucursal,cliente4786@hotmail.com,+54 2254 492557
C5788,Residencial,Cariló,P02,2025-09-03,,,Sucursal,,2254495464
C5789,RESIDENCIAL,Valeria del Mar,P01,2025-09-10,,,Referido,cliente4788@hotmail.com,2254417227
C5790,Residencial,Mar de Ostende,P01,2025-09-13,,,Sucursal,cliente4789@gmail.com,2254477666
C5791,Residencial,Pinamar,P03,2025-09-18,,,Sucursal,cliente4790@gmail.com,2254482775
C5792,Residencial,Ostende,P01,2025-09-01,2026-05-25,Falta de pago,Vendedor,cliente4791@yahoo.com.ar,2254475698
C5793,Residencial,Pinamar,P01,2025-09-16,,,Web,cliente4792@hotmail.com,+54 2254 446714
C5794,Residencial,Pinamar,P03,2025-09-24,,,Telefónico,cliente4793@hotmail.com,2254497077
C5795,Comercial,Valeria del Mar,P06,2025-09-14,,,Web,cliente4794@yahoo.com.ar,2254419911
C5796,Residencial,Valeria del Mar,P04,2025-09-14,,,Sucursal,cliente4795@telpin.com.ar,2254449001
C5797,Residencial,Cariló,P04,2025-09-18,,,Sucursal,cliente4796@gmail.com,02254-411365
C5798,Residencial,Ostende,P03,2025-09-08,,,Referido,cliente4797@gmail.com,02254-467775
C5799,residencial,Mar de Ostende,P03,2025-09-02,,,Sucursal,cliente4798@gmail.com,2254495479
C5800,Residencial,Ostende,P02,2025-10-26,,,Telefónico,cliente4799@gmail.com,02254-487019
C5801,Comercial,General Madariaga,P06,2025-10-13,,,Referido,cliente4800@gmail.com,02254-445528
C5802,comercial,Pinamar,P06,2025-10-02,,,Sucursal,cliente4801@hotmail.com,
C5803,Residencial,General Madariaga,P02,2025-10-08,,,Referido,cliente4802@telpin.com.ar,+54 2254 430650
C5804,Residencial,Pinamar,P05,2025-10-04,,,Referido,cliente4803@gmail.com,
C5805,Residencial,General Madariaga,P01,2025-10-19,,,Telefónico,cliente4804@gmail.com,02254-440844
C5806,residencial,Pinamar,P05,2025-10-05,,,Sucursal,cliente4805@gmail.com,2254497179
C5807,Residencial,Cariló,P02,2025-10-10,,,Sucursal,,02254-408463
C5808,Residencial,Pinamar,P02,2025-10-27,2026-07-04,Competencia,Vendedor,cliente4807@gmail.com,
C5809,Residencial,Cariló,P03,2025-10-19,,,Vendedor,cliente4808@gmail.com,02254-431198
C5810,Comercial,  Pinamar ,P06,2025-10-18,,,Sucursal,cliente4809@telpin.com.ar,2254417176
C5811,Residencial,ostende,P03,2025-10-02,,,Sucursal,cliente4810@hotmail.com,02254-409374
C5812,Residencial,Pinamar,P02,2025-10-13,2026-04-29,Competencia,Referido,cliente4811@gmail.com,2254400658
C5813,RESIDENCIAL,OSTENDE,P03,2025-10-15,2026-04-11,Se muda,Sucursal,cliente4812@gmail.com,02254-489625
C5814,Residencial,Mar de Ostende,P01,2025-10-16,,,Web,cliente4813@gmail.com,2254487551
C5815,Residencial,Cariló,P01,2025-10-02,,,Sucursal,cliente4814@yahoo.com.ar,+54 2254 420158
C5816,Residencial,Ostende,P03,2025-10-01,,,Web,cliente4815@gmail.com,+54 2254 499539
C5817,Residencial,General Madariaga,P04,2025-10-09,,,Vendedor,cliente4816@gmail.com,02254-426851
C5818,Residencial,Cariló,P03,2025-10-27,,,Web,cliente4817@yahoo.com.ar,02254-472516
C5819,Residencial,Cariló,P03,2025-10-06,,,Sucursal,cliente4818@gmail.com,2254433101
C5820,Residencial,Ostende,P03,2025-10-20,2025-11-25,Disconformidad con el servicio,Telefónico,cliente4819@hotmail.com,2254401421
C5821,Residencial,Ostende,P05,2025-10-11,2026-06-21,Precio,Telefónico,cliente4820@yahoo.com.ar,+54 2254 457752
C5822,Residencial,  Pinamar ,P04,2025-10-17,,,Sucursal,cliente4821@hotmail.com,2254491210
C5823,Residencial,General Madariaga,P01,2025-10-13,,,Telefónico,cliente4822@gmail.com,2254420434
C5824,Residencial,Pinamar,P05,2025-10-11,,,Vendedor,cliente4823@telpin.com.ar,
C5825,Residencial,Valeria del Mar,P02,2025-10-24,,,Web,,02254-435013
C5826,Residencial,Pinamar,P02,2025-10-23,,,Telefónico,cliente4825@hotmail.com,2254457847
C5827,Residencial,General Madariaga,P01,2025-10-15,2026-01-19,Disconformidad con el servicio,Telefónico,cliente4826@telpin.com.ar,+54 2254 492237
C5828,Residencial,Pinamar,P04,2025-10-21,2026-04-25,Competencia,Web,cliente4827@gmail.com,02254-408666
C5829,Residencial,General Madariaga,P01,2025-10-26,,,Vendedor,cliente4828@hotmail.com,+54 2254 415196
C5830,Residencial,Valeria del Mar,P02,2025-10-01,,,Vendedor,cliente4829@gmail.com,02254-412636
C5831,Residencial,Pinamar,P04,2025-10-03,,,Sucursal,cliente4830@gmail.com,+54 2254 405026
C5832,Residencial,Pinamar,P02,2025-10-13,,,Web,cliente4831@hotmail.com,+54 2254 408285
C5833,Residencial,General Madariaga,P03,2025-10-15,,,Telefónico,,02254-423858
C5834,Residencial,General Madariaga,P01,2025-10-21,,,Sucursal,cliente4833@hotmail.com,2254458307
C5835,Residencial,General Madariaga,P03,2025-11-22,,,Vendedor,cliente4834@hotmail.com,02254-441767
C5836,Residencial,Mar de Ostende,P03,2025-11-16,,,Telefónico,cliente4835@hotmail.com,+54 2254 489559
C5837,Comercial,Mar de Ostende,P05,2025-11-16,,,Telefónico,cliente4836@gmail.com,02254-496990
C5838,Residencial,Ostende,P03,2025-11-15,,,Web,cliente4837@yahoo.com.ar,+54 2254 401904
C5839,Residencial,Valeria del Mar,P02,2025-11-15,,,Sucursal,cliente4838@hotmail.com,2254455812
C5840,Residencial,Mar de Ostende,P03,2025-11-10,2026-02-24,Competencia,Sucursal,cliente4839@hotmail.com,02254-442109
C5841,Residencial,CARILÓ,P01,2025-11-24,,,Sucursal,cliente4840@gmail.com,2254483383
C5842,Residencial,Pinamar,P04,2025-11-22,,,Sucursal,cliente4841@telpin.com.ar,
C5843,Residencial,cariló,P04,2025-11-02,,,Referido,cliente4842@hotmail.com,2254466286
C5844,Residencial,Mar de Ostende,P03,2025-11-23,,,Web,cliente4843@hotmail.com,2254439880
C5845,Comercial,Ostende,P06,2025-11-27,,,Vendedor,,2254446711
C5846,Comercial,Pinamar,P05,2025-11-21,,,Referido,cliente4845@hotmail.com,2254494714
C5847,Residencial,Ostende,P01,2025-11-07,,,Telefónico,cliente4846@telpin.com.ar,
C5848,Comercial,Pinamar,P06,2025-11-16,,,Telefónico,cliente4847@hotmail.com,02254-441341
C5849,Residencial,Ostende,P03,2025-11-12,2026-02-27,Sin motivo declarado,Web,cliente4848@telpin.com.ar,02254-489347
C5850,Residencial,Valeria del Mar,P01,2025-11-12,,,Vendedor,cliente4849@hotmail.com,+54 2254 437572
C5851,Residencial,General Madariaga,P05,2025-11-13,,,Web,cliente4850@hotmail.com,02254-436528
C5852,Residencial,Pinamar,P01,2025-11-13,,,Referido,cliente4851@gmail.com,02254-494588
C5853,RESIDENCIAL,Pinamar,P02,2025-11-13,,,Web,cliente4852@gmail.com,2254421239
C5854,Residencial,General Madariaga,P01,2025-11-21,,,Web,cliente4853@yahoo.com.ar,2254433087
C5855,Residencial,Valeria del Mar,P01,2025-11-08,,,Vendedor,cliente4854@gmail.com,
C5856,Residencial,Cariló,P05,2025-11-18,,,Web,cliente4855@hotmail.com,02254-461560
C5857,RESIDENCIAL,Ostende,P03,2025-11-17,,,Sucursal,cliente4856@yahoo.com.ar,2254452952
C5858,Residencial,Pinamar,P02,2025-11-03,,,Sucursal,,2254404971
C5859,Residencial,Pinamar,P01,2025-11-04,,,Vendedor,cliente4858@yahoo.com.ar,2254459781
C5860,Residencial,Pinamar,P01,2025-11-24,,,Sucursal,cliente4859@gmail.com,+54 2254 489008
C5861,Residencial,Pinamar,P02,2025-11-22,,,Referido,cliente4860@hotmail.com,
C5862,Comercial,Mar de Ostende,P06,2025-11-27,,,Web,,2254449671
C5863,residencial,Pinamar,P03,2025-11-21,2026-02-15,Competencia,Sucursal,cliente4862@gmail.com,+54 2254 436990
C5864,Residencial,Pinamar,P01,2025-11-03,,,Web,,02254-439009
C5865,Residencial,Pinamar,P02,2025-11-09,,,Web,cliente4864@telpin.com.ar,02254-459532
C5866,Residencial,Ostende,P02,2025-11-07,,,Referido,cliente4865@telpin.com.ar,02254-409248
C5867,Residencial,Ostende,P01,2025-11-07,,,Vendedor,,2254492327
C5868,Residencial,Ostende,P05,2025-11-15,,,Vendedor,,+54 2254 404929
C5869,residencial,Cariló,P03,2025-11-18,,,Sucursal,cliente4868@gmail.com,2254441645
C5870,Comercial,Ostende,P06,2025-11-14,,,Referido,cliente4869@gmail.com,2254465747
C5871,Residencial,Ostende,P01,2025-11-18,,,Sucursal,cliente4870@gmail.com,+54 2254 451197
C5872,Residencial,Valeria del Mar,P02,2025-11-10,,,Sucursal,cliente4871@gmail.com,02254-450397
C5873,Residencial,Mar de Ostende,P01,2025-11-23,,,Sucursal,cliente4872@gmail.com,2254421794
C5874,Comercial,Ostende,P06,2025-11-10,,,Sucursal,cliente4873@gmail.com,+54 2254 426631
C5875,RESIDENCIAL,Ostende,P02,2025-11-26,,,Sucursal,cliente4874@telpin.com.ar,+54 2254 430439
C5876,Residencial,Ostende,P05,2025-11-26,,,Web,cliente4875@gmail.com,
C5877,residencial,Valeria del Mar,P01,2025-11-06,,,Telefónico,cliente4876@hotmail.com,02254-499873
C5878,Residencial,Pinamar,P01,2025-11-26,,,Web,cliente4877@gmail.com,2254409568
C5879,Residencial,pinamar,P05,2025-11-10,,,Sucursal,cliente4878@gmail.com,
C5880,Residencial,PINAMAR,P01,2025-11-07,,,Web,cliente4879@gmail.com,+54 2254 459082
C5881,Residencial,General Madariaga,P01,2025-11-14,,,Telefónico,cliente4880@gmail.com,+54 2254 432533
C5882,Residencial,Cariló,P03,2025-11-22,,,Sucursal,cliente4881@gmail.com,2254431019
C5883,RESIDENCIAL,Cariló,P01,2025-11-22,,,Sucursal,cliente4882@hotmail.com,02254-438379
C5884,Residencial,General Madariaga,P01,2025-11-24,,,Sucursal,cliente4883@hotmail.com,+54 2254 449020
C5885,Comercial,Pinamar,P06,2025-11-07,,,Sucursal,cliente4884@telpin.com.ar,02254-425811
C5886,Comercial,Pinamar,P06,2025-12-01,,,Sucursal,cliente4885@telpin.com.ar,+54 2254 405884
C5887,Residencial,Ostende,P02,2025-12-05,,,Sucursal,cliente4886@telpin.com.ar,02254-475442
C5888,Residencial,Pinamar,P03,2025-12-07,2026-01-20,Se muda,Telefónico,cliente4887@gmail.com,2254469362
C5889,Residencial,Cariló,P02,2025-12-24,,,Sucursal,cliente4888@gmail.com,2254498521
C5890,Residencial,Valeria del Mar,P03,2025-12-12,,,Vendedor,cliente4889@gmail.com,+54 2254 406128
C5891,Residencial,Pinamar,P03,2025-12-09,,,Telefónico,cliente4890@gmail.com,+54 2254 458311
C5892,Residencial,Cariló,P02,2025-12-06,,,Telefónico,cliente4891@gmail.com,2254490064
C5893,Residencial,Pinamar,P04,2025-12-18,,,Sucursal,cliente4892@gmail.com,2254453557
C5894,Residencial,Valeria del Mar,P02,2025-12-24,,,Telefónico,cliente4893@gmail.com,2254429869
C5895,comercial,General Madariaga,P06,2025-12-25,,,Sucursal,cliente4894@gmail.com,02254-465834
C5896,Residencial,Cariló,P02,2025-12-08,,,Telefónico,cliente4895@gmail.com,02254-461790
C5897,Residencial,General Madariaga,P01,2025-12-09,,,Web,cliente4896@telpin.com.ar,+54 2254 442102
C5898,Residencial,Pinamar,P03,2025-12-03,,,Sucursal,cliente4897@hotmail.com,2254410689
C5899,residencial,Ostende,P01,2025-12-02,,,Sucursal,cliente4898@yahoo.com.ar,+54 2254 467920
C5900,Residencial,Pinamar,P02,2025-12-24,,,Sucursal,cliente4899@gmail.com,2254460699
C5901,Residencial,Pinamar,P02,2025-12-25,,,Vendedor,cliente4900@gmail.com,
C5902,Residencial,Valeria del Mar,P01,2025-12-12,,,Telefónico,cliente4901@hotmail.com,+54 2254 458693
C5903,Residencial,CARILÓ,P01,2025-12-01,2026-04-24,Fin de temporada,Vendedor,cliente4902@hotmail.com,2254463252
C5904,Residencial,General Madariaga,P03,2025-12-04,2026-01-16,Disconformidad con el servicio,Web,cliente4903@hotmail.com,+54 2254 402875
C5905,RESIDENCIAL,  Pinamar ,P03,2025-12-12,,,Sucursal,,02254-425265
C5906,Residencial,Pinamar,P03,2025-12-06,,,Sucursal,cliente4905@gmail.com,2254476636
C5907,Residencial,Valeria del Mar,P02,2025-12-13,2026-04-03,Sin motivo declarado,Sucursal,cliente4906@gmail.com,2254453383
C5908,Residencial,Pinamar,P03,2025-12-17,,,Vendedor,cliente4907@gmail.com,+54 2254 494910
C5909,Residencial,Mar de Ostende,P02,2025-12-01,2026-03-09,Fin de temporada,Telefónico,cliente4908@telpin.com.ar,02254-476043
C5910,Residencial,Pinamar,P03,2025-12-24,,,Telefónico,cliente4909@yahoo.com.ar,02254-431621
C5911,Residencial,  Valeria del Mar ,P04,2025-12-27,,,Referido,cliente4910@hotmail.com,+54 2254 413493
C5912,Residencial,Cariló,P01,2025-12-07,,,Sucursal,,02254-493615
C5913,Comercial,Ostende,P06,2025-12-23,2026-07-07,Precio,Sucursal,cliente4912@telpin.com.ar,2254451637
C5914,Residencial,Pinamar,P04,2025-12-16,,,Vendedor,cliente4913@telpin.com.ar,+54 2254 494448
C5915,Residencial,Ostende,P01,2025-12-19,,,Web,cliente4914@gmail.com,2254486731
C5916,Residencial,Ostende,P04,2025-12-12,,,Web,,2254451255
C5917,Residencial,Mar de Ostende,P02,2025-12-03,,,Telefónico,cliente4916@gmail.com,02254-447585
C5918,Residencial,Valeria del Mar,P03,2025-12-24,2026-01-14,Disconformidad con el servicio,Sucursal,,02254-434868
C5919,Residencial,Ostende,P03,2025-12-25,,,Sucursal,,2254448385
C5920,residencial,Ostende,P04,2025-12-22,,,Vendedor,cliente4919@telpin.com.ar,
C5921,Residencial,Pinamar,P03,2025-12-13,2026-01-05,Precio,Sucursal,cliente4920@telpin.com.ar,+54 2254 426020
C5922,Residencial,Pinamar,P03,2025-12-09,2026-05-07,Competencia,Web,cliente4921@yahoo.com.ar,02254-416970
C5923,Residencial,Ostende,P02,2025-12-22,,,Sucursal,cliente4922@telpin.com.ar,+54 2254 456626
C5924,Residencial,Pinamar,P02,2025-12-07,,,Sucursal,cliente4923@gmail.com,02254-450871
C5925,Comercial,Ostende,P06,2025-12-12,,,Referido,cliente4924@hotmail.com,2254453107
C5926,Residencial,Cariló,P03,2025-12-23,,,Sucursal,cliente4925@hotmail.com,2254487619
C5927,Residencial,Valeria del Mar,P02,2025-12-22,,,Sucursal,cliente4926@gmail.com,2254449794
C5928,RESIDENCIAL,Ostende,P03,2025-12-12,,,Telefónico,cliente4927@hotmail.com,+54 2254 417662
C5929,Comercial,Valeria del Mar,P06,2025-12-19,,,Sucursal,cliente4928@yahoo.com.ar,2254490247
C5930,residencial,PINAMAR,P03,2025-12-01,,,Telefónico,cliente4929@hotmail.com,02254-435686
C5931,RESIDENCIAL,Pinamar,P01,2025-12-21,,,Telefónico,cliente4930@hotmail.com,+54 2254 423204
C5932,Residencial,PINAMAR,P03,2025-12-14,,,Sucursal,cliente4931@gmail.com,+54 2254 401367
C5933,Residencial,Mar de Ostende,P01,2025-12-20,2026-04-15,Fin de temporada,Sucursal,cliente4932@telpin.com.ar,2254412475
C5934,Residencial,Pinamar,P02,2025-12-03,,,Sucursal,,2254414151
C5935,Residencial,General Madariaga,P05,2025-12-01,,,Sucursal,,2254416378
C5936,Residencial,Ostende,P03,2025-12-10,2026-03-14,Sin motivo declarado,Vendedor,,+54 2254 469686
C5937,Comercial,Pinamar,P06,2025-12-15,,,Sucursal,cliente4936@gmail.com,+54 2254 421975
C5938,Residencial,Pinamar,P03,2025-12-05,,,Sucursal,cliente4937@gmail.com,02254-486471
C5939,Comercial,Valeria del Mar,P06,2026-01-19,,,Sucursal,cliente4938@hotmail.com,02254-423916
C5940,Residencial,General Madariaga,P05,2026-01-06,,,Sucursal,,2254491687
C5941,Residencial,Ostende,P02,2026-01-01,,,Sucursal,cliente4940@gmail.com,2254441205
C5942,Residencial,Ostende,P02,2026-01-27,,,Sucursal,,
C5943,RESIDENCIAL,Ostende,P03,2026-01-18,,,Sucursal,cliente4942@gmail.com,2254462009
C5944,RESIDENCIAL,Cariló,P03,2026-01-26,2026-03-23,Disconformidad con el servicio,Referido,cliente4943@hotmail.com,02254-497293
C5945,Residencial,General Madariaga,P03,2026-01-06,,,Web,cliente4944@gmail.com,2254421801
C5946,Residencial,Pinamar,P04,2026-01-13,,,Sucursal,cliente4945@hotmail.com,02254-482586
C5947,Residencial,Pinamar,P03,2026-01-20,,,Telefónico,cliente4946@gmail.com,+54 2254 453318
C5948,Residencial,Mar de Ostende,P02,2026-01-03,,,Vendedor,cliente4947@gmail.com,02254-489986
C5949,Residencial,Pinamar,P05,2026-01-10,,,Web,cliente4948@telpin.com.ar,
C5950,Residencial,Cariló,P01,2026-01-09,,,Sucursal,cliente4949@yahoo.com.ar,02254-499267
C5951,Residencial,Ostende,P02,2026-01-06,,,Vendedor,cliente4950@gmail.com,
C5952,Residencial,Cariló,P02,2026-01-13,,,Web,cliente4951@gmail.com,
C5953,Residencial,Pinamar,P02,2026-01-09,,,Telefónico,cliente4952@hotmail.com,2254458072
C5954,Residencial,Cariló,P01,2026-01-11,,,Vendedor,cliente4953@yahoo.com.ar,02254-480938
C5955,Residencial,Ostende,P01,2026-01-11,,,Telefónico,cliente4954@hotmail.com,+54 2254 476874
C5956,Residencial,General Madariaga,P01,2026-01-03,,,Sucursal,cliente4955@yahoo.com.ar,2254403337
C5957,Residencial,Pinamar,P04,2026-01-11,,,Web,cliente4956@gmail.com,02254-467459
C5958,Residencial,Mar de Ostende,P02,2026-01-17,,,Web,cliente4957@hotmail.com,02254-488151
C5959,Residencial,Ostende,P01,2026-01-10,,,Telefónico,cliente4958@telpin.com.ar,
C5960,Residencial,ostende,P02,2026-01-01,,,Web,cliente4959@gmail.com,2254458903
C5961,Comercial,Pinamar,P06,2026-01-11,,,Web,cliente4960@gmail.com,
C5962,Residencial,Valeria del Mar,P04,2026-01-10,,,Vendedor,,02254-493834
C5963,Residencial,Mar de Ostende,P04,2026-01-14,,,Vendedor,cliente4962@gmail.com,2254490915
C5964,Residencial,Ostende,P02,2026-01-19,,,Vendedor,cliente4963@hotmail.com,02254-490630
C5965,Residencial,Pinamar,P03,2026-01-13,,,Sucursal,cliente4964@gmail.com,+54 2254 436135
C5966,Residencial,General Madariaga,P02,2026-01-19,,,Sucursal,cliente4965@gmail.com,02254-479368
C5967,Residencial,Pinamar,P02,2026-01-24,,,Sucursal,cliente4966@gmail.com,2254441181
C5968,Comercial,Ostende,P05,2026-01-05,,,Sucursal,cliente4967@telpin.com.ar,2254441816
C5969,Residencial,Ostende,P02,2026-01-06,,,Telefónico,cliente4968@hotmail.com,02254-401409
C5970,residencial,  Valeria del Mar ,P01,2026-01-18,,,Sucursal,cliente4969@gmail.com,+54 2254 451518
C5971,residencial,Pinamar,P02,2026-02-05,,,Sucursal,cliente4970@hotmail.com,2254493627
C5972,Residencial,Pinamar,P02,2026-02-17,,,Sucursal,cliente4971@gmail.com,02254-458135
C5973,Residencial,Pinamar,P05,2026-02-17,,,Web,cliente4972@hotmail.com,+54 2254 430429
C5974,Residencial,General Madariaga,P01,2026-02-22,2026-04-25,Se muda,Sucursal,,+54 2254 460525
C5975,Residencial,Mar de Ostende,P02,2026-02-13,,,Telefónico,cliente4974@hotmail.com,02254-489740
C5976,Residencial,Pinamar,P04,2026-02-06,,,Referido,cliente4975@gmail.com,
C5977,Residencial,Mar de Ostende,P05,2026-02-19,,,Web,cliente4976@hotmail.com,2254454627
C5978,RESIDENCIAL,Cariló,P01,2026-02-08,,,Telefónico,,2254477830
C5979,Residencial,Pinamar,P01,2026-02-03,,,Sucursal,cliente4978@gmail.com,2254464459
C5980,Residencial,Ostende,P01,2026-02-23,,,Telefónico,cliente4979@gmail.com,+54 2254 405959
C5981,Residencial,Pinamar,P04,2026-02-25,,,Telefónico,cliente4980@gmail.com,+54 2254 453495
C5982,Residencial,Ostende,P02,2026-02-13,,,Telefónico,,2254419472
C5983,Residencial,Valeria del Mar,P01,2026-02-17,,,Telefónico,cliente4982@gmail.com,2254497751
C5984,Comercial,Valeria del Mar,P06,2026-02-12,,,Web,cliente4983@gmail.com,2254409924
C5985,Residencial,Cariló,P01,2026-02-24,,,Telefónico,cliente4984@gmail.com,2254479119
C5986,Residencial,Pinamar,P04,2026-02-08,,,Telefónico,cliente4985@gmail.com,2254441152
C5987,comercial,Pinamar,P05,2026-02-19,,,Telefónico,cliente4986@gmail.com,02254-495809
C5988,Residencial,Cariló,P03,2026-02-05,,,Telefónico,cliente4987@gmail.com,2254470011
C5989,Residencial,Ostende,P01,2026-02-14,2026-05-07,Se muda,Vendedor,,2254402930
C5990,Residencial,Valeria del Mar,P02,2026-02-17,,,Web,cliente4989@gmail.com,2254420291
C5991,Residencial,Pinamar,P04,2026-02-12,,,Web,cliente4990@telpin.com.ar,2254446000
C5992,Residencial,Cariló,P04,2026-02-08,,,Web,cliente4991@telpin.com.ar,02254-490713
C5993,Residencial,Pinamar,P02,2026-02-02,2026-04-30,Se muda,Referido,cliente4992@gmail.com,02254-465024
C5994,Residencial,Pinamar,P05,2026-02-14,2026-07-14,Falta de pago,Vendedor,cliente4993@hotmail.com,
C5995,Residencial,OSTENDE,P02,2026-02-17,,,Sucursal,cliente4994@hotmail.com,02254-440660
C5996,Residencial,Cariló,P04,2026-02-13,,,Vendedor,cliente4995@gmail.com,+54 2254 408147
C5997,Residencial,Pinamar,P01,2026-02-02,,,Web,cliente4996@gmail.com,+54 2254 454657
C5998,Residencial,Mar de Ostende,P04,2026-02-09,,,Vendedor,cliente4997@telpin.com.ar,02254-477974
C5999,Residencial,Mar de Ostende,P03,2026-02-22,2026-04-10,Disconformidad con el servicio,Web,cliente4998@gmail.com,+54 2254 443609
C6000,Residencial,Valeria del Mar,P04,2026-02-02,,,Sucursal,cliente4999@telpin.com.ar,02254-409213
C6001,Residencial,OSTENDE,P04,2026-02-22,,,Telefónico,cliente5000@hotmail.com,
C6002,Residencial,Mar de Ostende,P01,2026-02-13,2026-05-29,Precio,Telefónico,cliente5001@gmail.com,+54 2254 402466
C6003,Residencial,pinamar,P01,2026-02-21,,,Web,cliente5002@gmail.com,
C6004,Residencial,Cariló,P02,2026-02-26,,,Telefónico,cliente5003@gmail.com,02254-422326
C6005,Residencial,Mar de Ostende,P04,2026-02-23,,,Sucursal,cliente5004@gmail.com,+54 2254 439311
C6006,Residencial,Pinamar,P05,2026-02-18,,,Referido,cliente5005@hotmail.com,02254-490692
C6007,Residencial,Valeria del Mar,P05,2026-02-04,,,Referido,cliente5006@telpin.com.ar,2254499255
C6008,Residencial,mar de ostende,P03,2026-02-26,,,Sucursal,cliente5007@hotmail.com,+54 2254 498499
C6009,Residencial,Pinamar,P04,2026-02-18,,,Sucursal,cliente5008@gmail.com,+54 2254 483040
C6010,Residencial,Ostende,P02,2026-02-21,,,Telefónico,cliente5009@gmail.com,02254-417716
C6011,Residencial,Valeria del Mar,P02,2026-02-09,2026-07-13,Competencia,Sucursal,cliente5010@gmail.com,2254448204
C6012,Comercial,PINAMAR,P06,2026-02-20,,,Referido,cliente5011@hotmail.com,02254-431711
C6013,Residencial,Cariló,P02,2026-02-22,,,Sucursal,cliente5012@hotmail.com,02254-477141
C6014,Residencial,Ostende,P02,2026-02-07,,,Vendedor,cliente5013@gmail.com,2254435865
C6015,Residencial,Pinamar,P02,2026-03-21,2026-06-10,Precio,Web,cliente5014@hotmail.com,02254-473280
C6016,Residencial,Pinamar,P02,2026-03-24,,,Sucursal,cliente5015@gmail.com,02254-490226
C6017,Residencial,Ostende,P05,2026-03-24,,,Vendedor,cliente5016@gmail.com,+54 2254 492629
C6018,Residencial,Ostende,P02,2026-03-25,,,Sucursal,,+54 2254 402188
C6019,Residencial,Pinamar,P01,2026-03-07,,,Vendedor,cliente5018@telpin.com.ar,2254400781
C6020,Residencial,Pinamar,P02,2026-03-01,,,Telefónico,cliente5019@yahoo.com.ar,+54 2254 484044
C6021,Residencial,General Madariaga,P03,2026-03-02,,,Vendedor,cliente5020@telpin.com.ar,+54 2254 416394
C6022,Residencial,Pinamar,P02,2026-03-05,,,Vendedor,cliente5021@gmail.com,02254-415445
C6023,Residencial,OSTENDE,P04,2026-03-23,,,Sucursal,cliente5022@gmail.com,2254416164
C6024,Comercial,PINAMAR,P06,2026-03-15,,,Sucursal,,2254486424
C6025,Residencial,Valeria del Mar,P04,2026-03-22,,,Telefónico,cliente5024@hotmail.com,+54 2254 443182
C6026,Residencial,General Madariaga,P04,2026-03-19,,,Telefónico,cliente5025@hotmail.com,
C6027,Residencial,Valeria del Mar,P01,2026-03-22,,,Referido,cliente5026@hotmail.com,+54 2254 460815
C6028,Residencial,Cariló,P02,2026-03-12,,,Sucursal,cliente5027@gmail.com,+54 2254 497162
C6029,Residencial,Cariló,P02,2026-03-25,,,Telefónico,cliente5028@gmail.com,02254-493341
C6030,Residencial,Valeria del Mar,P02,2026-03-25,2026-05-14,Precio,Web,cliente5029@gmail.com,+54 2254 409462
C6031,Residencial,Pinamar,P03,2026-03-06,2026-03-28,Se muda,Telefónico,cliente5030@gmail.com,+54 2254 491921
C6032,Residencial,Pinamar,P01,2026-03-14,2026-04-13,Precio,Web,cliente5031@gmail.com,2254416878
C6033,Residencial,pinamar,P03,2026-03-02,,,Telefónico,cliente5032@hotmail.com,02254-481596
C6034,Residencial,Mar de Ostende,P02,2026-03-06,,,Sucursal,cliente5033@telpin.com.ar,2254437482
C6035,Comercial,Pinamar,P06,2026-03-01,,,Telefónico,cliente5034@gmail.com,2254452628
C6036,Comercial,Pinamar,P05,2026-03-18,,,Web,cliente5035@gmail.com,
C6037,Residencial,Ostende,P04,2026-03-02,,,Sucursal,cliente5036@gmail.com,2254436562
C6038,Residencial,Pinamar,P04,2026-03-06,,,Sucursal,cliente5037@gmail.com,02254-493890
C6039,Residencial,Pinamar,P02,2026-03-13,,,Sucursal,cliente5038@hotmail.com,2254486032
C6040,Residencial,Valeria del Mar,P02,2026-03-26,,,Telefónico,cliente5039@gmail.com,+54 2254 479155
C6041,Residencial,Ostende,P01,2026-03-20,,,Web,cliente5040@gmail.com,+54 2254 423499
C6042,Residencial,Valeria del Mar,P01,2026-04-06,,,Sucursal,cliente5041@hotmail.com,2254456217
C6043,Residencial,Pinamar,P02,2026-04-25,,,Telefónico,cliente5042@telpin.com.ar,2254451207
C6044,Residencial,Ostende,P01,2026-04-23,,,Sucursal,cliente5043@yahoo.com.ar,2254438337
C6045,residencial,Mar de Ostende,P02,2026-04-27,,,Sucursal,cliente5044@gmail.com,02254-434064
C6046,Comercial,Ostende,P06,2026-04-08,,,Web,cliente5045@gmail.com,02254-498761
C6047,Residencial,Pinamar,P03,2026-04-24,,,Web,cliente5046@hotmail.com,2254431533
C6048,Comercial,Cariló,P06,2026-04-15,,,Web,cliente5047@telpin.com.ar,2254472310
C6049,Residencial,Pinamar,P03,2026-04-27,,,Sucursal,cliente5048@yahoo.com.ar,2254448091
C6050,Residencial,Ostende,P01,2026-04-10,,,Sucursal,cliente5049@gmail.com,2254484918
C6051,Residencial,General Madariaga,P01,2026-04-18,,,Referido,cliente5050@telpin.com.ar,+54 2254 469932
C6052,Residencial,  Pinamar ,P03,2026-04-16,,,Sucursal,cliente5051@gmail.com,
C6053,Residencial,Valeria del Mar,P04,2026-04-21,,,Referido,cliente5052@gmail.com,+54 2254 417409
C6054,Residencial,Ostende,P05,2026-04-27,,,Sucursal,cliente5053@gmail.com,
C6055,Residencial,Cariló,P04,2026-04-26,,,Sucursal,cliente5054@yahoo.com.ar,+54 2254 463694
C6056,Comercial,Pinamar,P06,2026-04-02,,,Sucursal,cliente5055@gmail.com,+54 2254 468317
C6057,Residencial,Valeria del Mar,P02,2026-04-06,,,Sucursal,cliente5056@hotmail.com,2254455280
C6058,RESIDENCIAL,pinamar,P01,2026-04-27,,,Sucursal,cliente5057@hotmail.com,2254471390
C6059,Residencial,  Mar de Ostende ,P05,2026-04-14,,,Vendedor,cliente5058@gmail.com,+54 2254 424925
C6060,Residencial,Ostende,P01,2026-04-03,,,Telefónico,cliente5059@yahoo.com.ar,2254439511
C6061,Residencial,Pinamar,P02,2026-04-08,,,Vendedor,cliente5060@telpin.com.ar,
C6062,Comercial,Valeria del Mar,P06,2026-04-10,,,Sucursal,cliente5061@hotmail.com,+54 2254 406412
C6063,RESIDENCIAL,General Madariaga,P03,2026-04-26,,,Referido,cliente5062@telpin.com.ar,
C6064,Residencial,Mar de Ostende,P01,2026-04-25,,,Sucursal,cliente5063@hotmail.com,02254-401591
C6065,Residencial,Valeria del Mar,P02,2026-04-10,2026-04-01,Sin motivo declarado,Web,cliente5064@hotmail.com,2254484907
C6066,Residencial,Mar de Ostende,P03,2026-04-18,,,Telefónico,,02254-403812
C6067,Residencial,Ostende,P02,2026-04-08,,,Sucursal,cliente5066@hotmail.com,02254-444730
C6068,Residencial,General Madariaga,P01,2026-04-18,,,Vendedor,cliente5067@gmail.com,02254-422031
C6069,Residencial,  Pinamar ,P02,2026-04-04,,,Sucursal,cliente5068@gmail.com,+54 2254 457498
C6070,Residencial,General Madariaga,P02,2026-04-03,,,Sucursal,cliente5069@gmail.com,
C6071,Residencial,Valeria del Mar,P02,2026-04-02,,,Sucursal,cliente5070@telpin.com.ar,02254-486865
C6072,Residencial,Ostende,P04,2026-04-23,,,Sucursal,cliente5071@hotmail.com,2254459521
C6073,Residencial,Pinamar,P03,2026-04-03,,,Referido,cliente5072@hotmail.com,+54 2254 466791
C6074,Residencial,Mar de Ostende,P03,2026-04-13,,,Telefónico,cliente5073@gmail.com,+54 2254 401773
C6075,Residencial,Ostende,P01,2026-04-04,2026-06-17,Se muda,Web,cliente5074@yahoo.com.ar,02254-468542
C6076,Comercial,  General Madariaga ,P06,2026-04-09,,,Web,cliente5075@gmail.com,02254-444938
C6077,Residencial,Pinamar,P02,2026-04-18,,,Referido,cliente5076@gmail.com,+54 2254 436211
C6078,Residencial,Pinamar,P01,2026-04-24,,,Sucursal,,2254412684
C6079,Residencial,General Madariaga,P04,2026-04-16,,,Telefónico,,+54 2254 494500
C6080,Comercial,Mar de Ostende,P05,2026-04-05,,,Referido,cliente5079@hotmail.com,2254429754
C6081,residencial,General Madariaga,P04,2026-04-09,,,Web,cliente5080@hotmail.com,+54 2254 453130
C6082,Residencial,Cariló,P03,2026-04-14,,,Sucursal,cliente5081@gmail.com,02254-430261
C6083,Residencial,Cariló,P04,2026-04-12,,,Sucursal,,02254-412663
C6084,Residencial,Ostende,P02,2026-04-21,,,Web,cliente5083@telpin.com.ar,
C6085,residencial,Valeria del Mar,P02,2026-04-11,,,Web,cliente5084@yahoo.com.ar,
C6086,Residencial,Mar de Ostende,P05,2026-04-13,,,Sucursal,cliente5085@hotmail.com,02254-428697
C6087,Residencial,Pinamar,P02,2026-04-03,,,Web,cliente5086@gmail.com,
C6088,Residencial,  Mar de Ostende ,P02,2026-04-19,,,Web,cliente5087@gmail.com,+54 2254 483435
C6089,Residencial,Valeria del Mar,P02,2026-04-03,,,Referido,cliente5088@yahoo.com.ar,+54 2254 448266
C6090,Residencial,Cariló,P03,2026-04-10,,,Sucursal,cliente5089@gmail.com,+54 2254 452892
C6091,residencial,Cariló,P04,2026-05-22,,,Vendedor,cliente5090@hotmail.com,2254461593
C6092,Residencial,Mar de Ostende,P01,2026-05-18,,,Sucursal,cliente5091@telpin.com.ar,2254481898
C6093,Residencial,Pinamar,P02,2026-05-08,,,Web,cliente5092@gmail.com,+54 2254 464401
C6094,Residencial,Pinamar,P03,2026-05-06,,,Sucursal,cliente5093@gmail.com,02254-456081
C6095,Residencial,PINAMAR,P05,2026-05-21,,,Web,cliente5094@gmail.com,+54 2254 442707
C6096,Residencial,General Madariaga,P03,2026-05-22,,,Web,cliente5095@telpin.com.ar,
C6097,Residencial,ostende,P02,2026-05-21,2026-05-10,Disconformidad con el servicio,Vendedor,cliente5096@hotmail.com,+54 2254 453710
C6098,Residencial,Pinamar,P01,2026-05-15,,,Web,cliente5097@hotmail.com,
C6099,Residencial,  Ostende ,P02,2026-05-06,,,Referido,cliente5098@hotmail.com,2254492868
C6100,Residencial,Pinamar,P04,2026-05-23,2026-07-19,Disconformidad con el servicio,Sucursal,cliente5099@gmail.com,2254412624
C6101,Residencial,Pinamar,P01,2026-05-16,,,Telefónico,cliente5100@hotmail.com,2254472896
C6102,residencial,Pinamar,P05,2026-05-15,,,Sucursal,,02254-499859
C6103,Residencial,Mar de Ostende,P04,2026-05-07,,,Vendedor,cliente5102@gmail.com,+54 2254 480512
C6104,Comercial,Pinamar,P06,2026-05-03,,,Web,cliente5103@hotmail.com,2254413211
C6105,Residencial,Mar de Ostende,P05,2026-05-16,,,Vendedor,cliente5104@hotmail.com,
C6106,Residencial,Ostende,P02,2026-05-15,,,Web,cliente5105@gmail.com,02254-427702
C6107,Residencial,Pinamar,P01,2026-05-26,,,Telefónico,cliente5106@hotmail.com,02254-407592
C6108,Residencial,Mar de Ostende,P02,2026-05-12,,,Vendedor,cliente5107@gmail.com,+54 2254 447028
C6109,Residencial,Mar de Ostende,P02,2026-05-13,,,Telefónico,cliente5108@gmail.com,+54 2254 490101
C6110,Residencial,Pinamar,P02,2026-05-22,,,Referido,cliente5109@gmail.com,+54 2254 471639
C6111,Residencial,General Madariaga,P01,2026-05-23,,,Referido,cliente5110@telpin.com.ar,02254-415838
C6112,Residencial,General Madariaga,P01,2026-05-13,,,Telefónico,cliente5111@gmail.com,+54 2254 445708
C6113,Residencial,Pinamar,P01,2026-05-01,,,Telefónico,cliente5112@hotmail.com,2254475046
C6114,Residencial,Mar de Ostende,P01,2026-05-10,,,Referido,cliente5113@gmail.com,+54 2254 479700
C6115,Residencial,Pinamar,P05,2026-05-06,,,Web,cliente5114@yahoo.com.ar,+54 2254 412841
C6116,Residencial,Ostende,P02,2026-05-17,,,Vendedor,cliente5115@telpin.com.ar,02254-483112
C6117,Residencial,Pinamar,P02,2026-05-27,,,Referido,cliente5116@gmail.com,+54 2254 403299
C6118,Residencial,Pinamar,P04,2026-05-07,,,Sucursal,cliente5117@gmail.com,+54 2254 472513
C6119,Residencial,Valeria del Mar,P03,2026-05-19,,,Web,cliente5118@gmail.com,2254493638
C6120,Residencial,Mar de Ostende,P02,2026-05-01,,,Telefónico,cliente5119@gmail.com,2254440496
C6121,Residencial,Pinamar,P03,2026-05-27,,,Web,cliente5120@gmail.com,02254-493977
C6122,Residencial,  Pinamar ,P03,2026-05-15,,,Sucursal,cliente5121@hotmail.com,02254-425040
C6123,Residencial,Pinamar,P02,2026-05-21,,,Sucursal,cliente5122@hotmail.com,02254-467680
C6124,Comercial,pinamar,P06,2026-05-07,,,Web,,02254-486616
C6125,Residencial,Ostende,P03,2026-05-05,,,Web,cliente5124@hotmail.com,02254-440945
C6126,Residencial,PINAMAR,P04,2026-05-20,,,Telefónico,cliente5125@hotmail.com,2254428272
C6127,Residencial,VALERIA DEL MAR,P03,2026-05-24,,,Telefónico,cliente5126@gmail.com,02254-448468
C6128,Residencial,MAR DE OSTENDE,P04,2026-05-15,,,Sucursal,,2254414900
C6129,Residencial,Cariló,P03,2026-05-15,,,Telefónico,,02254-492384
C6130,Residencial,Valeria del Mar,P01,2026-05-09,,,Sucursal,cliente5129@hotmail.com,
C6131,Residencial,Pinamar,P04,2026-05-08,,,Web,,+54 2254 435259
C6132,Residencial,PINAMAR,P03,2026-06-12,,,Sucursal,cliente5131@hotmail.com,02254-406432
C6133,Comercial,CARILÓ,P06,2026-06-19,,,Web,cliente5132@gmail.com,
C6134,Residencial,Mar de Ostende,P03,2026-06-01,,,Web,cliente5133@gmail.com,2254477434
C6135,Residencial,  Pinamar ,P01,2026-06-07,,,Sucursal,cliente5134@gmail.com,+54 2254 446202
C6136,Residencial,General Madariaga,P01,2026-06-23,,,Web,cliente5135@gmail.com,02254-468333
C6137,Residencial,PINAMAR,P02,2026-06-09,,,Sucursal,cliente5136@hotmail.com,2254469572
C6138,Residencial,Pinamar,P02,2026-06-19,,,Vendedor,cliente5137@hotmail.com,+54 2254 481020
C6139,Residencial,Cariló,P02,2026-06-08,,,Web,cliente5138@gmail.com,+54 2254 476919
C6140,residencial,  Ostende ,P03,2026-06-08,,,Referido,cliente5139@gmail.com,
C6141,Residencial,Valeria del Mar,P03,2026-06-08,,,Telefónico,cliente5140@gmail.com,02254-481433
C6142,Residencial,Pinamar,P05,2026-06-22,,,Sucursal,cliente5141@hotmail.com,+54 2254 429682
C6143,Residencial,Pinamar,P02,2026-06-02,,,Referido,cliente5142@gmail.com,2254491657
C6144,residencial,Ostende,P02,2026-06-13,,,Sucursal,cliente5143@hotmail.com,
C6145,Residencial,Mar de Ostende,P03,2026-06-16,,,Sucursal,cliente5144@gmail.com,2254433476
C6146,Residencial,Valeria del Mar,P01,2026-06-14,2026-06-20,Sin motivo declarado,Web,cliente5145@yahoo.com.ar,2254491836
C6147,Residencial,mar de ostende,P02,2026-06-22,,,Sucursal,cliente5146@telpin.com.ar,
C6148,residencial,Ostende,P03,2026-06-21,,,Vendedor,cliente5147@gmail.com,+54 2254 411692
C6149,Residencial,Pinamar,P01,2026-06-02,,,Sucursal,cliente5148@hotmail.com,02254-498438
C6150,Residencial,pinamar,P03,2026-06-15,,,Sucursal,,02254-469966
C6151,Residencial,Pinamar,P02,2026-06-17,,,Sucursal,cliente5150@gmail.com,02254-449078
C6152,Residencial,GENERAL MADARIAGA,P01,2026-06-09,,,Web,cliente5151@gmail.com,02254-478435
C6153,Residencial,Pinamar,P03,2026-06-11,,,Telefónico,cliente5152@gmail.com,+54 2254 410589
C6154,Residencial,Pinamar,P04,2026-06-11,,,Vendedor,,02254-432066
C6155,RESIDENCIAL,Pinamar,P04,2026-06-26,,,Referido,cliente5154@telpin.com.ar,
C6156,Residencial,Ostende,P01,2026-06-11,,,Sucursal,cliente5155@hotmail.com,02254-479943
C6157,Residencial,Pinamar,P04,2026-06-11,,,Web,cliente5156@hotmail.com,
C6158,Residencial,  Ostende ,P02,2026-06-01,,,Vendedor,,+54 2254 437698
C6159,Residencial,Pinamar,P02,2026-06-06,,,Web,cliente5158@hotmail.com,02254-457779
C6160,Residencial,Ostende,P04,2026-06-07,,,Sucursal,cliente5159@telpin.com.ar,02254-422330
C6161,Residencial,Cariló,P05,2026-06-24,,,Vendedor,cliente5160@gmail.com,2254476215
C6162,Residencial,Mar de Ostende,P03,2026-06-14,,,Telefónico,cliente5161@gmail.com,+54 2254 427148
C6163,Residencial,General Madariaga,P02,2026-06-07,,,Web,cliente5162@hotmail.com,02254-498149
C6164,Residencial,Ostende,P03,2026-06-13,,,Sucursal,cliente5163@gmail.com,2254409269
C6165,Residencial,Pinamar,P03,2026-07-14,,,Sucursal,cliente5164@hotmail.com,2254447775
C6166,Residencial,Pinamar,P04,2026-07-11,,,Web,cliente5165@hotmail.com,02254-401903
C6167,Residencial,Cariló,P03,2026-07-19,,,Vendedor,,2254455790
C6168,Residencial,ostende,P02,2026-07-24,,,Referido,cliente5167@hotmail.com,
C6169,Residencial,Ostende,P01,2026-07-27,,,Sucursal,,2254443230
C6170,Residencial,Cariló,P01,2026-07-25,,,Web,cliente5169@hotmail.com,+54 2254 450130
C6171,Residencial,Pinamar,P01,2026-07-24,,,Sucursal,cliente5170@gmail.com,02254-493008
C6172,Residencial,Valeria del Mar,P04,2026-07-07,,,Sucursal,cliente5171@gmail.com,+54 2254 438133
C6173,Residencial,General Madariaga,P02,2026-07-27,,,Sucursal,cliente5172@hotmail.com,
C6174,Residencial,Pinamar,P03,2026-07-14,,,Telefónico,cliente5173@telpin.com.ar,+54 2254 474833
C6175,Residencial,Ostende,P02,2026-07-07,,,Web,cliente5174@telpin.com.ar,2254441614
C6176,Residencial,GENERAL MADARIAGA,P01,2026-07-03,,,Web,cliente5175@hotmail.com,02254-460408
C6177,Residencial,Cariló,P03,2026-07-10,,,Sucursal,cliente5176@telpin.com.ar,+54 2254 488254
C6178,Residencial,Pinamar,P04,2026-07-20,,,Sucursal,cliente5177@gmail.com,+54 2254 489523
C6179,Residencial,Pinamar,P01,2026-07-12,,,Telefónico,cliente5178@yahoo.com.ar,02254-443781
C6180,Residencial,Pinamar,P05,2026-07-15,,,Vendedor,cliente5179@gmail.com,2254430748
C6181,Residencial,Pinamar,P03,2026-07-17,,,Referido,cliente5180@hotmail.com,02254-471376
C6182,Residencial,Mar de Ostende,P02,2026-07-20,,,Sucursal,cliente5181@hotmail.com,2254458866
C6183,Residencial,Pinamar,P02,2026-07-14,,,Sucursal,cliente5182@gmail.com,02254-438685
C6184,Residencial,Pinamar,P01,2026-07-23,,,Vendedor,cliente5183@gmail.com,
C6185,Residencial,Ostende,P02,2026-07-26,,,Sucursal,cliente5184@gmail.com,+54 2254 435856
C6186,Residencial,Pinamar,P03,2026-07-12,,,Referido,cliente5185@telpin.com.ar,2254441267
C6187,Residencial,Valeria del Mar,P01,2026-07-06,,,Referido,cliente5186@hotmail.com,+54 2254 470075
C6188,Residencial,Pinamar,P03,2026-07-09,,,Telefónico,,
C6189,Residencial,Pinamar,P03,2026-07-14,,,Web,cliente5188@hotmail.com,+54 2254 483535
C6190,Residencial,Pinamar,P02,2026-07-16,,,Telefónico,cliente5189@gmail.com,2254439674
C6191,Residencial,Pinamar,P03,2026-07-10,,,Sucursal,,02254-484982
C6192,Residencial,pinamar,P04,2026-07-25,,,Telefónico,,2254423516
C6193,Residencial,General Madariaga,P03,2026-07-17,,,Sucursal,cliente5192@gmail.com,+54 2254 478931
C6194,Residencial,General Madariaga,P04,2026-07-09,2026-07-12,Competencia,Vendedor,cliente5193@hotmail.com,
C6195,Comercial,Pinamar,P05,2026-07-14,,,Sucursal,cliente5194@telpin.com.ar,02254-496554
C6196,Residencial,Valeria del Mar,P01,2026-07-14,,,Referido,cliente5195@gmail.com,+54 2254 463625
C6197,Residencial,Pinamar,P01,2026-07-19,,,Web,cliente5196@telpin.com.ar,2254469597
C6198,Comercial,Pinamar,P06,2026-07-01,,,Sucursal,cliente5197@hotmail.com,+54 2254 491542
C6199,Residencial,Valeria del Mar,P02,2026-07-24,,,Sucursal,cliente5198@hotmail.com,02254-439746
C6200,Residencial,Pinamar,P03,2026-07-15,,,Vendedor,cliente5199@hotmail.com,2254407815
C6201,Residencial,Pinamar,P02,2026-07-10,,,Telefónico,,2254428285
C6202,Residencial,Pinamar,P04,2026-07-20,,,Telefónico,cliente5201@telpin.com.ar,
C6203,COMERCIAL,Valeria del Mar,P05,2026-07-01,,,Sucursal,cliente5202@gmail.com,2254434106
C6204,Residencial,OSTENDE,P02,2026-07-05,,,Telefónico,cliente5203@hotmail.com,02254-416581
C6205,Residencial,Ostende,P03,2026-07-21,,,Telefónico,cliente5204@hotmail.com,+54 2254 487006
C6206,comercial,Pinamar,P06,2026-07-14,,,Web,cliente5205@yahoo.com.ar,
C6207,Residencial,Pinamar,P04,2026-07-20,,,Sucursal,cliente5206@hotmail.com,+54 2254 419475
C6208,Residencial,GENERAL MADARIAGA,P03,2026-07-01,,,Sucursal,cliente5207@hotmail.com,02254-450365
C6209,Residencial,Valeria del Mar,P02,2026-07-11,,,Sucursal,cliente5208@gmail.com,+54 2254 458171
C6210,Residencial,Pinamar,P03,2026-07-23,,,Web,cliente5209@hotmail.com,2254426199
C6211,Comercial,Pinamar,P05,2026-07-11,,,Referido,cliente5210@gmail.com,+54 2254 452338
C6212,Comercial,Valeria del Mar,P06,2026-07-23,2026-07-20,Precio,Referido,cliente5211@hotmail.com,
C6213,residencial,Pinamar,P05,2026-07-08,,,Telefónico,cliente5212@hotmail.com,+54 2254 457501
C6214,comercial,OSTENDE,P06,2026-07-26,,,Sucursal,cliente5213@gmail.com,2254494469
C6215,Residencial,Mar de Ostende,P02,2026-07-01,,,Web,cliente5214@hotmail.com,02254-419797
